Name,Predicted_class
s1cc(nc1[NH]=C(N)N)C,1.0
s1c(ncc1)CCN,1.0
S=C2NCCC(COc1ccccc1)O2,1.0
S=P(N1CC1)(N2CC2)N3CC3,1.0
s1cc(CSCCNC(NC)=[NH]C#N)nc1[NH]=C(N)N,1.0
S=C1O[C@@H](COc2ccccc2)CCN1,1.0
S=C1NC(=O)C(CC=C)([C@H]2C=CCCC2)C(=O)N1,0.0
S=C1NC(=O)C([C@@H](CCC)C)(CC=C)C(=O)N1,1.0
S=C1NC(=O)C([C@@H](CCC)CC)(CC)C(=O)N1,0.0
S=C1N(CC=C)C(=O)[C@H](CC(C)C)N1,1.0
S=C1NC(=O)C([C@@H](CCC)C)(CC)C(=O)N1,0.0
S(CCNCNC)Cc1c(C)[nH]cn1.N#CN,1.0
S(CCN[C@H](NC#N)NC)Cc1nc(N[C-]([N+H3])N)sc1,1.0
S(SC[C@H]1OCCC1)/C(=C(/N(C=O)Cc1c(N)nc(C)nc1)\C)/CCO,1.0
S(CCN[C@@H](NC)C[N+](=O)[O-])Cc1oc(CN(C)C)cc1,0.0
S(CCNC=N)C1=C(C(=O)O)N2C(=O)[C@H]([C@H](O)C)[C@H]2C1,0.0
S(CCN[C@@H](NC#N)NC)Cc1nc(N[C-]([N+H3])N)sc1,1.0
S(CCC1([C@H](CCC)C)C(=O)NC(=S)NC1=O)C,0.0
S(CCNC1=NCC(Cc2cnc(C)cc2)=CN1)Cc1oc(CN(C)C)cc1,1.0
SCC(=O)[C@@]1(O)[C@@]2(C)[C@H]([C@H]3[C@H]([C@H](O)C2)[C@]2(C)C(=CC(=O)CC2)CC3)CC1,0.0
S(CC1=C(C(=O)O)N2C(=O)[C@H](NC(=O)Cn3nnnc3)[C@@H]2SC1)c1sc(C)nn1,1.0
S(CC1=C(C(=O)O)N2C(=O)[C@H](NC(=O)[C@H](O)c3ccccc3)[C@H]2SC1)c1n(C)nnn1,0.0
S(CC1=C(C(=O)O)N2C(=O)[C@H](NC(=O)[C@@H](N)c3ccc(O)cc3)[C@@H]2SC1)c1sc(C)nn1,1.0
S(CC1=C(C(=O)O)N2C(=O)[C@H](NC(=O)/C(=N/OC)/c3nc(N)sc3)[C@H]2SC1)c1n(C)nnn1,0.0
S(CC1=C(C(=O)O)N2C(=O)[C@H](NC(=O)/C(=N/OC)/c3nc(N)sc3)[C@H]2SC1)c1sc(CC(=O)O)c(C)n1,0.0
S(CC1=C(C(=O)O)N2C(=O)[C@H](NC(=O)/C(=N/OC)/c3nc(N)sc3)[C@@H]2SC1)c1snnc1,0.0
S(CC1=C(C(=O)O)N2C(=O)[C@H](NC(=O)/C(=N/OC)/c3nc(N)sc3)[C@H]2SC1)C=1N(C)NC(=O)C(=O)N=1,0.0
S(CC1=C(C(=O)OCC2=C(C)OC(=O)O2)N2C(=O)[C@@H](NC(=O)[C@H](OC(=O)[C@@H](N)C)c3ccccc3)[C@H]2SC1)c1sc(C)nn1,0.0
S(CC1=C(C(=O)O)N2C(=O)[C@@H](NC(=O)Cc3sccc3)[C@@H]2SC1)C1=NCNN1,0.0
S(CC1=C(C(=O)O)N2C(=O)[C@](OC)(NC(=O)C3S/C(=C(/C(=O)O)\C#N)/S3)[C@H]2SC1)c1n(C)nnn1,0.0
S(CC1=C(C(=O)O)N2C(=O)[C@@H](NC(=O)Cn3nnnc3)[C@@H]2SC1)c1scnn1,1.0
S(CC1=C(C(=O)O)N2C(=O)[C@H](NC(=O)[C@@H](NC(=O)N3C(=O)C(=O)N(CC)CC3)c3ccc(O)cc3)[C@H]2SC1)c1n(C)nnn1,0.0
S(CC1=C(C(=O)O)N2C(=O)[C@@H](NC(=O)Cc3nc(N)sc3)[C@@H]2SC1)c1n(CCN(C)C)nnn1,1.0
S(CC[C@@H](NC(=O)C)C(=O)Oc1ccc(NC(=O)C)cc1)C,0.0
S(CC1=C(C(=O)O)N2C(=O)[C@@H](NC(=O)[C@H](N)c3ccc(O)cc3)[C@@H]2SC1)c1nn[nH]c1,0.0
S(CC1=C(C(=O)O)N2C(=O)[C@@H](NC(=O)Cc3c(CN)cccc3)[C@@H]2SC1)c1n(CC(=O)O)nnn1,0.0
S(CC1=C(C(=O)O)N2C(=O)[C@@H](NC(=O)[C@@H](O)c3ccccc3)[C@H]2SC1)c1sc(C)nn1,1.0
S(CC1=C(C(=O)O)N2C(=O)[C@@](OC)(NC(=O)[C@@H](C(=O)O)c3ccc(O)cc3)[C@@H]2OC1)c1n(C)nnn1,0.0
S(CC(=O)N[C@@H]1C(=O)N2[C@H](C(=O)O)C(C)(C)S[C@@H]12)CC=C,0.0
S(CC(=O)N[C@H]1C(=O)N2[C@H](C(=O)O)C(C)(C)S[C@H]12)c1ccccc1,0.0
S(CC(=O)N[C@@H]1C(=O)N2C(C(=O)O)=C(COC(=O)C)CS[C@H]12)c1ccncc1,1.0
S(CC#N)CC(=O)N[C@]1(OC)C(=O)N2C(C(=O)O)=C(CSc3n(C)nnn3)CS[C@@H]12,1.0
S(S/C(=C(/N(C=O)Cc1c(N)nc(C)nc1)\C)/CCOC(=O)c1ccccc1)/C(=C(/N(C=O)Cc1c(N)nc(C)nc1)\C)/CCOC(=O)c1ccccc1,1.0
S(CC)[C@]1(SC)[C@@]2(C)[C@@H]([C@@H]3[C@@](F)([C@@H](O)C2)[C@@]2(C)C(=CC(=O)C=C2)CC3)CC1,0.0
S(C[C@H]1CN(CCC)[C@H]2[C@@H](c3c4c([nH]cc4C2)ccc3)C1)C,1.0
S(C[C@H](N)C(=O)O)CC(=O)N[C@@]1(OC)C(=O)N2C(C(=O)O)=C(CSc3n(C)nnn3)CS[C@H]12,1.0
S(C)c1ccc(CC(=O)N2[C@@H](CN3C[C@H](O)CC3)CN(C(=O)C)CC2)cc1,1.0
S(C[C@@H]1C=C2[C@@H](N(C)C1)Cc1c3c([nH]c1)cccc23)c1ncccc1,1.0
S(C)c1cc2N(C[C@H](CN(C)C)C)c3c(Sc2cc1)cccc3,1.0
S(C)c1cc2N(CC[C@H]3NCCCC3)c3c(Sc2cc1)cccc3,1.0
S(C)c1cc2N(CC[C@H]3N(C)CCCC3)c3c(Sc2cc1)cccc3,1.0
S(CC1=C(C(=O)O)N2C(=O)[C@@H](NC(=O)[C@H](NC(=O)c3c(O)cc(C)nc3)c3ccc(O)cc3)[C@@H]2SC1)c1n(C)nnn1,0.0
S(C[C@H](NC(=O)c1c(C)c(O)ccc1)[C@H](O)CN1[C@H](C(=O)NC(C)C)C[C@H]2[C@@H](C1)CCCC2)c1ccccc1,1.0
S(C)[C@H]1[C@@H](O)[C@H](O)[C@@H](O)[C@H]([C@H](NC(=O)[C@@H]2N(C)C[C@@H](CCC)C2)[C@@H](O)C)O1,0.0
S(C)c1cc2[C@@H](N3CCN(C)CC3)Cc3c(Sc2cc1)cccc3,1.0
S(C(CNc1c([N+](=O)[O-])cc[nH]1)(C)C)C(C)(C)c1nc(C)c(C)c(C)c1,0.0
S(C(=O)OCC)/C(=C(/N(C=O)Cc1c(N)nc(C)nc1)\C)/CCOC(=O)OCC,1.0
S(C[C@@H](NC(=O)c1c(C)c(O)ccc1)[C@@H](O)CN1[C@@H](C(=O)NC(C)(C)C)C[C@@H]2[C@@H](C1)CCCC2)c1ccccc1,1.0
S(C(=O)C)C[C@H](C(=O)NCC(=O)OCc1ccccc1)Cc1ccccc1,1.0
S(C(F)(F)F)CC(=O)N[C@@H]1C(=O)N2C(C(=O)O)=C(CSc3n(C)nnn3)CS[C@@H]12,0.0
S(C(F)F)CC(=O)N[C@]1(OC)C(=O)N2C(C(=O)O)=C(CSc3n(CCO)nnn3)CO[C@@H]12,1.0
S(C(=O)c1occc1)CC1=C(C(=O)O)N2C(=O)[C@H](NC(=O)/C(=N/OC)/c3nc(N)sc3)[C@H]2SC1,0.0
S(=O)(=O)(ON1C(=O)[C@@H](NC/C(=N\OCC(=O)O)/c2nc(N)sc2)C1(C)C)O,1.0
S(=O)(=O)(OC[C@]12OC(C)(C)O[C@@H]1[C@H]1OC(C)(C)O[C@H]1CO2)N,1.0
S(=O)(=O)(O)N1[C@H](C)[C@H](NC(=O)/C(=N\OC(C(=O)O)(C)C)/c2nc(N)sc2)C1=O,1.0
S(C(=O)C(C)(C)C)CC(=O)[C@@]1(O)[C@@]2(C)[C@H]([C@H]3[C@H]([C@@H](O)C2)[C@@]2(C)C(=CC(=O)CC2)CC3)CC1,0.0
S(C(=O)[C@@]1(O)[C@@H](C)C[C@@H]2[C@]1(C)C[C@@H](O)[C@]1(F)[C@]3(C)C(=CC(=O)C=C3)CC[C@@H]21)C,0.0
S(C(=O)[C@]1(O)[C@H](C)C[C@H]2[C@@]1(C)C[C@H](O)[C@@]1(F)[C@@]3(C)C([C@H](F)C[C@H]21)=CC(=O)C=C3)CF,0.0
S(=O)(=O)(O)N1[C@@H](COC(=O)N)[C@@H](NC(=O)/C(=N\OCC(=O)O)/c2nc(N)sc2)C1=O,1.0
S(C(=O)[C@]1(OC(=O)CC)[C@@H](C)C[C@H]2[C@@]1(C)C[C@H](O)[C@@]1(F)[C@@]3(C)C([C@H](F)C[C@H]21)=CC(=O)C=C3)CF,0.0
S(=O)(=O)(O)N[C@@H](C(=O)N[C@H]1C(=O)N2[C@@H](C(=O)O)C(C)(C)S[C@@H]12)c1ccccc1,0.0
S(C(=O)[C@]1(OC(=O)CC)[C@@H](C)C[C@H]2[C@@]1(C)C[C@H](O)[C@@]1(F)[C@@]3(C)C([C@H](F)C[C@H]21)=CC(=O)C=C3)C,0.0
S(C(=O)[C@]1(OC(=O)C)[C@@H](C)C[C@H]2[C@@]1(C)C[C@H](O)[C@@]1(F)[C@@]3(C)C(=CC(=O)C=C3)CC[C@H]21)C,0.0
S(=O)(=O)(Nc1ccc([C@H](O)CNC(C)C)cc1)C,1.0
S(=O)(=O)(O)CCC[N+]1([C-H2])[C@@H]2CC(OC(=O)[C@@H](CO)c3ccccc3)C[C@@H]1CC2,0.0
S(=O)(=O)(N[C@H](N)CCSCc1nc(N[C-]([N+H3])N)sc1)N,1.0
S(=O)(=O)(O)[C@@H](C(=O)N[C@@H]1C(=O)N2[C@H](C(=O)O)C(C)(C)S[C@H]12)c1ccccc1,0.0
S(=O)(=O)(Nc1cc([C@@H](N)C(=O)N[C@@H]2C(=O)N3C(C(=O)O)=C(C)CS[C@@H]23)ccc1)C,0.0
S(=O)(=O)(NC)c1c(N)cc(OC)c(C(=O)NC[C@H]2N(CC=C)CCC2)c1,1.0
S(=O)(=O)(O)Cn1c(SCC2=C(C(=O)O)N3C(=O)[C@@H](NC(=O)[C@@H](O)c4ccccc4)[C@H]3SC2)nnn1,0.0
S(=O)(=O)(N)c1cc(C(=O)NC[C@H]2N(CC)CCC2)c(OC)cc1,1.0
S(=O)(=O)(N)c1cc(C(=O)NC[C@H]2N(CCC)CCC2)c(OC)cc1,1.0
S(=O)(=O)(N)c1cc(OC)c(OC)c(C(=O)NC[C@@H]2N(CC=C)CCC2)c1,1.0
S(=O)(=O)(O)[C@H](C(=O)N[C@H]1C(=O)N2[C@@H](C(=O)O)[C@@H](CN3C=CC(C(=O)N)C=C3)CS[C@H]12)c1ccccc1,0.0
S(=O)(=O)(N)c1cc(C(=O)NC[C@@H]2N(C)CCC2)c(OC)cc1,1.0
S(=O)(=O)(N)c1cc(C(=O)NC[C@@H]2N(Cc3ccc(F)cc3)CCC2)c(OC)cc1,1.0
S(=O)(=O)(N(CC)CC)N[C@H]1CN(CCC)[C@@H]2[C@H](C1)Cc1c(O)cccc1C2,1.0
S(=O)(=O)(N(CC)CC)N[C@H]1CN(C)[C@@H]2[C@@H](c3c4c([nH]cc4C2)ccc3)C1,1.0
S(=O)(=O)(CC)c1cc(C(=O)NC[C@@H]2N(CC)CCC2)c(OC)cc1,1.0
S(=O)(=O)(N(C)C)N[C@H]1CN(C)[C@H]2[C@@H](c3c4c(n(C)cc4C2)ccc3)C1,1.0
S(=O)(=O)(N(C)C)c1cc2/C(=C/CCN3CCN(C)CC3)/c3c(Sc2cc1)cccc3,1.0
S(=O)(=O)(CC)c1c(N)cc(OC)c(C(=O)NC[C@H]2N(CC)CCC2)c1,1.0
S(=O)(=O)(C)c1ccc(CC(=O)N2[C@@H](CN3C[C@@H](O)CC3)CN(C(=O)C)CC2)cc1,1.0
S([C@H]1C[C@@H](C(=O)N(C)C)NC1)C=1[C@@H](C)[C@@H]2[C@H]([C@@H](O)C)C(=O)N2C=1C(=O)O,0.0
S(=O)(=O)(O)CCC1C=CN(CC2=C(C(=O)O)N3C(=O)[C@@H](NC(=O)[C@H](NC(=O)c4c(C(=O)O)[nH]cn4)c4ccccc4)[C@@H]3SC2)C=C1,0.0
S([C@H](c1ccc(SCCCC)cc1)c1ccccc1)CCN(C)C,1.0
S(=O)(=O)(C)c1cc2N(CC[C@H]3N(C)CCCC3)c3c(Sc2cc1)cccc3,1.0
S(=O)(=O)(C)N1C(=O)N(C(=O)N[C@@H](C(=O)N[C@@H]2C(=O)N3[C@@H](C(=O)O)C(C)(C)S[C@H]23)c2ccccc2)CC1,0.0
S([C@@H]1CN([C-]([N+H3])N)CC1)C1=C(C(=O)O)N2C(=O)[C@@H]([C@H](O)C)[C@H]2C1,0.0
S([C@@H]1CN2[N@](C1)CN=C2)C=1[C@@H](C)[C@H]2[C@H]([C@H](O)C)C(=O)N2C=1C(=O)O,0.0
S(=O)(=O)(N)c1ccc(Nc2nc(O)c(NC(=O)N[C@H](C(=O)N[C@H]3C(=O)N4[C@H](C(=O)O)C(C)(C)S[C@@H]34)c3ccc(O)cc3)cn2)cc1,0.0
S([C@@H]1C[C@H]([C@@H](O)CCNC)NC1)C=1[C@@H](C)[C@@H]2[C@H]([C@H](O)C)C(=O)N2C=1C(=O)O,0.0
P(C(=O)O)(=O)(O)O,1.0
P(=O)(O)(O)[C@H]1[C@H](C)O1,1.0
S(/C=C/C#N)CC(=O)N[C@H]1C(=O)N2C(C(=O)O)=C(CSc3n(C)nnn3)CS[C@H]12,0.0
OP(O)(=O)OCC(Cl)(Cl)Cl,1.0
S(/C(=C(/N(C=O)Cc1c(N)nc(C)nc1)\C)/CCOC(=O)C)C(=O)C,1.0
ONN,
S(/C(=C(/N(C=O)Cc1c(N)nc(C)nc1)\C)/CCOP(=O)(O)O)C(=O)c1ccccc1,0.0
S(=O)(=O)(N(CCO)CCO)c1ccc(C=2NC(=O)C(C(=O)N[C@@H](C(=O)N[C@H]3C(=O)N4[C@@H](C(=O)O)C(C)(C)S[C@H]34)c3ccc(O)cc3)=CC=2)cc1,0.0
OP(O)(=O)CN1C(=O)NC(C1=O)(c2ccccc2)c3ccccc3,1.0
S(/C=C/C1=C(C(=O)O)N2C(=O)[C@@H](NC(=O)/C(=N/OC)/c3nc(N)sc3)[C@@H]2SC1)C=1N(CC=O)C(=O)C(=O)NN=1,0.0
S(/C(=C(/N(C=O)Cc1c(N)nc(C)nc1)\C)/CCOC(=O)c1ccccc1)C(=O)c1ccccc1,0.0
OCCOC(=O)NCc1ccccc1,1.0
OCCOCCN1CCN(CC1)C(c2ccccc2)c3ccc(Cl)cc3,1.0
OCCOCCOCCN1CCN(CC1)C(c2ccccc2)c3ccc(Cl)cc3,1.0
OCCOCCN1CCN(CC1)C3=Nc2ccccc2Sc4ccccc34,1.0
OCCOC4CCN(CCCN2c1ccccc1Sc3ccc(cc23)C(F)(F)F)CC4,0.0
OCCN4CCN(CCCN2c1ccccc1Sc3ccc(Cl)cc23)CC4,1.0
OCCN4CCN(CCCN2c1ccccc1Sc3ccc(cc23)C(F)(F)F)CC4,0.0
OCCN4CCN(CCCN2c1ccccc1C=Cc3ccccc23)CC4,1.0
OCCN4CCN(CCCN2c1ccccc1Sc3cc(Cl)cnc23)CC4,1.0
OCCN4CCN(CCCN2c1cc(ccc1Sc3sccc23)C(F)(F)F)CC4,0.0
OCCN4CCN(CCC=C2c1ccccc1Sc3ccc(Cl)cc23)CC4,1.0
OCCN4CCN(CCCC2c1ccc(F)cc1Sc3ccc(cc23)C(F)(F)F)CC4,0.0
OCCN4CCN(CCC=C2c1ccccc1Sc3ccc(cc23)C(F)(F)F)CC4,0.0
OCCN4CCN(CCC=C2c1ccccc1COc3ccc(Cl)cc23)CC4,1.0
OCCN4CCN(CC/C=C2/C1=CC=CC=C1COC3=C/C=C(/[Cl])C=C23)CC4,1.0
OCCN2C(=O)C(O)N=C(c1ccccc1F)c3cc(Cl)ccc23,0.0
OCCN4CCCN(CCCN2c1ccccc1C=Cc3ccccc23)CC4,1.0
OCCN4CCCN(CCCN2c1ccccc1Sc3ccc(cc23)C(F)(F)F)CC4,0.0
S(=O)(=O)(O)c1cc(C(=O)OCC(=O)[C@]2(O)[C@H](C)C[C@@H]3[C@@]2(C)C[C@H](O)[C@H]2[C@@]4(C)C(C(C)=C[C@@H]32)=Cc2n(-c3ccccc3)ncc2C4)ccc1,0.0
OCCN3C(=O)CN1CCOC1(c2ccccc2F)c4cc(Cl)ccc34,1.0
OCC2OC(Oc1ccccc1CO)C(O)C(O)C2O,0.0
OCc1ccccc1,1.0
OCC1OC(CC1O)n2cnc3C(O)CNC=Nc23,0.0
OCCCN4CCN(CCCC2c1ccccc1Sc3ccc(Cl)cc23)CC4,1.0
OCCN1CCN(CC1)CCC(=O)N3c2ccccc2Sc4ccc(cc34)C(F)(F)F,0.0
OCCN1CCN(CC1)C3CC(c2ccc(F)cc2)c4ccc(cc34)C(F)(F)F,0.0
OCCN1CCN(CC1)[C@@]3([H])C[C@@]([H])(C2=C/C=C(/[F])C=C2)C4=CC=C(C=C34)C([F])([F])[F],0.0
OCC1CCC(O1)n2cnc3c(=O)[nH]cnc23,
OCC1(CO)COC(OC1)C(Cl)(Cl)Cl,0.0
OCC(O)C1OC(=O)C(=C1O)O,1.0
OCC(N)(CO)CO,1.0
OCC(O)C(O)C(O)C(O)CO,1.0
OCC(Br)(Br)Br,0.0
OCCC4CCN(CCC=C2c1ccc(F)cc1Sc3ccc(cc23)C(F)(F)F)CC4,0.0
OCC(O)C2OC1OC(OC1C2O)C(Cl)(Cl)Cl,0.0
OCC(NC(=O)C(Cl)Cl)C(O)c1ccc(cc1)N(=O)=O,0.0
OCC(O)CN2C(=O)CN=C(c1ccccc1F)c3cc(Cl)ccc23,0.0
OCCN(CCO)c4nc(N1CCCCC1)c3nc(nc(N2CCCCC2)c3n4)N(CCO)CCO,0.0
Oc4ccc3CC2C1CCCCC1(CCN2CC=C)c3c4,1.0
Oc5ccc4CC2C1CCOCC1(CCN2CC3CC3)c4c5,1.0
OCC(C)(CO)C=1ON=C(N=1)C=4N=CN3C=2C=C/C=C(/[Cl])C=2C(=O)N(C)CC3=4,0.0
Oc4ccc3CC1NCCC2(CCCCC12)c3c4,0.0
Oc4cccc5CC2C1CCC(=O)CC1(CCN2CC3CC3)c45,0.0
Oc5ccc4CC2C1CCCCC1(CCN2CCc3ccccc3)c4c5,0.0
Oc5ccc4CC2C1CCCCC1(CCN2CC(=O)c3ccccc3)c4c5,0.0
Oc4ccc(CCNC(=O)C23CC1CC(CC(C1)C2)C3)cc4O,0.0
OC3N=C(c1ccccc1Cl)c2nc(Cl)ccc2NC3=O,0.0
Oc4ccc3[nH]cc(CCCCN1CCC(=CC1)c2ccccc2)c3c4,1.0
OC3N=C(c1ccccc1Cl)c2cc(Cl)ccc2NC3=O,0.0
OC4=C(C1CCC(CC1)c2ccc(Cl)cc2)C(=O)c3ccccc3C4=O,0.0
Oc4ccc3CC1N(CCC2(CCCCC12O)c3c4)CC5CCC5,0.0
Oc2ccc(C=C(C#N)C(=Cc1ccc(O)cc1)C#N)cc2,1.0
OC3N=C(c1ccccc1)c2cc(Cl)ccc2NC3=O,0.0
Oc4ccc3CC1N(CCC2(CCCCC12O)c3c4)CC5CC5,1.0
OC2(N1CCN=C1c3ccccc23)c4ccc(Cl)cc4,0.0
OC2(CCN(CCCC(=O)c1ccc(F)cc1)CC2)c3ccc(Cl)cc3,0.0
OC2(CCN(CCCC(=O)c1ccc(F)cc1)CC2)c3cccc(c3)C(F)(F)F,0.0
OC4(CCN(CCCN2c1ccccc1Sc3ccc(Cl)cc23)CC4)C5CCOC5=O,1.0
OC2(CCN(CCCC(=O)c1ccc(F)cc1)CC2)c3ccc(Br)cc3,0.0
Oc1noc2CNCCc12,0.0
OC2(C1=NCCCN1c3ccccc23)c4ccccc4Cl,0.0
Oc1ccccc1c2nnco2,1.0
OC2(CCN(CCCC(=O)c1ccc(F)cc1)CC2)c3ccc(Cl)c(c3)C(F)(F)F,0.0
Oc1ccccc1C(=O)Oc2ccccc2,0.0
OC1CCN(CC1)c2ccc(nn2)c3ccccc3Cl,0.0
OC1CCN(CC1)c2ccc(nn2)c3ccc(Cl)cc3Cl,0.0
Oc1ccc(C[C@H](N)C)cc1,0.0
Oc1ccc(NC(=O)C(Cl)(Cl)Cl)cc1,0.0
OC3(CCN(CCCC(c1ccc(F)cc1)c2ccc(F)cc2)CC3)c4ccc(Cl)c(c4)C(F)(F)F,0.0
Oc1ccc(/C=C(\C#N)/C(/C#N)=C/c2ccc(O)cc2)cc1,1.0
Oc1cc2c3c(c1)C[C@@H](N(CCC)CCC)Cc3ccc2,1.0
Oc1cc2c(cc1)C[C@H]1NCC[C@@]32[C@H]1CCCC3,0.0
Oc1ccc2CC4N(CCC35C(Oc1c23)C(=O)CCC45O)CC=C,1.0
Oc1cc2c(cc1)C[C@H]1N(CCc3ccccc3)CC[C@@]32[C@H]1CCCC3,0.0
OC1OC(COCCOC(O)C(Cl)(Cl)Cl)C(OC2OC(COCCOCCOC(O)C(Cl)(Cl)Cl)CC(OC(O)C(Cl)(Cl)Cl)C2O)C(OCCOCCOC(O)C(Cl)(Cl)Cl)C1O,1.0
Oc1ccc2CC4N(CCC35C(Oc1c23)C(=C)CCC45O)CC6CC6,1.0
Oc1ccc2CC4N(CCC35C(Oc1c23)C(=O)CCC45O)CC6CC6,1.0
Oc1cc2c(cc1)C[C@H]1N(CC3CC3)CC[C@@]32[C@H]1CCOC3,1.0
Oc1cc2c(cc1)C[C@H]1N(CC3CCC3)CC[C@@]32[C@@H]1[C@H](C)CC(=C)C3,0.0
OC1CCC2(O)C3Cc5ccc(O)c6OC1C2(CCN3CC4CCC4)c56,1.0
Oc1cc2[C@]3(C)C[C@@H](CN(C)CC3)Cc2cc1,1.0
Oc1cc2[C@@]3(C)[C@H](N)[C@H](Cc2cc1)CCCCC3,1.0
Oc1cc2c(cc1)C[C@@H]1N(CC=C)CC[C@]32[C@H]1CCCC3,1.0
Oc1cc2[C@]3(CC)C(C)(C)[C@H](N(CC4CCC4)CC3)Cc2cc1,1.0
Oc1cc2[C@@]3(CC)C(C)(C)[C@H](N(CC4(O)CC4)CC3)Cc2cc1,1.0
Oc1cc2[C@]3(CC)C(C)(C)[C@H](N(CC4CC4)CC3)Cc2cc1,1.0
Oc1cc2c(cc1)C[C@@H]1N(CC3CCC3)CC[C@]32[C@]1(O)CCCC3,0.0
Oc1cc2c(cc1)C[C@@H]1N(CC3CC3)CC[C@]32[C@]1(O)CCCC3,1.0
Oc1cc([C@]2(CCC)[C@H](C)CN(C)CC2)ccc1,1.0
Oc1cc2[C@@]3(C)[C@H](C)[C@H](N(CCc4ccccc4)CC3)Cc2cc1,0.0
Oc1cc2[C@@]3(C)[C@H](C)[C@@H](N(C)CC3)Cc2cc1,1.0
Oc1cc2[C@@]3(C)[C@H](C)[C@@H](N(C/C=C(\C)/C)CC3)Cc2cc1,1.0
Oc1cc2[C@@]3(C)[C@H](C)[C@@H](N(CC4CC4)CC3)Cc2cc1,1.0
Oc1c2NC(=C)Cc2c(CCN(CCC)CCC)cc1,1.0
Oc1c(O)ccc2c1-c1c3[C@H](N(C)CCc3ccc1)C2,0.0
Oc1c2O[C@H]3[C@@]45[C@@H]([C@@H](N(C)CC4)Cc(c25)cc1)CCC3,1.0
Oc1c2O[C@@H]3C(C)=CC[C@@H]4N(C)[C@@H]5Cc(c2[C@]34C5)cc1,0.0
Oc1c2O[C@H]3[C@](O)(C)CC[C@@H]4[C@@H]5N(C)CC[C@]34c2c(cc1)C5,1.0
Oc1c(C)c(C)c2O[C@](CCC[C@H](CCC[C@H](CCCC(C)C)C)C)(C)CCc2c1C,1.0
OC[C@H]1OC(C(C)C)(C(C)C)OC1,1.0
OC[C@H](NCCN[C@@H](CO)CC)CC,1.0
OC1C=CC2C3Cc4ccc(O)c5OC1C2(CCN3)c45,0.0
OC[C@H]1O[C@@H](n2c3NC=[N+H][C-](O)c3nc2)CC1,0.0
OC1C=CC2C3Cc4ccc(O)c5OC1C2(CCN3CC=C)c45,1.0
OC[C@@]2([H])O[C@@]([H])(O/C1=C/C=C/C=C1/CO)[C@@](O)([H])[C@@](O)([H])[C@@]2(O)[H],0.0
OC[C@@H]1[C@H](O)C[C@H](n2c3N=CNC[C@@H](O)c3nc2)O1,0.0
OC[C@@]1([H])O[C@@]([H])(C[C@@]1(O)[H])N2C=NC3=C2NC=NC[C@@]3(O)[H],0.0
OC[C@@]([H])(NC(=O)C([Cl])([Cl])[H])[C@@](O)([H])C1=CC=C(C=C1)N(=O)=O,0.0
OC[C@@H]1C=C[C@H](n2c3nc(N)nc(NC4CC4)c3nc2)C1,0.0
OC[C@@](O)([H])[C@@]2([H])O[C@@]1([H])O[C@@]([H])(O[C@@]1([H])[C@@]2(O)[H])C([Cl])([Cl])[Cl],0.0
OC[C@@]1([H])CC[C@@]([H])(O1)N2C=NC=3C(O)=NC=NC2=3,1.0
OC(O)C(Cl)(Cl)Cl,0.0
Oc1c2O[C@@H]3C(=C)CC[C@@]4(O)[C@H]5N(CC6CC6)CC[C@@]34c2c(cc1)C5,1.0
OC(OCC(COC(O)C(Cl)(Cl)Cl)(COC(O)C(Cl)(Cl)Cl)COC(O)C(Cl)(Cl)Cl)C(Cl)(Cl)Cl,1.0
OC1=C[C@]23[C@]4([C@@H]([C@@H]5N(C)C[C@@]2(C=C1)C5)CCCC4)C3,0.0
OC(CN1CCCCC1)c2cc(on2)c3ccccc3,1.0
OC(Cn1ccnc1)c3ccc(CCc2ccccc2)cc3,0.0
OC(Cn1cncn1)(Cn2cncn2)c3ccc(F)cc3F,1.0
OC(N1CNC(C1=O)(c2ccccc2)c3ccccc3)C(Cl)(Cl)Cl,0.0
OC(C1CCNCC1)(c2ccccc2)c3ccccc3,1.0
OC(C1CCCCN1)(c2ccccc2)c3ccccc3,1.0
OC(C1CCCCN1)c2cc(nc3c(cccc23)C(F)(F)F)C(F)(F)F,0.0
OC(=O)CNC(=O)c1ccccc1O,0.0
OC(C1=NCCN1)(c2ccc(Cl)cc2)c3ccccn3,0.0
OC(=O)CCCCCCCC(O)=O,1.0
OC(C(=O)OCCN1CCCCC1)(c1ccccc1)c1ccccc1,1.0
OC(=O)COCCN1CCN(CC1)C(c2ccccc2)c3ccc(Cl)cc3,1.0
OC(=O)CCCCC1SCC2NC(=O)NC12,1.0
OC(C1CC1c2ccncc2)(c3ccccc3)c4ccccc4,0.0
OC(=O)CN1C(=O)c2cccc3cccc(C1=O)c23,0.0
OC(=O)CCCc1ccc(cc1)N(CCCl)CCCl,1.0
OC(=O)c2cc(=O)c1ccccc1o2,
OC(=O)CCCC[C@@]1([H])[S]C[C@@]2([H])NC(=O)N[C@@]12[H],1.0
OC(=O)CCCCCCNC2c1ccccc1CCc3ccccc23,0.0
OC(CCCN1CCc3c(C1)c2cc(F)ccc2n3c4ccc(F)cc4)c5ccc(F)cc5,0.0
OC(=O)c1ccccc1O,0.0
OC(=O)c1ccccc1OC(=O)c1ccccc1O,0.0
OC(=O)c4cn(C1CC1)c3cc(N2CCNCC2)c(F)cc3c4=O,
OC(=O)C1CCn2c1ccc2C(=O)c3ccccc3,0.0
OC(C(=O)NC2C1SCC(=C(N1C2=O)C(O)=O)CSc3nnnn3CS(O)(=O)=O)c4ccccc4,0.0
OC(=O)C1CCN1C34CC2CC(CC(C2)C3)C4,1.0
OC(=O)C2=C(CSC3C(NC(=O)Cc1cccs1)C(=O)N23)CSc4nc[nH]n4,0.0
OC([C@@H](N)CCCCC)(c1ccccc1)c1ccccc1,1.0
OC([C@@H]1NCCCC1)(c1ccccc1)c1ccccc1,1.0
OC(=O)C2=C(CSC3C(NC(=O)Cn1cnnn1)C(=O)N23)CSc4nncs4,1.0
O=S1(=O)N([C@H]2C(=O)NCCC2)C(=O)c2c1cccc2,1.0
O=NN(C(=O)N[C@@H]1[C@@H](O)[C@H](O)[C@@H](CO)O[C@H]1O)C,1.0
O=CN(/C(/C)=C\1/SC(=O)OCC/1)Cc1c(N)nc(C)nc1,1.0
OC(=O)C1=C(C[S][C@@]2([H])N1C(=O)[C@@]2([H])NC(=O)C/C3=C/C=C[S]3)C[S]C=4N=CNN=4,0.0
OC(=O)C1=C(C[S][C@@]2([H])N1C(=O)[C@@]2([H])NC(=O)CN3C=NN=N3)C[S]/C4=N/N=C[S]4,1.0
OC([C@@H]1[C@@H](c2ccncc2)C1)(c1ccccc1)c1ccccc1,0.0
O=CC=1N2C(=O)[C@@H]([C@H](O)C)[C@H]2[C@H]2C=1[C@H](OC)CCC2,0.0
O=S1(=O)c2c(N(C[C@@H](CN(C)C)C)c3c1cccc3)cccc2,1.0
O=C3NC(=O)C2(CCc1ccccc1C2)N3,0.0
O=C4CCC(N3C(=O)C2C1CCC(C1)C2C3=O)C(=O)N4,1.0
O=C3N(CCCN1CCN(CC1)c2ncccn2)S(=O)(=O)c4ccccc34,0.0
O=C3N(CCCCN1CCN(CC1)c2ncccn2)S(=O)(=O)c4ccccc34,0.0
O=C3CN=C(c1ccccc1)c2cc(ccc2N3)N(=O)=O,0.0
O=C3N(CCCCN1CCN(CC1)C2=NC=CC=N2)C(=O)[C@@]4([H])[C@@]3([H])[C@@]5([H])CC[C@@]4([H])C5,0.0
O=C3CCC1(CCC(=O)c2ccccc12)C(=O)N3,1.0
O=C3CCC(N2C(=O)c1ccccc1C2=O)C(=O)N3,0.0
O=C4C3C1C=CC(C2C=CC12)C3C(=O)N4CCCCN5CCN(CC5)c6ncccn6,0.0
O=CC[C@H]1[C@H](O[C@H]2[C@H](O)[C@@H](N(C)C)[C@@H](O[C@@H]3O[C@H](C)[C@@H](O)[C@](O)(C)C3)[C@H](C)O2)[C@@H](OC)[C@H](O)CC(=O)O[C@@H](C)C/C=C\C=C\[C@@H](O)[C@H](C)C1,0.0
O=C3N(CCCCN1CCN(CC1)C2=NC=CC=N2)C(=O)[C@@]4([H])[C@@]3([H])[C@@]5([H])C=C[C@@]4([H])[C@@]6([H])C=C[C@@]56[H],0.0
O=C2N=C(NC1CC1)OC2c3ccccc3,1.0
O=C3N(c1ccccc1)c2ccccc2C3(Cc4ccncc4)Cc5ccncc5,0.0
O=C2NC(=O)C(CC1CCCCN1)(C(=O)N2)c3ccccc3,0.0
O=C3CCC(C1CCN(CC1)CC=Cc2ccccc2)(C(=O)N3)c4ccccc4,1.0
O=C2NCN(c1ccccc1)C23CCN(CC3)CC5COc4ccccc4O5,0.0
O=C3C2C1CCC(C1)C2C(=O)N3CCCCN4CCN(CC4)c5ncccn5,0.0
O=C2CN=C(c1ccccc1)c3c(N2)sc4CCCCc34,0.0
O=c2[nH]c1ccccc1n2C4CCN(CCOc3ccccc3)CC4,
O=C2CC1(CCCC1)CC(=O)N2CCNCC4COc3ccccc3O4,1.0
O=C1NCCN[C@@]1([H])C2=CC=C[S]2,1.0
O=C1NCNC1(c2ccccc2)c3ccccc3,1.0
O=C2CC1(CCCC1)CC(=O)N2CCCCN3CCN(CC3)c4ncccn4,0.0
O=C2CC1(CCCC1)CC(=O)N2CCCCN3CCN(CC3)c4nsc5ccccc45,1.0
O=C1NCCCC1N3C(=O)c2ccccc2S3(=O)=O,1.0
O=C1NC(=O)CN([C@H](CN2CC(=O)NC(=O)C2)C)C1,1.0
O=C1NCCN1C4CCN(CCC3COc2ccccc2O3)CC4,1.0
O=C2C1CCCCC1C(=O)N2CCCCN3CCN(CC3)c4nsc5ccccc45,1.0
O=C1N2[C@H](NC(=O)C2)CC1,1.0
O=C1N2C(=NCC1)C[C@H](c1ccccc1)C2,1.0
O=C1N[C@H](C)[C@H](c2ccccc2)OC1,1.0
O=C1NC(=O)C(N1)(c2ccccc2)c3ccccc3,1.0
O=C1NC(=O)CN(C[C@H]2C=C3[C@H](N(C)C2)Cc2c4c([nH]c2)cccc34)C1,1.0
O=C1N(CN2CCOCC2)C(=O)C[C@@]1(C)c1ccccc1,1.0
O=C1N(CCN(C)C)c2c(S[C@H](c3ccccc3)C1)cccc2,1.0
O=C1N(CCNC[C@H]2Oc3c(OC2)cccc3)C(=O)CC2(C1)CCCC2,1.0
O=C1N(Cc2ccccc2)C[C@@H](CN)C1,1.0
O=C1N(CC=C)C(=O)O[C@@H]1C,1.0
O=CC[C@H]1[C@H](O[C@@H]2[C@@H](O)[C@H](N(C)C)[C@H](O[C@H]3O[C@H](C)[C@@H](O)[C@@](O)(C)C3)[C@H](C)O2)[C@@H](OC)[C@@H](O)CC(=O)O[C@@H](C)C/C=C/C=C/[C@H](O[C@H]2O[C@@H](C)[C@H](N(C)C)CC2)[C@H](C)C1,1.0
O=C1N(CC)C(=O)N[C@H]1c1ccccc1,1.0
O=C1N2C(C(=O)O[C@@H](C(C)C)[C@H](C)/C=C/C(=O)NC/C=C/C(/C)=C\[C@@H](O)CC(=O)Cc3occ1n3)=CCC2,0.0
O=C1N(c2cc(C)ccc2)C[C@H](CO)O1,1.0
O=C1N(CCCCN2CCN(c3nsc4c3cccc4)CC2)C(=O)[C@@H]2[C@H]1CCCC2,1.0
O=C1N(CCCCN2CCN(c3ncccn3)CC2)C(=O)[C@@H]2[C@H]1[C@H]1C[C@@H]2CC1,0.0
O=C1N(c2ccccc2)c2c([C@]1(CCCNC)C)cccc2,1.0
O=C1N(C2CCN(CC[C@@H]3Oc4c(OC3)cccc4)CC2)CCN1,1.0
O=C1N(C)C(=O)O[C@@]1(CC)C,1.0
O=C1N(CC)C[C@@H](CCN2CCOCC2)C1(c1ccccc1)c1ccccc1,1.0
O=C1N(C)C(=O)NC(=O)[C@@]1(CC)c1ccccc1,0.0
O=C1N(C[C@H](N(C)C)C)c2c(Nc3ncccc13)cccc2,1.0
O=C1N(C[C@H]2C[N@@]3[C@H](CN(c4ncccn4)CC3)CC2)C(=O)CC1,1.0
O=C1N(C)C(=O)NC(=O)[C@@]1(C)C1=CCCCC1,0.0
O=C1N(C)C(=O)NC(=O)[C@@]1([C@@H](C#CCC)C)CC=C,1.0
O=C1N(c2c(C)cccc2)C(/C=C\c2ncccc2)=Nc2c1cccc2,1.0
O=C1N(C)C(=O)N[C@@]1(CC)c1ccccc1,1.0
O=C1N(C)C(=O)C[C@@H]1c1ccccc1,1.0
O=C1N(CCCCN2CCN(c3ncccn3)CC2)C(=O)[C@@H]2[C@H]1[C@@H]1[C@@H]3[C@H]([C@H]2C=C1)C=C3,0.0
O=C1N(C)C(=O)c2n(C[C@@H](O)C)cnc2N1C,1.0
O=C1N(C)C(=O)C[C@@]1(C)c1ccccc1,1.0
O=C1N(C)[C@@H](c2cnccc2)CC1,1.0
O=C1N(C)[C@](CC)(c2ccccc2)C(=O)N1,1.0
O=C1N(C)C(=O)c2n(CCN[C@H](Cc3ccccc3)C)cnc2N1C,1.0
O=C1N(C)C(=O)c2n(CCN[C@H]([C@@H](O)c3ccccc3)C)cnc2N1C,1.0
O=C1N(C)C(=O)c2n(CCNC[C@H](O)c3cc(O)c(O)cc3)cnc2N1C,1.0
O=C1N([C@H]2[C@H](O)[C@H](O)[C@@H](CO)O2)C=CC(N)=N1,0.0
O=C1N([C@@H]2O[C@H](CO)C=C2)C=C(C)C(=O)N1,0.0
O=C1CN2C(CCC2=O)N1,1.0
O=C1CCC2CCC(=O)N12,1.0
O=C1CCN=C2CC(CN12)c3ccccc3,1.0
O=C1CCC(N1)C(=O)N1CCCCC1,1.0
O=C1CCC(N1)C(=O)NC2CC2c3ccccc3,0.0
O=c1c2c([nH]c(=O)n1C)ncn2C,
O=C1CC[C@@]([H])(N1)C(=O)N2CCCCC2,1.0
O=C1CN(CC2N1CCc3ccccc23)C(=O)C4CCCCC4,1.0
O=C1CCC(=O)N1CC1CCC2CN(CCN2C1)c1ncccn1,1.0
O=C1CC2=C([C@H]3[C@@H]([C@H](C)C2)[C@H]2[C@@](C)([C@](O)(C#C)CC2)CC3)CC1,0.0
O=C1C(O)=C(O)[C@@H]([C@@H](O)CO)O1,1.0
O=C1C=C2[C@](C)([C@@H]3[C@H]([C@H]4[C@@](C)([C@@H](O)CC4)CC3)CC2)CC1,0.0
O=C1CC[C@@](C(=O)N1)(C2=CC=CC=C2)[C@@]3([H])CCN(CC3)C/C=C/C4=C/C=CC=C4,1.0
O=C1C[C@H]2[C@@H](C(C)(C)Oc3c2c(O)cc(C(CCCCCC)(C)C)c3)CC1,1.0
O=C1C(C[C@@H](O)C)(CC=C)C(=O)NC(=O)N1,0.0
O=C1C2(N(c3ccccc3)CN1)CCN(C[C@H]1Oc3c(OC1)cccc3)CC2,0.0
O=C1C([C@H](CCC)C)(CC)C(=O)NC(O)N1,0.0
O=C1C(C[C@H]2NCCCC2)(c2ccccc2)C(=O)NC(=O)N1,0.0
O=C1C([C@H](CCC)C)(CC)C(=O)NC(=O)N1,0.0
O=C1C([C@@H](CCC)C)(C=C)C(=O)NC(=O)N1,1.0
O=C1C([C@@H](CCC)CC)(CC)C(=O)NC(=O)N1,0.0
O=C1C([C@@H](CCC)C)(CC=C)C(=O)NC(=O)N1,1.0
O=C1C([C@@H](CC)C)(CC=C)C(=O)NC(=O)N1,1.0
O=C1C([C@@H](CC)C)(CC)C(=O)NC(=O)N1,0.0
O=c1[nH]cnc2[nH]ncc12,
O=C1C[C@@]23[C@H]([C@@H](N(CC4CC4)CC2)Cc2c3c(O)ccc2)CC1,0.0
O=C1[C@H](C)CNC(=O)C1(CC)CC,0.0
O=C1[C@H]2[C@@H](Cc3[nH]c(C)c(CC)c13)CCN(C)C2,1.0
O=C1[C@H](/C=C/c2ccccc2)OC(C)(C)N1,1.0
O=C1[C@H]2N(CC3CC3)CC[C@@](C)([C@H]2C)c2c1ccc(O)c2,0.0
O=C1[C@]2(C)C(C)(C)[C@H](C1)CC2,1.0
O=C1[C@](CC)(c2ccccc2)NCC(=O)N1,0.0
O=C1[C@H]2Oc3c(O)ccc4c3[C@]32[C@H]([C@@H](N(C)CC3)C4)CC1,1.0
O=C1[C@](CC)(c2ccccc2)CCC(=O)N1,1.0
O=C1[C@]2(C)Oc3c(O)ccc4c3[C@]32[C@H]([C@@H](N(C)CC3)C4)CC1,1.0
O=C1[C@H]2Oc3c(O)ccc4c3[C@]32[C@](O)([C@@H](N(CC2CC2)CC3)C4)CC1,1.0
O=C1[C@](c2ccccc2)(C2CCN(C/C=C/c3ccccc3)CC2)CCC(=O)N1,1.0
O=C1[C@](O)(CC)C2=C(C(=O)N3C(c4nc5c(c(CN(C)C)c(O)cc5)cc4C3)=C2)CO1,0.0
O=C1[C@@H](N2C(=O)c3c(C2=O)cccc3)CCC(=O)N1,0.0
O=C1[C@@H]2Oc3c(O)ccc4c3[C@@]32[C@@](O)([C@H](N(CC=C)CC3)C4)CC1,1.0
O=C1[C@@H](N2C(=O)[C@H]3[C@@H](C2=O)[C@H]2C[C@@H]3CC2)CCC(=O)N1,1.0
O=C1[C@@H](N)CC[S@](#C)(C[C@@H]2[C@@H](O)[C@H](O)[C@@H](n3c4NC=N[C@H](N)c4nc3)O2)O1,
O=C4N[C@@]([H])(CCCCNC(=O)[C@@]([H])(NC(=O)[C@@]([H])(NC(=O)[C@@]([H])(NC(=O)[C@@]1([H])N=C([S]C1)[C@@](N)([H])[C@@](C)([H])CC)CC(C)(C)[H])CCC(O)=O)[C@@](C)([H])CC)C(=O)N[C@@]([H])(CCCN)C(=O)N[C@@]([H])(C(=O)N[C@@]([H])(C/C2=C/C=CC=C2)C(=O)N[C@@]([H])(C/C3=C/NC=N3)C(=O)N[C@@]([H])(CC(O)=O)C(=O)N[C@@]4([H])CC(N)=O)[C@@](C)([H])CC,1.0
O=C1[C@@H]2Oc3c(O)ccc4c3[C@@]32[C@@](O)([C@H](N(C)CC3)C4)CC1,1.0
O=C1[C@@H](c2sccc2)NCCN1,1.0
O=C1[C@@H]2Oc3c(O)ccc4c3[C@@]32[C@@](O)([C@H](N(C/C=C(\C)/C)CC3)C4)CC1,1.0
O=C1[C@@H](CC)[C@@](C)(c2ccccc2)C(=O)N1,1.0
O=C1[C@@H](CN2CCOCC2)CCc2[nH]c(C)c(CC)c12,1.0
O=C1[C@@H](c2ccccc2)OC(NCC)=N1,1.0
O=C1[C@@H](c2ccccc2)OC(N)=N1,1.0
O=C1[C@@H](c2ccccc2)OC(N(C)C)=N1,0.0
O=C1[C@@H]2Oc3c(O)ccc4c3[C@@]32[C@@](NCCCCC)([C@H](N(C)CC3)C4)C=C1,1.0
O=C1[C@@H](c2ccccc2)OC(NC2CC2)=N1,1.0
O=C1N(C)[C@H]([C@H](O)[C@H](C/C=C/C)C)C(=O)N[C@@H](CC)C(=O)N(C)CC(=O)N(C)[C@H](CC(C)C)C(=O)N[C@@H](C(C)C)C(=O)N(C)[C@H](CC(C)C)C(=O)N[C@@H](C)C(=O)N[C@H](C)C(=O)N(C)[C@H](CC(C)C)C(=O)N(C)[C@H](CC(C)C)C(=O)N(C)[C@H]1C(C)C,0.0
O=C1[C@@](NCC)(c2sccc2)CCCC1,1.0
O=C1[C@@]2(NC(=O)N1)Cc1c(cccc1)CC2,0.0
O=C1[C@@]2(c3c(C(=O)CC2)cccc3)CCC(=O)N1,1.0
O=C1[C@@](CC)(C)CC(=O)N1,1.0
O=C1[C@@](CC)(c2ccc(N)cc2)CCC(=O)N1,1.0
O=C1[C@@]([C@@H](C#CCC)C)(CC=C)[C@H](O)N(C)[C@@H](O)N1,1.0
O=C1[C@@]2(O)O[C@@H]3[C@@H](NC)[C@H](O)[C@@H](NC)[C@H](O)[C@H]3O[C@@H]2O[C@H](CCCC)C1,0.0
O=C1[C@@](CCN(C)C)(c2ccccc2)CCc2c1cccc2,0.0
O=C(OCOC(=O)[C@@H]1C(C)(C)S[C@H]2[C@@H](/N=C/N3CCCCCC3)C(=O)N12)C(C)(C)C,0.0
O=C(OCOC)[C@@H]1C(C)(C)S[C@@H]2[C@H](N3C(=O)[C@H](c4ccccc4)NC3(C)C)C(=O)N12,0.0
O=C(OCCOCn1c2N=C(N)NC(=O)c2nc1)[C@@H](N)C(C)C,1.0
O=C(OCOC)[C@H]1C(C)(C)S[C@H]2[C@@H](N3C(=O)[C@@H](c4ccc(O)cc4)NC3(C)C)C(=O)N12,0.0
O=C[C@]1(O)[C@@H](O[C@H]2[C@H](NC)[C@@H](O)[C@H](O)[C@@H](CO)O2)[C@H](O[C@@H]2[C@@H](O)[C@@H](O)[C@H](N[C-]([N+H3])N)[C@@H](O)[C@H]2N[C-]([N+H3])N)O[C@H]1C,0.0
O=C[C@]1(O)[C@@H](O[C@H]2[C@@H](NC)[C@H](O)[C@@H](O)[C@H](CO)O2)[C@H](O[C@@H]2[C@@H](O)[C@H](O)[C@@H](NC(N)N)[C@H](O)[C@H]2N[C-]([N+H3])N)O[C@H]1C,0.0
O=C(OCCC)c1n([C@@H](C)c2ccccc2)cnc1,1.0
O=C(OCCN1[C@@H](C)[C@H](c2ccccc2)OCC1)[C@H](CC)c1ccccc1,1.0
O=C(OCCC)N2C[C@@]([H])(CN1CCCC1)N(CC2)C(=O)C/C3=C/C([Cl])=C([Cl])C=C3,1.0
O=C(OCCN(CC)CC)[C@@H]1C(C)(C)S[C@H]2[C@@H](NC(=O)c3c(OC)cccc3OC)C(=O)N12,0.0
O=C(OCC1=C(C(=O)O)N2C(=O)[C@H](NC(=O)/C(=N/OC)/c3occc3)[C@@H]2SC1)N,0.0
O=C(OCC1=C(C(=O)O)N2C(=O)[C@H](NC(=O)/C(=C/CC)/c3nc(N)sc3)[C@H]2SC1)N,0.0
O=C(OCC1=C(C(=O)O)N2C(=O)[C@@H]([C@@H](O)C)[C@@H]2S1)N,1.0
O=C(OCC1=C(C(=O)O)N2C(=O)[C@](OC)(NC(=O)Cc3sccc3)[C@H]2SC1)N,1.0
O=C(OCc1cc(OC(=O)[C@H]2C(C)(C)S[C@H]3[C@@H](NC(=O)Cc4ccccc4)C(=O)N23)ccc1)C(C)C,0.0
O=C(OCC)NN[C@H](C)c1ccccc1,1.0
O=C(OCC=1[C@@H]2[C@@H]([C@H](OC(=O)CC(C)C)OC=1)[C@@]1([C@H](OC(=O)C)C2)OC1)CC(C)C,1.0
O=C(OCC)c1n([C@@H](C)c2ccccc2)cnc1,1.0
O=C(OCC)[C@@H](N[C@H](C(=O)N1[C@H](C(=O)O)CCC1)C)CCc1ccccc1,0.0
O=C1[C@@H](C(C)C)NC(=O)[C@@H](C)OC(=O)[C@@H](C(C)C)NC(=O)[C@@H](C)COC(=O)[C@@H](C(C)C)NC(=O)[C@@H](C)OC(=O)[C@H](C(C)C)NC(=O)[C@@H](C)COC(=O)[C@@H](C(C)C)NC(=O)[C@H](C)OC(=O)[C@H](C(C)C)NC(=O)[C@@H](C(C)C)O1,1.0
O=C(OCC)O[C@]1(C(=O)COC(=O)CC)[C@]2(C)[C@@H]([C@@H]3[C@@H]([C@H](O)C2)[C@]2(C)C(=CC(=O)C=C2)CC3)CC1,0.0
O=C(OCC)[C@@]1([C@H](N(C)C)C=CCC1)c1ccccc1,1.0
O=C(OCC(COC(=O)C)CCn1c2NC(N)=NCc2nc1)C,1.0
O=C(OCc1scnc1)N[C@@H]([C@@H](O)C[C@H](NC(=O)[C@H](NC(=O)N(Cc1nc(C(C)C)sc1)C)C(C)C)Cc1ccccc1)Cc1ccccc1,0.0
O=C(OCC(=O)[C@]1(O)[C@]2(C)[C@H]([C@H]3[C@H]([C@H](O)C2)[C@@]2(C)C(=CC(=O)C=C2)CC3)CC1)CN(CC)CC,0.0
O=C(OCC)O[C@@H]1[C@@H](O[C@@H]2[C@@H](C)[C@@H](O[C@@H]3O[C@@H](C)[C@H](O)[C@@](OC)(C)C3)[C@H](C)C(=O)O[C@H](CC)[C@](O)(C)[C@H](O)[C@@H](C)C(=O)[C@H](C)C[C@@]2(O)C)O[C@@H](C)C[C@H]1N(C)C,0.0
O=C(OCC(=O)[C@]1(O)[C@]2(C)[C@@H]([C@@H]3[C@@H](C(=O)C2)[C@@]2(C)C(=CC(=O)CC2)CC3)CC1)C,0.0
O=C(OCC)CCC(=O)O[C@H]1[C@H](O[C@@H]2[C@H](C)[C@H](O[C@H]3O[C@H](C)[C@@H](O)[C@](OC)(C)C3)[C@@H](C)C(=O)O[C@@H](CC)[C@@](O)(C)[C@@H](O)[C@@H](C)C(=O)[C@H](C)C[C@]2(O)C)O[C@H](C)C[C@@H]1N(C)C,0.0
O=C(OCC(=O)[C@]1(O)[C@]2(C)[C@@H]([C@@H]3[C@@H]([C@H](O)C2)[C@@]2(C)C(=CC(=O)C=C2)CC3)CC1)CCC(=O)O,0.0
O=C(OCC(=O)[C@]1(O)C[C@H](O[C@H]2O[C@H](C)[C@@H](O)[C@H](N)C2)c2c(O)c3C(=O)c4c(OC)cccc4C(=O)c3c(O)c2C1)C(OCC)OCC,0.0
O=C(OCC(=O)[C@]1(O)[C@]2(C)[C@@H]([C@@H]3[C@@H]([C@H](O)C2)[C@@]2(C)C(=CC(=O)C=C2)CC3)CC1)CC(C)(C)C,0.0
O=C(OCC(=O)[C@]1(O)[C@]2(C)[C@@H]([C@@H]3[C@@H]([C@H](O)C2)[C@@]2(C)C(=CC(=O)C=C2)CC3)CC1)C,0.0
O=C(OCC(=O)[C@]1(O)[C@H](C)C[C@@H]2[C@@]1(C)C[C@H](O)[C@H]1[C@@]3(C)C(C(C)=C[C@@H]21)=Cc1n(-c2ccccc2)ncc1C3)C,0.0
O=C(OCC(=O)[C@]1(O)[C@]2(C)[C@@H]([C@@H]3[C@@H]([C@H](O)C2)[C@@]2(C)C([C@H](C)C3)=CC(=O)C=C2)CC1)C,0.0
O=C(OCC(=O)[C@@]1(O)[C@@]2(C)[C@H]([C@H]3[C@H]([C@H](O)C2)[C@]2(C)C(=CC(=O)CC2)CC3)CC1)CCC(=O)O,0.0
O=C(OCC(=O)[C@@]1(O)[C@@]2(C)[C@H]([C@H]3[C@H]([C@H](O)C2)[C@]2(C)C(=CC(=O)CC2)CC3)CC1)C,0.0
O=C(OCC(=O)[C@@]12[C@@]3(C)[C@H]([C@H]4[C@H]([C@@H](O)C3)[C@]3(C)C(=CC(=O)C=C3)CC4)C[C@@H]1OC(C)=N2)C,0.0
O=C(OCC([C@H](CC)C)(COC(=O)N)C)N,1.0
O=C(OCC(=O)[C@@]1(O)[C@@]2(C)[C@H]([C@H]3[C@H]([C@@H](O)C2)[C@]2(C)C([C@@H](C)C3)=CC(=O)C=C2)CC1)CCC(=O)O,0.0
O=C(OCC(=O)[C@]1(O)[C@]2(C)[C@@H]([C@@H]3[C@@H]([C@@H](O)C2)[C@@]2(C)C(=CC(=O)CC2)CC3)CC1)CCC1CCCC1,0.0
O=C1[C@H](Cc2ccccc2)NC(=O)[C@@H](CC(C)C)NC(=O)[C@@H](CCCN)NC(=O)[C@H](C(C)C)NC(=O)[C@H]2N(C(=O)[C@H](Cc3ccccc3)NC(=O)[C@H](CC(C)C)NC(=O)[C@H](CCCN)NC(=O)[C@H](C(C)C)NC(=O)[C@@H]3N1CCC3)CCC2,1.0
O=C(OC1CN2CCC1CC2)c3ccccc3,1.0
O=C(Oc1cc2[C@]3(C)[C@H](N(C)c2cc1)N(C)CC3)NC,1.0
O=C(Oc1cc2[C@@]3(C)[C@@H](N(C)c2cc1)N(C)CC3)NCCCCCCC,1.0
O=C(OCC(=O)[C@@]1(O)[C@@]2(C)[C@H]([C@H]3[C@H]([C@@H](O)C2)[C@@]2(C)C(=CC(=O)CC2)CC3)CC1)CN(CC)CC,0.0
O=C(Oc1ccccc1)[C@H](C(=O)N[C@H]1C(=O)N2[C@@H](C(=O)O)C(C)(C)S[C@H]12)c1ccccc1,0.0
O=C(Oc1cc([C@@H](O)CNC)ccc1)C(C)(C)C,1.0
O=C(OC1CC[N+](C)([C-H2])CC1)[C@H]([C@@H](CC)C)c1ccccc1,0.0
O=C(Oc1cc2[C@@]3(C)[C@@H](N(C)c2cc1)N(C)CC3)Nc1ccccc1,1.0
O=C(Oc1cc([C@@H](N(C)C)C)ccc1)N(CC)C,1.0
O=C(Oc1cc2c(cc1)CCC2)[C@H](C(=O)N[C@@H]1C(=O)N2[C@H](C(=O)O)C(C)(C)S[C@@H]12)c1ccccc1,0.0
O=C(OC1C[C@@H]2N(C)[C@H](C1)CC2)[C@H](CO)c1ccccc1,1.0
O=C(OC1C[C@@H]2N(C)[C@H](C1)CC2)[C@@H](O)c1ccccc1,0.0
O=C(Oc1cc2[C@@]3(C)[C@@H](N(C)c2cc1)N(C)CC3)N1Cc2c(cccc2)CC1,0.0
O=C(OCC(=O)[C@@]12[C@@]3(C)[C@@H]([C@@H]4[C@H]([C@@H](O)C3)[C@@]3(C)C(=CC(=O)C=C3)CC4)C[C@H]1O[C@@H](C1CCCCC1)O2)C(C)C,0.0
O=C(OC1C[C@@H]2N(C)[C@H](C1)CC2)[C@@](CO)(C)c1ccccc1,0.0
O=C(Oc1c(OC(=O)C(C)(C)C)ccc([C@@H](O)CNC)c1)C(C)(C)C,1.0
O=C(OC1C[C@@H]2[N+]([O-])(C)[C@H](C1)CC2)[C@@H](CO)c1ccccc1,1.0
O=C(OC[C@]([C@@H](CC)C)(COC(=O)N)C)NC(C)C,1.0
O=C(OCC(=O)[C@@]1(O)[C@@]2(C)[C@H]([C@H]3[C@H]([C@@H](O)C2)[C@@]2(C)C(=CC(=O)C=C2)CC3)CC1)COC(=O)CCCCCCCCCCCCCCCCC,0.0
O=C(OC[C@H](OCn1c2N=C(N)NC(=O)c2nc1)CO)[C@@H](N)C(C)C,0.0
O=C(OC[C@@H]1O[C@](CCCCCCCCC)(C)OC1)N,1.0
O=C(OC[C@@](O)(CC)c1ccccc1)N,1.0
O=C(OC[C@H]1[N+](C)([C-H2])CCCC1)C(O)(c1ccccc1)c1ccccc1,0.0
O=C(OC[C@@](COC(=O)N)(CCC)C)NCCCC,1.0
O=C(OC)c1n([C@H](C)c2ccccc2)cnc1,1.0
O=C(OC[C@H]1[C@@]2(OC)N(C=3C(=O)C(C)=C(N)C(=O)C1=3)C[C@@H]1N[C@H]21)N,1.0
O=C1[C@@H](Cc2ccccc2)NC(=O)[C@@H](CC(C)C)NC(=O)[C@H](CCCN)NC(=O)[C@H](CC)NC(=O)[C@@H]2N(C(=O)[C@@H](Cc3ccccc3)NC(=O)[C@H](CC(C)C)NC(=O)[C@@H](CCCN)NC(=O)[C@H](C(C)C)NC(=O)[C@H]3N1CCC3)CCC2,0.0
O=C(OC)[C@H]([C@H]1NCCCC1)c1ccccc1,1.0
O=C(Oc1c2c(OC(C)(C)C3=C2C[C@@H](C)CC3)cc([C@@H]([C@@H](CCCCC)C)C)c1)CCCN1CCCCCC1,1.0
O=C(O[C@H]1OC(=O)[C@@H]2[C@H]1[C@H]1C=C[C@@H]2C1)NC,1.0
O=C(OC=1[C@H]2Oc3c(OC)ccc4c3[C@]32[C@H]([C@@H](N(C)CC3)C4)CC=1)C,1.0
O=C(O[C@H]1OC=C(COC(=O)C)C=2[C@@H]1[C@@]1([C@H](OC(=O)CC(C)C)C=2)OC1)CC(C)C,1.0
O=C(O[C@H]1C2CCN(C1)CC2)c1ccccc1,1.0
O=C(O[C@H]1OC=C(COC(=O)C)C=2[C@H]1[C@]1([C@@H](OC(=O)CC(C)C)C=2)OC1)CC(OC(=O)C)(C)C,1.0
O=C(O[C@H]1C[C@@H](C)CC(C)(C)C1)[C@H]1NC(=O)CC1,0.0
O=C(OC)[C@@H]1[C@@H](OC)[C@H](OC)C[C@H]2[C@H]1C[C@H]1[N@](C2)CCc2c3c([nH]c12)cc(OC)cc3,1.0
O=C(O[C@H]1CC=2[C@@](C)([C@H]3[C@H]([C@@H]4[C@](C)([C@H](C(=O)C)CC4)CC3)CC=2)CC1)CCC(=O)O,0.0
O=C(O[C@H]1[C@H](C(=O)N(CC)CC)C[N@@]2[C@H](c3c(cc(OC)c(OC)c3)CC2)C1)C,1.0
O=C(OC)[C@H]1[C@H](OC)[C@@H](OC(=O)c2cc(OC)c(OC)c(OC)c2)C[C@@H]2[C@@H]1C[C@H]1[N@](C2)CCc2c3c([nH]c12)cccc3,1.0
O=C(O[C@H]1[C@@H]2Oc3c(OC)ccc4c3[C@@]32[C@@H]([C@H](N(C)CC3)C4)CC1)c1cnccc1,1.0
O=C(O[C@H]1[C@H](O[C@H]2[C@H](C)[C@H](O[C@H]3O[C@H](C)[C@@H](O)[C@](OC)(C)C3)[C@@H](C)C(=O)O[C@@H](CC)[C@@](O)(C)[C@@H](O)[C@H](C)C(=O)[C@@H](C)C[C@]2(O)C)O[C@H](C)C[C@@H]1N(C)C)CC,0.0
O=C(O[C@H]1[C@H](C)[C@@H](C)OC(=O)[C@H](C)[C@H](O[C@@H]2O[C@H](C)[C@@H](OC(=O)C)[C@H](OC)C2)[C@@H](C)[C@H](O[C@H]2[C@H](OC(=O)C)[C@@H](N(C)C)C[C@H](C)O2)[C@H](C)C[C@@]2(C(=O)[C@H]1C)OC2)C,1.0
O=C(O[C@H]1[C@@H]2Oc3c(OC(=O)C)ccc4c3[C@@]32[C@H]([C@H](N(C)CC3)C4)C=C1)C,1.0
O=C(O[C@H]1[C@@H]2[C@@H](CC[C@H]3OC(=O)C[C@@H](O)C3)[C@H](C)C=CC2=C[C@@H](C)C1)C(CC)(C)C,0.0
O=C(O[C@H]1[C@@H]2Oc3c(OCc4ccccc4)ccc4c3[C@@]32[C@@H]([C@H](N(C)CC3)C4)C=C1)CCCCCCCCCCCCC,1.0
O=C(OC(C)(C)C)N[C@@H]([C@@H](O)C(=O)O[C@@H]1[C@H](C)[C@@H]2[C@@H](O)C(=O)[C@@]3(C)[C@@H](O)C[C@H]4[C@@](OC(=O)C)([C@H]3[C@H](OC(=O)c3ccccc3)[C@@](O)(C2(C)C)C1)CO4)c1ccccc1,0.0
O=C(O[C@H]1[C@@H]2Oc3c(OC(=O)c4cnccc4)ccc4c3[C@@]32[C@H]([C@H](N(C)CC3)C4)C=C1)c1cnccc1,0.0
O=C(O[C@H]1[C@@H](C)O[C@H](O[C@@H]2[C@@H](N(C)C)[C@@H](O)[C@H](O[C@H]3[C@H](OC)[C@@H](OC(=O)C)CC(=O)O[C@@H](C)C/C=C/C=C\[C@H](O)[C@H](C)C[C@@H]3CC=O)O[C@@H]2C)C[C@]1(O)C)CC(C)C,1.0
O=C(O[C@]1(C(=O)COC(=O)CC)[C@@]2(C)[C@@H]([C@@H]3[C@@H]([C@@H](O)C2)[C@]2(C)C(=CC(=O)CC2)CC3)CC1)CCC,0.0
O=C(O[C@H]1[C@@H](C)[C@@H](O)[C@H](C)[C@@H](O)[C@@H](C)/C=C\C=C(\C)/C(=O)Nc2c(O)c3c(O)c(C)c4O[C@@](C)(C(=O)c4c3c(O)c2)O/C=C/[C@H](OC)[C@H]1C)C,0.0
O=C(O[C@]1(C(=O)COC(=O)C)[C@@]2(C)[C@@H]([C@@H]3[C@H]([C@@H](O)C2)[C@@]2(C)C([C@H](C)C3)=CC(=O)C=C2)CC1)CC,0.0
O=C(OC)[C@H]1[C@@](O)(CC)C[C@H](O[C@H]2O[C@H](C)[C@H](O[C@H]3O[C@@H](C)[C@@H](O[C@H]4O[C@@H](C)C(=O)CC4)[C@@H](O)C3)[C@@H](N(C)C)C2)c2c(O)c3C(=O)c4c(O)cccc4C(=O)c3cc12,1.0
O=C(O[C@]1(C(=O)COC(=O)C)[C@@]2(C)[C@@H]([C@@H]3[C@@H]([C@@H](O)C2)[C@@]2(C)C([C@H](C)C3)=CC(=O)CC2)CC1)CCC,0.0
O=C(O[C@H]1[C@@H](C)[C@@H](O)[C@H](C)[C@@H](O)[C@@H](C)/C=C/C=C(\C)/C(=O)Nc2c(/C=N/N=C(/N(CC)CC)\C)c(O)c3c(c(O)c(C)c4O[C@@](C)(C(=O)c34)O/C=C/[C@@H](OC)[C@H]1C)c2O)C,0.0
O=C(O[C@]1(C(=O)CO)[C@@]2(C)[C@@H]([C@@H]3[C@H]([C@@H](O)C2)[C@@]2(C)C(=CC(=O)CC2)CC3)CC1)CCC,0.0
O=C(O[C@H]1[C@@H](C)[C@H](O)[C@@H](C)[C@H](O)[C@H](C)/C=C\C=C(\C)/C(=O)Nc2c(/C=N/N3CCN(C)CC3)c(O)c3c(c(O)c(C)c4O[C@@](C)(C(=O)c34)O/C=C/[C@H](OC)[C@H]1C)c2O)C,0.0
O=C(O[C@]([C@H](CN(C)C)C)(Cc1ccccc1)c1ccccc1)CC,1.0
O=C(O[C@@H]1[C@H]2[C@H](CC[C@H]3OC(=O)C[C@@H](O)C3)[C@@H](C)C=CC2=CCC1)[C@@H](CC)C,0.0
O=C(O[C@]1(C(=O)CO)[C@@]2(C)[C@@H]([C@@H]3[C@@H]([C@@H](O)C2)[C@@]2(C)C(=CC(=O)CC2)CC3)CC1)CCCC,0.0
O=C(O[C@@H]1[C@H](c2ccc(OC)cc2)Sc2c(N(CCN(C)C)C1=O)cccc2)C,1.0
O=C(O[C@]1(C(=O)C)[C@@]2(C)[C@@H]([C@@H]3[C@@H]([C@@H](O)C2)[C@@]2(C)C(=CC(=O)C=C2)CC3)CCC1)CCC,0.0
O=C(O[C@@H]1[C@H]2Oc3c(OC(=O)C)ccc4c3[C@]32[C@@H]([C@@H](N(CC=C)CC3)C4)C=C1)C,1.0
O=C(O[C@@H]1[C@@H](O)[C@@H](Oc2c(C)c3OC(=O)C(NC(=O)c4cc(C/C=C(\C)/C)c(O)cc4)=C(O)c3cc2)OC(C)(C)[C@H]1OC)N,0.0
O=C(O[C@@H]1[C@H](C)[C@H](C)OC(=O)[C@@H](C)[C@@H](O[C@H]2O[C@@H](C)[C@@H](OC(=O)CC)[C@H](OC)C2)[C@@H](C)[C@@H](O[C@H]2[C@H](O)[C@@H](N(C)C)C[C@H](C)O2)[C@H](C)C[C@@]2(C(=O)[C@H]1C)OC2)CC,1.0
O=C(O[C@@H]1[C@@H](OC)[C@H](OC(=O)c2cc(OC)c(OC)c(OC)c2)C[C@H]2[C@H]1C[C@H]1[N@](C2)CCc2c3c([nH]c12)cc(OC)cc3)C,1.0
O=C(O[C@@H]1[C@@H](C)O[C@H](O[C@H]2[C@H](N(C)C)[C@@H](O)[C@@H](O[C@@H]3[C@@H](OC)[C@H](OC(=O)CC)CC(=O)O[C@H](C)C/C=C/C=C\[C@@H](O)[C@@H](C)C[C@H]3CC=O)O[C@H]2C)C[C@]1(O)C)CC,1.0
O=C(O[C@H]1[C@@H](C)[C@H](O)[C@H](C)[C@H](O)[C@H](C)/C=C/C=C(\C)/C(=O)N[C@H]2C(=O)c3c(O)c(C)c4O[C@](C)(C(=O)c4c3C=3NC4(NC2=3)CCN(CC(C)C)CC4)O/C=C/[C@@H](OC)[C@H]1C)C,0.0
O=C(O[C@@]1(C(=O)COC(=O)C)[C@]2(C)[C@H]([C@H]3[C@@H]([C@H](O)C2)[C@]2(C)C(=CC(=O)CC2)CC3)CC1)CC,0.0
O=C(O[C@@]1([C@@H](C)CN(C)CC1)c1ccccc1)CC,1.0
O=C(O[C@H]1[C@@H](C)[C@H](O)[C@@H](C)[C@@H](O)[C@H](C)/C=C\C=C(\C)/C(=O)Nc2c(/C=N/N3CCN(C4CCCC4)CC3)c(O)c3c(c(O)c(C)c4O[C@@](C)(C(=O)c34)O/C=C/[C@@H](OC)[C@H]1C)c2O)C,0.0
O=C(O[C@@]1(C(=O)CO)[C@@]2(C)[C@H]([C@H]3[C@H]([C@H](O)C2)[C@]2(C)C(=CC(=O)C=C2)CC3)CC1)CCCC,0.0
O=C(O)CCCC[C@H]1SC[C@H]2NC(=O)N[C@H]12,1.0
O=C(O)CC[C@H](N)C=C,1.0
O=C(O[C@@H]1[C@H](C)[C@H](O)[C@@H](C)[C@@H](O)[C@H](C)/C=C/C=C(/C)\C(=O)Nc2c(O)c3c(O)c(C)c4O[C@](C)(C(=O)c4c3c3nc(N(CC)CC)sc23)O/C=C/[C@H](OC)[C@@H]1C)C,0.0
O=C(O)C[C@@H](CN)CC(C)C,1.0
O=C(O)C1=C([C@H]2OCCC2)S[C@@H]2[C@H]([C@@H](O)C)C(=O)N12,1.0
O=C(O)COc1c(-c2ccccc2)nc2c(c1C(=O)N[C@@H](CC)c1ccccc1)cccc2,0.0
O=C(O)CCCOc1c(-c2ccccc2)nc2c(c1C(=O)N[C@@H](CC)c1ccccc1)cccc2,0.0
O=C(O)[C@H]1c2n(c(C(=O)c3ccccc3)cc2)CC1,0.0
O=C(O[C@H]1[C@@H](C)[C@H]2[C@@H](OC(=O)C)C(=O)[C@]3(C)[C@H](O)C[C@@H]4[C@@](OC(=O)C)([C@H]3[C@H](OC(=O)c3ccccc3)[C@](O)(C2(C)C)C1)CO4)[C@@H](O)[C@@H](NC(=O)c1ccccc1)c1ccccc1,0.0
O=C(O)[C@H]1C(C)(C)S[C@H]2[C@H](NC(=O)c3c(OCC)ccc4c3cccc4)C(=O)N12,0.0
O=C(O)[C@H]1C(C)(C)S[C@H]2[C@H](NC(=O)c3c(C)onc3-c3ccccc3)C(=O)N12,0.0
O=C(O)[C@H]1C(C)(C)S[C@H]2[C@@H](N3C(=O)[C@H](c4ccccc4)NC3(C)C)C(=O)N12,0.0
O=C(O)C(C)(C)c1ccc([C@@H](O)CCCN2CCC(C(O)(c3ccccc3)c3ccccc3)CC2)cc1,0.0
O=C(O)[C@H]1C(C)(C)S[C@@H]2[C@@H](/N=C/N3CCCCCC3)C(=O)N12,0.0
O=C(O)[C@H]1C(C)(C)S[C@@H]2[C@@H](NC(=O)c3c(OCC)ccc4c3cccc4)C(=O)N12,0.0
O=C(O)[C@H]1C(C)(C)S[C@H]2[C@@H](N3C(=O)[C@@H](c4ccc(O)cc4)NC3(C)C)C(=O)N12,0.0
O=C(O)[C@H]1[N@@]([C@@]23C[C@@H](C)C[C@@H](C2)CCC3)CC1,1.0
O=C(O)[C@H]1C(C)(C)S[C@@H]2[C@H](NC(=O)C34CC5(N)C[C@H](C3)C[C@@H](C5)C4)C(=O)N12,0.0
O=C(O)[C@H](NC(=O)c1ccc(N(Cc2nc3c(N)nc(N)nc3nc2)C)cc1)CCC(=O)O,0.0
O=C(O)[C@H](NC(=O)C)CCC(=O)N,1.0
O=C(O)[C@H]1[C@@]2(C)[C@H]([C@H]3[C@@H]([C@H](O)C2)[C@]2(C)C([C@@H](C)C3)=CC(=O)CC2)CC1,0.0
O=C(O)[C@H](N)Cc1cc(O)c(O)cc1,1.0
O=C(O)[C@H](N)CCCC(=O)N[C@H]1C(=O)N2[C@H](C(=O)O)C(C)(C)S[C@H]12,0.0
O=C(O)[C@H](C)c1cc(C(=O)c2ccccc2)ccc1,0.0
O=C(O)[C@H](C(=O)N[C@H]1C(=O)N2[C@@H](C(=O)O)C(C)(C)S[C@H]12)c1cscc1,0.0
O=C(O)[C@H](C(=O)N[C@H]1C(=O)N2[C@@H](C(=O)O)C(C)(C)S[C@H]12)c1ccccc1,0.0
O=C(O)[C@H](C(=O)N[C@@]1(OC)C(=O)N2[C@H](C(=O)O)C(C)(C)S[C@H]12)c1cscc1,0.0
O=C(O[C@@H]1[C@@H](C)[C@H](O)[C@H](C)[C@@H](O)[C@H](C)/C=C/C=C(\C)/C(=O)Nc2c(O)c3c(O)c(C)c4O[C@](C)(C(=O)c4c3c3nc4n(c23)C=CC(C)=C4)O/C=C\[C@@H](OC)[C@H]1C)C,0.0
O=C(O)[C@@H]1C(C)(C)S[C@@H]2[C@H](NC(=O)c3c(C(=O)O)nc4c(n3)cccc4)C(=O)N12,0.0
O=C(O)[C@H](NC(=O)C=1C(=O)[C@]2(O)C(O)=C3C(=O)c4c(O)cccc4[C@](O)(C)[C@H]3C[C@H]2[C@H](N(C)C)C=1O)N1CCN(CCO)CC1,0.0
O=C(O)[C@@H]1C(C)(C)S[C@@H]2[C@@H](NC(=O)C3(N)CCCCC3)C(=O)N12,0.0
O=C(O)[C@@H](NC(=O)C)CCCNC(=O)C,1.0
O=C(O)[C@@H]1[C@](Cn2nncc2)(C)S(=O)(=O)[C@@H]2N1C(=O)C2,1.0
O=C(O)[C@@H](N)Cc1c2c([nH]c1)cccc2,1.0
O=C(O)[C@@H](NC(=O)c1ccc(NCc2nc3C(=O)N=C(N)Nc3nc2)cc1)CCC(=O)O,0.0
O=C(O)[C@@H](N)Cc1c2c([nH]c1)ccc(O)c2,1.0
O=C(O)[C@@H](C)c1ccc(CC(C)C)cc1,1.0
O=C(O)[C@@](NN)(Cc1cc(O)c(O)cc1)C,0.0
O=C(O)[C@@H](C(=O)N[C@H]1C(=O)N2[C@H](C(=O)O)C(C)(C)S[C@H]12)c1cscc1,0.0
O=C(NNCc1c(O)c(O)c(O)cc1)[C@H](N)CO,1.0
O=C(O)[C@@H]1CN(CNC(=O)C=2C(=O)[C@@]3(O)C(O)=C4C(=O)c5c(O)cccc5[C@@](O)(C)[C@H]4C[C@H]3[C@H](N(C)C)C=2O)CCC1,0.0
O=C(NN[C@@H](C)c1ccccc1)c1ccccc1,1.0
O=C(O)[C@@H](N)CCCCNCNC(=O)C=1C(=O)[C@]2(O)C(O)=C3C(=O)c4c(O)cccc4[C@](O)(C)[C@H]3C[C@H]2[C@H](N(C)C)C=1O,0.0
O=C(O)[C@H]1[C@H](O)C[C@@]2(O)O[C@@H]1C[C@@H](O[C@@H]1[C@@H](O)[C@H](N)[C@@H](O)[C@H](C)O1)/C=C/C=C/C=C\C=C\C=C\C=C\C=C\[C@H](C)[C@@H](O)[C@@H](C)[C@@H](C)OC(=O)C[C@H](O)C[C@@H](O)CC[C@@H](O)[C@@H](O)C[C@@H](O)C2,0.0
O=C(O)[C@H]1[C@@H](O)C[C@@]2(O)O[C@H]1C[C@H](O[C@H]1[C@H](O)[C@@H](N)[C@H](O)[C@H](C)O1)/C=C\C=C\C=C\C=C\C=C/C=C/C=C/[C@H](C)[C@@H](O)[C@H](C)[C@@H](C)OC(=O)C[C@@H](O)C[C@H](O)C[C@H](O)CC[C@H](O)[C@@H](O)C2,0.0
O=C(O)/C(/CC/C=C(\C)/C)=C/1\[C@@H](OC(=O)C)C[C@]2(C)[C@]3(C)[C@H]([C@@H](O)C[C@H]\12)[C@@]1(C)[C@H]([C@H](C)[C@@H](O)CC1)CC3,0.0
O=C(NCN1CCN(CCO)CC1)C=1C(=O)[C@]2(O)C(O)=C3C(=O)c4c(O)cccc4[C@@](O)(C)[C@@H]3C[C@@H]2[C@H](N(C)C)C=1O,0.0
O=C(NCN1CCCC1)C=1C(=O)[C@]2(O)C(O)=C3C(=O)c4c(O)cccc4[C@@](O)(C)[C@@H]3C[C@@H]2[C@@H](N(C)C)C=1O,0.0
O=C(NCN1CCN(C(=N)N[C-]([N+H3])N)CC1)C=1C(=O)[C@]2(O)C(O)=C3C(=O)c4c(O)cccc4[C@](O)(C)[C@H]3C[C@H]2[C@H](N(C)C)C=1O,0.0
O=C(NCCOc1c(-c2ccccc2)nc2c(c1C(=O)N[C@@H](CC)c1ccccc1)cccc2)Cc1ncccc1,0.0
O=C(NCCN1CCN(CC1)c2ncccn2)C45CC3CC(CC(C3)C4)C5,0.0
O=C(NCCOc1c(-c2ccccc2)nc2c(c1C(=O)N[C@@H](CC)c1ccccc1)cccc2)Cc1c(C(=O)O)cccc1,0.0
O=C(NCCCC(=O)O)[C@H](O)C(CO)(C)C,1.0
O=C(NCCC)N1C(=O)O[C@H](c2ccccc2)C1,1.0
O=C(NCCOc1c(-c2ccccc2)nc2c(c1C(=O)N[C@@H](CC)c1ccccc1)cccc2)[C@H]1NCCC1,0.0
O=C(NCCC)c1cc2N(CCN3CCCC3)c3c(Sc2cc1)cccc3,1.0
O=C(NCCC)c1cc2N([C@H](CN3CCCC3)C)c3c(Sc2cc1)cccc3,1.0
O=C(NCCOC=2C(=C1C=CC=CC1=NC=2/C3=C/C=CC=C3)C(=O)N[C@@]([H])(CC)C4=CC=CC=C4)[C@@]5([H])CCCN5,0.0
O=C(NC1CCN(CC1)Cc3ccc2ccccc2c3)NC(=O)c4ccccc4,0.0
O=C(Nc1scc(/C(=N\OC)/C(=O)N[C@H]2C(=O)N3C(C(=O)OCOC(=O)C(C)(C)C)=CCS[C@H]23)n1)[C@H](N)C,0.0
O=C(Nc1ccccc1)NC=1ONN([C@@H](Cc2ccccc2)C)C=1,0.0
O=C(Nc1ccccc1)OCC2(CCCC2)COC(=O)Nc3ccccc3,1.0
O=C(Nc1cc(-c2nc(N[C-]([N+H3])N)sc2)ccc1)C,1.0
O=C(Nc1ccc(OC(=O)[C@H]2NC(=O)CC2)cc1)C,1.0
O=C(Nc1cc(C(=O)C)c(OC[C@@H](O)CNC(C)C)cc1)CCC,1.0
O=C(NC1C[C@@H]2N(C)[C@H](C1)CC2)N1c2c(C(C)(C)C1)cccc2,0.0
O=C(Nc1c(O)ccc([C@H](O)CNC(C)(C)C)c1)N,1.0
O=C(NC1C[C@@H]2N(Cc3ccccc3)[C@H](C1)CC2)c1c(OC)c(OC)ccc1,1.0
O=C(NC[C@H](CCCC)CC)C[C@H](O)C,1.0
O=C(NC1CCCCC1)[C@@H]1CN(C)[C@H]2[C@H](c3c4c(n(C(C)C)cc4C2)ccc3)C1,1.0
O=C(NC(=O)[C@H]([C@@H](CC)C)CC)N,1.0
O=C(NC[C@@H]1N(CC)CCC1)c1c(OC)ccc(C(=O)C)c1,1.0
O=C(NC(=O)/C(=C/C)/CC)N,1.0
O=C(NC(=O)[C@@H](CC)c1ccccc1)N,1.0
O=C(NC1C[C@@H]2N(C)[C@H](C1)CC2)C=1C(=O)c2c(N(C3CCCCC3)C=1)cccc2,0.0
O=C(N1CCOCC1)c2cccnc2,1.0
O=C(N1CCCCC1)[C@H]1NC(=O)CC1,1.0
O=C(N1CCN(CC1)Cc2ccccc2)c3ccccn3,1.0
O=C(N1CCN(CC1)Cc2ccccc2)c4cc3ccccc3o4,1.0
O=C(N1C(=O)[C@](CC)(c2ccccc2)C(=O)NC1=O)c1ccccc1,0.0
O=C(N1CC(=O)N2[C@@H](c3c(cccc3)CC2)C1)C1CCCCC1,1.0
O=C(N[C@H]1C=2C(c3c(OC)c(OC)c(OC)cc3CC1)=CC=C(OC)C(=O)C=2)C,1.0
O=C(N[C@H]1C(=O)N2C(C(=O)O)=C(OC)CS[C@H]12)[C@H](N)C1C=CCC=C1,0.0
O=C(N[C@H]1C(=O)N2C(C(=O)O)=C(COC(=O)C)CS[C@H]12)Cc1sccc1,0.0
O=C(N[C@H]1C(=O)N2C(C(=O)O)=C(COC(=O)C)CS[C@H]12)Cc1ccccc1,0.0
O=C(N[C@H]1C(=O)N2C(C(=O)O)=C(COC(=O)C)CS[C@H]12)CC#N,0.0
O=C(N[C@H]1C(=O)N2C(C(=O)O)=C(COC(=O)C)CS[C@H]12)[C@@H](N)c1ccccc1,0.0
O=C(N[C@H]1C(=O)N2C(C(=O)O)=C(COC(=O)C)CS[C@H]12)/C(=N/OC)/c1occc1,0.0
O=C(N[C@H]1C(=O)N2C(C(=O)O)=C(CN3N(CCO)C(N)=CC3)CS[C@@H]12)/C(=N/OC)/c1nc(N)sc1,0.0
O=C(N[C@H]1C(=O)N2C(C(=O)O)=C(CN3C=CC(C(=O)N)C=C3)CS[C@H]12)Cc1sccc1,0.0
O=C(N[C@H]1C(=O)N2C(C(=O)O)=C(C=C)CS[C@H]12)/C(=N/OCC(=O)O)/c1nc(N)sc1,0.0
O=C(N[C@H]1C(=O)N2C(C(=O)O)=C(CN3C4=C(CC=C3)CCCC4)CS[C@H]12)/C(=N/OC)/c1nc(N)sc1,0.0
O=C(N[C@H]1C(=O)N2C(C(=O)O)=C(C)CS[C@H]12)Cc1ccc(C2=NCCCN2)cc1,0.0
O=C(N[C@H]1C(=O)N2C(C(=O)O)=C(C)CS[C@H]12)[C@@H](N)c1ccc(O)cc1,0.0
O=C(N[C@H]1C(=O)N2C(C(=O)O)=C(/C=C/c3c(C)ncs3)CS[C@@H]12)/C(=N/OC)/c1nc(N)sc1,0.0
O=C(N[C@H]1C(=O)N2[C@H](C(=O)O)C(C)(C)S[C@H]12)[C@H](N=C)c1ccccc1,0.0
O=C(N[C@H]1C(=O)N2[C@H](C(=O)O[C@@H]3OC(=O)c4c3cccc4)C(C)(C)S[C@H]12)[C@H](N)c1ccccc1,0.0
O=C(N[C@H]1C(=O)N2[C@@H](C(=O)OCOC(=O)C(C)(C)C)C(C)(C)S[C@@H]12)[C@H](N)c1ccccc1,0.0
O=C(N[C@H]1C(=O)N2[C@H](C(=O)O)C(C)(C)S[C@H]12)[C@@H](/N=C/c1occc1)c1ccc(O)cc1,0.0
O=C(N[C@H]1C(=O)N2[C@@H](C(=O)O)C(C)(C)S[C@H]12)COc1ccccc1,0.0
O=C(N[C@H]1C(=O)N2[C@@H](C(=O)O)C(C)(C)S[C@H]12)Cc1ccccc1,0.0
O=C(N[C@H]1C(=O)N2[C@@H](C(=O)O)C(C)(C)S[C@H]12)[C@H](N)c1ccccc1,0.0
O=C(N[C@H]1C(=O)N2[C@@H](C(=O)O)C(C)(C)S[C@H]12)[C@H](N)c1ccc(O)cc1,0.0
O=C(N[C@H]1C(=O)N2[C@@H](C(=O)O)C(C)(C)S[C@@H]12)[C@H](Oc1ccccc1)CC,0.0
O=C(N[C@H]1C(=O)N2[C@@H](C(=O)OCOC(=O)[C@H]3C(C)(C)S(=O)(=O)[C@@H]4N3C(=O)C4)C(C)(C)S[C@@H]12)[C@H](N)c1ccccc1,0.0
O=C(N[C@H]1C(=O)N2[C@@H](C(=O)O)C(C)(C)S[C@@H]12)[C@@H](NC(=O)N1C(=O)C(=O)N(CC)CC1)c1ccccc1,0.0
O=C(NCCCC[C@H]1C(=O)N[C@H](CCCN)C(=O)N[C@@H]([C@H](CC)C)C(=O)N[C@H](Cc2ccccc2)C(=O)N[C@@H](Cc2nc[nH]c2)C(=O)N[C@H](CC(=O)O)C(=O)N[C@@H](CC(=O)N)C(=O)N1)[C@@H](NC(=O)[C@H](NC(=O)[C@@H](NC(=O)[C@H]1N[C@@H]([C@H](N)[C@@H](CC)C)SC1)CC(C)C)CCC(=O)O)[C@H](CC)C,1.0
O=C(N[C@H]1[C@H](O[C@@H]2[C@@H](O)[C@H](NC)[C@](O)(C)CO2)[C@@H](O)[C@@H](O[C@@H]2[C@H](O)[C@@H](O)[C@H](O)[C@H](CN)O2)[C@H](N)C1)[C@@H](O)CN,0.0
O=C(N[C@H]1[C@H](c2ccccc2)C1)[C@H]1NC(=O)CC1,0.0
O=C(N[C@H]1[C@H](O[C@@H]2[C@@H](O)[C@@H](N)[C@H](O)[C@H](CO)O2)[C@@H](O)[C@H](O[C@H]2[C@H](O)[C@H](O)[C@@H](O)[C@@H](CN)O2)[C@@H](N)C1)[C@@H](O)CCN,0.0
O=C(N[C@H]1[C@@H](C)N(OCC(=O)OCC(=O)OC(C)(C)C)C1=O)/C(=N\OC)/c1nc(N)sc1,1.0
O=C(N[C@H]/1[C@@]2(C)C(=O)[C@H](C)[C@H](OC2=O)C[C@H](OC(=O)C)/C=C\C(\C)=C/C[C@H](O)/C=C/C(/C)=C\1)C(=O)C,0.0
O=C(N[C@H](CC(N(C)C)(C)C)C)[C@@H]1OS(=O)(=O)c2c(cc(OC)c(OC)c2)C1,1.0
O=C(N[C@H]1[C@@H](O)[C@H](C)O[C@H](O[C@@H]2c3c(O)c4C(=O)c5c(OC)cccc5C(=O)c4c(O)c3C[C@](O)(C(=O)CO)C2)C1)[C@@H](N)CC(C)C,0.0
O=C(NC/C=C/C=C(/[C@@H](OC)[C@@H](C)[C@@H]1[C@@H](O)[C@H](O)[C@H](/C=C/C=C/C=C(/C(=O)C=2C(=O)N(C)C=CC=2O)\C)O1)\C)[C@H](CC)[C@@]1(O)[C@H](O)[C@@H](O[C@@H]2[C@@H](O)[C@H](OC)[C@@H](O[C@@H]3[C@@H](OC)[C@H](O)[C@@H](OC)[C@H](C)O3)[C@@H](C)O2)C(C)(C)[C@@H](/C=C/C=C/C)O1,0.0
O=C(O[C@@H]1[C@@](O)(C(=O)OC)[C@@H]2N(C=O)c3c(cc(c(OC)c3)[C@@]3(C(=O)OC)c4[nH]c5c(c4CC[N@@]4C[C@@](O)(CC)C[C@H](C3)C4)cccc5)[C@@]32[C@H]2[C@]1(CC)C=CC[N@]2CC3)C,0.0
O=C(N[C@](Cc1ccccc1)(C)c1ccccc1)CN,1.0
O=C(O[C@@H]1[C@@](O)(C(=O)OC)[C@@H]2N(C)c3c(cc(c(OC)c3)[C@@]3(C(=O)OC)c4[nH]c5c(c4CC[N@@]4C[C@@](O)(CC)C[C@H](C3)C4)cccc5)[C@@]32[C@H]2[C@]1(CC)C=CC[N@]2CC3)C,0.0
O=C(N[C@H](C(=O)N[C@H]1C(=O)N2[C@@H](C(=O)O)C(C)(C)S[C@@H]12)c1ccc(O)cc1)[C@@H](N)CC(=O)NC,0.0
O=C(N[C@@H]1C(=O)N2C(C(=O)O)=CCS[C@H]12)/C(=N/OC)/C=1NC(=N)SC=1,0.0
O=C(N[C@@H]1C(=O)N2C(C(=O)OCC(=O)OC(C)(C)C)=C(C)CS[C@H]12)[C@@H](N)c1ccccc1,0.0
O=C(N[C@@H]1C(=O)N2C(C(=O)O)=CCS[C@@H]12)/C(=C/CC(=O)O)/c1nc(N)sc1,0.0
O=C(N[C@@H]1C(=O)N2C(C(=O)O)=C(COC)CS[C@H]12)/C(=N/OC)/c1nc(N)sc1,0.0
O=C(N[C@@H]1C(=O)N2C(C(=O)O)=C(COC)CS[C@@H]12)/C(=N/O)/c1nc(N)sc1,0.0
O=C(N[C@@H]1C(=O)N2C(C(=O)O)=C(COC(=O)C)CS[C@@H]12)/C(=N/OC)/c1nc(N)sc1,0.0
O=C(N[C@@H]1C(=O)N2C(C(=O)O)=C(CN3NC(C)=NN3)CS[C@@H]12)/C(=N/OC)/c1nc(N)sc1,0.0
O=C(N[C@@H]1C(=O)N2C(C(=O)O)=C(CN3C=CCC=C3)CS[C@@H]12)Cc1sccc1,0.0
O=C(N[C@H]1C(=O)N2[C@@H](C(=O)O)C(C)(C)S[C@@H]12)[C@H](NCNC(=O)C=1C(=O)[C@@]2(O)C(O)=C3C(=O)c4c(O)cccc4[C@](O)(C)[C@@H]3C[C@@H]2[C@H](N(C)C)C=1O)c1ccccc1,0.0
O=C(N[C@@H]1C(=O)N2C(C(=O)O)=C(C=C)CS[C@@H]12)/C(=N/O)/c1nc(N)sc1,0.0
O=C(N[C@@H]1C(=O)N2C(C(=O)O)=C(CN3C4=C(CC=C3)CCC4)CS[C@H]12)/C(=N/OC)/c1nc(N)sc1,0.0
O=C(N[C@@H]1C(=O)N2C(C(=O)O)=C(C)CS[C@@H]12)[C@H](N)C1=CCC=CC1,0.0
O=C(N[C@@H]1C(=O)N2C(C(=O)O)=C(CN3[C@H]4N(N=CC=C4)C=C3)CS[C@H]12)/C(=N/OC)/c1nc(N)sn1,0.0
O=C(N[C@@H]1C(=O)N2C(C(=O)O)=C(C[N+]3([C-H2])CCCC3)CS[C@@H]12)/C(=N/OC)/c1nc(N)sc1,0.0
O=C(N[C@@H]1C(=O)N2C(C(=O)O)=C(C)CS[C@@H]12)/C(=N/OC)/c1nc(N)sc1,0.0
O=C(N[C@@H]1C(=O)N2C(C(=O)O)=C(CN3C=CCC=C3)CS[C@@H]12)/C(=N/O[C@@H]1C(=O)NCC1)/c1sc(N)nc1,0.0
O=C(N[C@@H]1C(=O)N2[C@H](C(=O)OCOC(=O)C)C(C)(C)S[C@@H]12)Cc1ccccc1,0.0
O=C(N[C@@H]1C(=O)N2C(C(=O)O)=C(C[N+]34CCC(C(=O)N)(CC3)C[C-H]4)CS[C@H]12)/C(=N/OC)/c1nc(N)sn1,0.0
O=C(N[C@@H]1C(=O)N2[C@H](C(=O)O)C(C)(C)S[C@@H]12)[C@H](Oc1ccccc1)C,0.0
O=C(N[C@@H]1C(=O)N2[C@H](C(=O)OCC3=C(C)OC(=O)O3)C(C)(C)S[C@@H]12)[C@@H](N)c1ccccc1,0.0
O=C(NCN(CCN(CNC(=O)C=1C(=O)[C@]2(O)C(O)=C3C(=O)c4c(O)cccc4[C@@](O)(C)[C@H]3C[C@H]2[C@H](N(C)C)C=1O)C)C)C=1C(=O)[C@]2(O)C(O)=C3C(=O)c4c(O)cccc4[C@@](O)(C)[C@@H]3C[C@@H]2[C@H](N(C)C)C=1O,0.0
O=C(N[C@@H]1C(=O)N2[C@H](C(=O)O)C(C)(C)S[C@H]12)[C@H](NC(=O)CNC(=N)c1ccncc1)c1ccccc1,0.0
O=C(N[C@@H]1C(=O)N2[C@H](C(=O)O)C(C)(C)S[C@@H]12)[C@@H](N)C1=CCC=CC1,0.0
O=C(N[C@@H]1C(=O)N2[C@H](C(=O)O)C(C)(C)S[C@@H]12)[C@@H]([N-][N+H]=N)c1ccccc1,1.0
O=C(N[C@@H]1C(=O)N2[C@@H](C(=O)O)C(C)(C)S[C@H]12)C(Oc1ccccc1)(C)C,0.0
O=C(N[C@H](C(=O)N1[C@@H](C(=O)N[C@@H](C(=O)N[C@@H](C=O)CCCN)CC)CCC1)Cc1ccccc1)[C@H](NC(=O)[C@@H](NC(=O)[C@@H](NC(=O)[C@H]1N(C(=O)[C@H](NC(=O)[C@@H](N)CC(C)C)Cc2ccccc2)CCC1)CC)CCCN)CC(C)C,1.0
O=C(N[C@@H]1[C@H](C)N(OCC(=O)O)C1=O)/C(=N\OC)/c1nc(N)sc1,0.0
O=C(N[C@@H]1C(=O)N2[C@H](C(=O)O)C(C)(C)S[C@H]12)[C@@H](NC(=O)c1c(O)c2ncccc2nc1)c1ccccc1,0.0
O=C(N[C@@H]1C(=O)[C@@H]2[C@@H](C(=O)O)C(C)(C)S[C@H]12)[C@@H](Oc1ccccc1)c1ccccc1,0.0
O=C(N[C@@H]1[C@H](O[C@H]2[C@@H](O)[C@H](N)[C@@H](O)[C@H](CO)O2)[C@@H](O)[C@@H](O[C@@H]2[C@@H](N)CC[C@H](CN)O2)[C@H](N)C1)[C@H](O)CCN,0.0
O=C(N[C@@H]1C(=O)N2[C@H](C(=O)O)C(C)(C)S[C@@H]12)[C@@H](NC(=O)Cc1ccc(C2=NCCCN2)cc1)c1ccccc1,0.0
O=C(N[C@@H](CC)c1ccccc1)c1c(O)c(-c2ccccc2)nc2c1cccc2,0.0
O=C(N[C@@H](CC)c1ccccc1)c1c(OCCCN(C)C)c(-c2ccccc2)nc2c1cccc2,0.0
O=C(N[C@@H](CC)c1ccccc1)c1c(C)c(-c2ccccc2)nc2c1cccc2,0.0
O=C(N[C@H]1[C@H](C)OC(=O)[C@@H](c2ccccc2)NC(=O)[C@@H]2N(C(=O)[C@H](Cc3ccccc3)N(C)C(=O)[C@@H]3N(C(=O)[C@H](CC)NC1=O)CCC3)CCC(=O)C2)c1c(O)cccn1,0.0
O=C(N[C@@H](C(=O)N1[C@H](C(=O)N[C@@H](C=O)Cc2ccccc2)CCC1)CCCN)[C@H](NC(=O)[C@H](NC(=O)[C@H](N)CC(C)C)CCCN)C(C)C,1.0
O=C(N[C@@H](CC)c1ccccc1)c1c(Cn2cncc2)c(-c2ccccc2)nc2c1cccc2,0.0
O=C(N[C@@H]1[C@@H](O)Cc2c1cccc2)[C@@H](C[C@H](O)CN1[C@@H](C(=O)NC(C)(C)C)CN(Cc2cnccc2)CC1)Cc1ccccc1,0.0
O=C(N)N1c2c([C@H]3O[C@@H]3c3c1cccc3)cccc2,1.0
O=C(N)CN1C(=O)C[C@H](O)C1,1.0
O=C(N)CN1C(=O)[C@H](c2ccccc2)c2c1cccc2,1.0
O=C(N)Cc1ccc(OC[C@H](O)CNC(C)C)cc1,1.0
O=C(N)c1nn([C@@H]2[C@H](O)[C@H](O)[C@@H](CO)O2)nc1,0.0
O=C(N[C@@H]([C@@H](O)CN1[C@@H](C(=O)NC(C)(C)C)C[C@H]2[C@H](C1)CCCC2)Cc1ccccc1)[C@@H](NC(=O)c1nc2c(cc1)cccc2)CC(=O)N,0.0
O=C(N)C=1C(=O)[C@]2(O)C(O)=C3C(=O)c4c(O)cccc4C(=C)[C@H]3[C@@H](O)[C@H]2[C@@H](N(C)C)C=1O,0.0
O=C(N)C=1C(=O)[C@]2(O)C(O)=C3C(=O)c4c(O)cccc4[C@H](C)[C@@H]3[C@H](O)[C@@H]2[C@H](N(C)C)C=1O,0.0
O=C(N)C=1C(=O)[C@]2(O)C(O)=C3C(=O)c4c(O)cccc4[C@@](O)(C)[C@@H]3C[C@@H]2[C@@H](N(C)C)C=1O,0.0
O=C(N/N=C(\C)/[C@@]1(O)C[C@@H](O[C@@H]2O[C@H](C)[C@H](O)[C@@H](N)C2)c2c(O)c3C(=O)c4c(OC)cccc4C(=O)c3c(O)c2C1)c1ccccc1,0.0
O=C(N)C=1C(=O)[C@]2(O)C(O)=C3C(=O)c4c(O)cccc4[C@@](O)(C)[C@@H]3[C@H](O)[C@@H]2[C@H](N(C)C)C=1O,0.0
O=C(N)C=1C(=O)[C@]2(O)C(O)=C3C(=O)c4c(O)c(N)ccc4C[C@H]3C[C@H]2[C@H](N(C)C)C=1O,0.0
O=C(N)C=1C(=O)[C@]2(O)C(O)=C3C(=O)c4c(O)ccc(N(C)C)c4C[C@H]3C[C@H]2[C@@H](N(C)C)C=1O,0.0
O=C(N)[C@H]([C@H](CC)C)CC,1.0
O=C(N)[C@]1(CC)[C@H](CCC)O1,1.0
O=C(N)[C@@H](CC)N1C(=O)CCC1,1.0
O=C(N)C=1C(=O)[C@@]2(O)C(O)=C3C(=O)c4c(O)cccc4[C@H](O)[C@@H]3C[C@@H]2[C@@H](N(C)C)C=1O,0.0
O=C(N(CC)CC)Nc1cc(C(=O)C)c(OC[C@@H](O)CNC(C)(C)C)cc1,1.0
O=C(N[C@@]1(C)C(=O)N2[C@@H](Cc3ccccc3)C(=O)N3[C@H]([C@]2(O)O1)CCC3)[C@H]1CN(C)[C@H]2[C@@H](c3c4c([nH]cc4C2)ccc3)C1,1.0
O=C(N(CC)CC)N[C@H]1CN(C)[C@H]2[C@H](c3c4c([nH]cc4C2)ccc3)C1,1.0
O=C(N(CC)CC)N[C@H]1C=C2[C@H](N(C)C1)Cc1c3c([nH]c1)cccc23,1.0
O=C(N(CC)CC)[C@]1([C@@H](CN)C1)c1ccccc1,1.0
O=C(N(CC)CC)[C@H]1[C@@H](C(=O)N(CC)CC)[C@H]2C=C[C@@H]1C2,1.0
O=C(N(CC)c1cc(C=2N3NCC(C#N)=C3N=CC=2)ccc1)C,0.0
O=C(N(c1ccccc1)[C@@]1(C(=O)OC)[C@@H](C)CN(CCc2ccccc2)CC1)CC,1.0
O=C(N(C)C)CC1=C(c2ccc(C)cc2)N[C@H]2N1C=C(C)C=C2,1.0
O=C(N(C)C)[C@H](N(C(=O)/C=C/C)CCC)CC,1.0
O=C(N(C)C)[C@@H](N(C(=O)/C=C/C)CC)CC,1.0
O=C(N(C1CCN(CC1)CCc2ccccc2)c3cnccn3)c4ccco4,0.0
O=C(N(C)[C@H]1[C@H](OC)[C@@H](O)[C@H](N)[C@@H](O[C@@H]2[C@@H](N)CC[C@@H]([C@@H](N)C)O2)[C@@H]1O)CN,0.0
O=C(N[C@@H]1[C@@H](C)OC(=O)[C@H](c2ccccc2)NC(=O)[C@H]2N(C(=O)[C@@H](Cc3ccc(N(C)C)cc3)N(C)C(=O)[C@H]3N(C(=O)[C@@H](C)NC1=O)CCC3)CCC(=O)C2)c1c(O)cccn1,0.0
O=C(N[C@@H]1[C@@H](C)OC(=O)[C@H](c2ccccc2)NC(=O)[C@H]2N(C(=O)[C@@H](Cc3ccc(N(C)C)cc3)N(C)C(=O)[C@H]3N(C(=O)[C@@H](CC)NC1=O)CCC3)CCC(=O)C2)c1c(O)cccn1,0.0
O=C(N(C(=O)[C@H]1CN(CC=C)[C@@H]2[C@@H](c3c4c([nH]cc4C2)ccc3)C1)CCCN(C)C)NCC,1.0
O=C(N([C@@H](CN1C[C@@H](O)CC1)c1ccccc1)C)Cc1c(N)cccc1,1.0
O=C(N([C@@H](CN1C[C@H](O)CC1)c1ccccc1)C)C(c1ccccc1)c1ccccc1,1.0
O=C(CO)[C@]1(O)C(=C)C[C@H]2[C@@]1(C)C[C@H](O)[C@@H]1[C@@]3(C)C(=CC(=O)CC3)C=C[C@H]21,0.0
O=C(CO)[C@]1(O)C(=C)C[C@@H]2[C@@]1(C)C[C@H](O)[C@@H]1[C@]3(C)C(=CC(=O)C=C3)CC[C@@H]21,0.0
O=C(CO)[C@]1(O)C[C@H](O[C@H]2O[C@@H](C)C[C@@H](N)C2)c2c(O)c3C(=O)c4c(OC)cccc4C(=O)c3c(O)c2C1,0.0
O=C(CO)[C@]1(O)[C@]2(C)[C@H]([C@@H]3[C@@H]([C@@H](O)C2)[C@@]2(C)[C@@H](C(=O)C=C2)C(=O)CC3)CC1,0.0
O=C(N(CC)CC)COc1c2c3c(O)c(C)c4O[C@](C)(C(=O)c24)O/C=C/[C@@H](OC)[C@H](C)[C@@H](OC(=O)C)[C@H](C)[C@@H](O)[C@H](C)[C@H](O)[C@@H](C)/C=C\C=C(\C)/C(=O)Nc(c3O)c1,0.0
O=C(CO)[C@]1(O)[C@]2(C)[C@@H]([C@@H]3[C@@H]([C@H](O)C2)[C@@]2(C)C([C@H](C)C3)=CC(=O)C=C2)CC1,0.0
O=C(CO)[C@@H]1[C@]23[C@@H](O)O[C@H]([C@H]4[C@@]5(C)C(=CC(=O)CC5)CC[C@@H]4[C@H]2CC1)C3,0.0
O=C(CO)[C@@H]1[C@]2(C)[C@H]([C@H]3[C@H]([C@H](O)C2)[C@]2(C)C(=CC(=O)CC2)CC3)CC1,0.0
O=C(CO)[C@@H]1[C@@]2(C)[C@@H]([C@@H]3[C@@H](C(=O)C2)[C@@]2(C)[C@@H](C[C@H](O)CC2)CC3)CC1,0.0
O=C(CO)[C@@H]1[C@@]2(C=O)[C@@H]([C@H]3[C@H]([C@@H](O)C2)[C@]2(C)C(=CC(=O)CC2)CC3)CC1,0.0
O=C(CO)[C@]1(O)C[C@H](O[C@H]2O[C@H](C)[C@H](O[C@H]3OCCCC3)[C@@H](N)C2)c2c(O)c3C(=O)c4c(OC)cccc4C(=O)c3c(O)c2C1,0.0
O=C(CO)[C@@]12[C@]3(C)[C@@H]([C@@H]4[C@@H]([C@H](O)C3)[C@]3(C)C(=CC(=O)C=C3)CC4)C[C@@H]1OC(C)(C)O2,0.0
O=C(CO)[C@@]1(O)[C@@H](C)C[C@H]2[C@]1(C)CC(=O)[C@H]1[C@]3(C)C(=CC(=O)C=C3)CC[C@H]21,0.0
O=C(CO)[C@@]12[C@]3(C)[C@@H]([C@@H]4[C@@H]([C@H](O)C3)[C@@]3(C)C(=CC(=O)C=C3)CC4)C[C@@H]1O[C@H](CCC)O2,0.0
O=C(CO)[C@@]1(O)[C@@]2(C)[C@H]([C@H]3[C@H](C(=O)C2)[C@@]2(C)C(=CC(=O)CC2)CC3)CC1,0.0
O=C(CO)[C@@]1(O)C[C@H](O[C@H]2O[C@H](C)[C@@H](O)[C@H](N)C2)c2c(O)c3C(=O)c4c(OC)cccc4C(=O)c3c(O)c2C1,0.0
O=C(Cn1ccnc1)c3ccc2ccccc2c3,0.0
O=C(CO)[C@@]1(O)C[C@@H](O[C@@H]2O[C@H](C)[C@@H](O)[C@H](N)C2)c2c(O)c3C(=O)c4c(C(=O)c3c(O)c2C1)cccc4,0.0
O=C(CO)[C@@]1(O)[C@@]2(C)[C@H]([C@H]3[C@H]([C@@H](O)C2)[C@]2(C)C(=CC(=O)C=C2)CC3)CC1,0.0
O=C(CO)[C@@]1(O)[C@@]2(C)[C@H]([C@H]3[C@@H]([C@]4(C)C(=CC(=O)CC4)CC3)CC2)CC1,0.0
O=C(CN1CCCC1=O)NNC(=O)CN2CCCC2=O,1.0
O=C(CCNNC(=O)c1ccncc1)NCc2ccccc2,1.0
O=C(CO)[C@@]1(O)[C@@]2(C)[C@H]([C@H]3[C@@H]([C@]4(C)C(=CC(=O)C=C4)CC3)C(=O)C2)CC1,0.0
O=C(CCc1ccccc1)c1c(OC[C@@H](O)CNCCC)cccc1,1.0
O=C(Cc1ccccc1)N1[C@@H](CN2C[C@H](O)CC2)CN(C(=O)C)CC1,1.0
O=C(CCCCC)CC[C@@]1(C)[C@]2(C)c3c(ccc(O)c3)C[C@@H]1N(C)CC2,1.0
O=C(Cc1ccc(OC)cc1)N1[C@@H](CN2C[C@H](O)CC2)CN(C(=O)C)CC1,1.0
O=C(CN1[C@H]2[C@@H]3[C@](c4c(ccc(O)c4)C2)(CC1)CCCC3)c1ccccc1,0.0
O=C(Cc1cc(OC)ccc1)N1[C@@H](CN2C[C@H](O)CC2)CN(C(=O)C)CC1,1.0
O=C(CC)c1cc2N(C[C@H](N(C)C)C)c3c(Sc2cc1)cccc3,1.0
O=C(c1ccccc1)C=1NC2=[N+H][C-](OC)C(CC)=C(C)N2C=1,1.0
O=C(C=Cc2ccc1OCOc1c2)N3CCCCC3,1.0
O=C(c1ccccn1)c2cnn3c(ccnc23)c4ccncc4,0.0
O=C(CN1CCN(C)CC1)[C@]1(O)[C@]2(C)[C@H]([C@H]3[C@@H]([C@H](O)C2)[C@]2(C)C(=CC(=O)C=C2)CC3)CC1,0.0
O=C(CC)[C@]1(C)[C@H](C)C[C@@H]2[C@@]1(C)C[C@H](O)[C@@H]1[C@@]3(C)C(=CC(=O)C=C3)CC[C@@H]21,0.0
O=C(CC)[C@@]1(O)[C@@]2(C)[C@H]([C@H]3[C@H]([C@H](O)C2)[C@]2(C)C(=CC(=O)CC2)CC3)CC1,0.0
O=C(C[C@@H]1N(C)[C@H](C[C@@H](O)c2ccccc2)CCC1)c1ccccc1,1.0
O=C(C)N2C[C@@]([H])(CN1CC[C@@](O)([H])C1)N(CC2)C(=O)C/C3=C/C=C(C=C3)N(=O)=O,1.0
O=C(C)N2C[C@@]([H])(CN1CC[C@@](O)([H])C1)N(CC2)C(=O)C/C3=C/C=C(C=C3)[S](=O)C,1.0
O=C(C)N2C[C@@]([H])(CN1CC[C@@](O)([H])C1)N(CC2)C(=O)C/C3=C/C=C(C=C3)C([F])([F])[F],0.0
O=C(C)N2C[C@@]([H])(CN1CC[C@@](O)([H])C1)N(CC2)C(=O)C/C3=C/C=C(/OC)C=C3,1.0
O=C(C)N2C[C@@]([H])(CN1CC[C@@](O)([H])C1)N(CC2)C(=O)C/C3=C/C=C(C=C3)[S](=O)(=O)C,1.0
O=C(C)N2C[C@@]([H])(CN1CC[C@@](O)([H])C1)N(CC2)C(=O)C/C3=C/C(=CC=C3)N(=O)=O,1.0
O=C(C)N2C[C@@]([H])(CN1CC[C@@](O)([H])C1)N(CC2)C(=O)C/C3=C/C([F])=CC([F])=C3,1.0
O=C(C)c1cc2N(C[C@@H](N(C)C)C)c3c(Sc2cc1)cccc3,1.0
O=C(C)[C@H]1[C@@]2(C)[C@H]([C@H]3[C@H]([C@]4(C)[C@H](C[C@@H](O)CC4)CC3)CC2)CC1,0.0
O=C(C)[C@H]1[C@@]2(C)[C@H]([C@H]3[C@H]([C@@H](O)C2)[C@@]2(C)C([C@@H](C)C3)=CC(=O)C=C2)CC1,0.0
O=C(C)C=1C(=O)[C@]2(O)C(=O)c3c(O)c4c(O)c(C)ccc4c(C)c3C[C@H]2[C@H](N)C=1O,0.0
O=C(C)[C@H]1[C@@]2(C)[C@@H]([C@@H]3[C@@H](C(=O)C2)[C@@]2(C)[C@@H](C[C@H](O)CC2)CC3)CC1,0.0
O=C(C)[C@H]1[C@@]2(C)[C@@H]([C@@H]3[C@H]([C@H](N(C)C)C2)[C@@]2(C)[C@@H](C[C@H](O)[C@@H](OCC)C2)CC3)CC1,1.0
O=C(C)[C@]1(O)[C@H](O)C[C@@H]2[C@@]1(C)CC[C@@H]1[C@@]3(C)C(=CC(=O)CC3)CC[C@@H]21,0.0
O=C(C)[C@@H]1[C@]2(C)[C@H]([C@H]3[C@@H]([C@]4(C)C(=CC(=O)CC4)CC3)CC2)CC1,0.0
O=C(C)[C@]1(O)[C@]2(C)[C@@H]([C@@H]3[C@@H]([C@H](O)C2)[C@@]2(C)C(=CC(=O)C=C2)CC3)CC1,0.0
O=C(C)[C@@H]1[C@]2(C)[C@H]([C@H]3[C@@H]([C@]4(C)[C@]5([C@@H](O)C3)[C@@H](C5)CC4)CC2)CC1,0.0
O=C(C)[C@]1(O)C[C@H](O[C@H]2O[C@H](C)[C@@H](O)[C@H](N)C2)c2c(O)c3C(=O)c4c(OC)cccc4C(=O)c3c(O)c2C1,0.0
O=C(C)[C@@H]1[C@]2(C)[C@@H]([C@@H]3[C@@H]([C@@]4(C)[C@@H](C[C@](O)(C)CC4)CC3)CC2)CC1,0.0
O=C(C(C[C@@H](N(C)C)C)(c1ccccc1)c1ccccc1)CC,1.0
O=C(C([C@H](CN(C)C)C)(c1ccccc1)c1ccccc1)CC,1.0
O=C(C)[C@@]12[C@]3(C)[C@@H]([C@@H]4[C@@H]([C@@]5(C)C(=CC(=O)CC5)CC4)CC3)C[C@@H]1OC(C)(C)O2,0.0
O=C([C@H](N)C)c1ccccc1,1.0
O=C(C)[C@@]1(O)C[C@H](O[C@@H]2O[C@@H](C)[C@H](O)[C@@H](N)C2)c2c(O)c3C(=O)c4c(C(=O)c3c(O)c2C1)cccc4,0.0
O=C(C)[C@@]1(O)C[C@H](O[C@@H]2O[C@@H](C)[C@H](O)[C@@H](N)C2)c2c(O)c3C(=O)c4c(O)cccc4C(=O)c3c(O)c2C1,0.0
O=C([C@@H](NC)C)c1ccc(OC)cc1,1.0
O=C([C@@H](N(C)C)C)c1ccccc1,1.0
O=C(C)[C@@]1(N)C[C@@H](O[C@@H]2OC[C@H](O)[C@H](O)C2)c2c(O)c3C(=O)c4c(C(=O)c3c(O)c2C1)cccc4,0.0
O=C([C@@H](CCC)N1CCCC1)c1ccc(C)cc1,1.0
O=C(/C=C/N1CC=CC1)c1cc(OC)c(OC)c(OC)c1,1.0
O=C(/C=C/C2=C/C=C1OCOC1=C2)N3CCCCC3,1.0
O=C(C(=C)[C@@]1(C)[C@]2(O[C@@H](/C=C/C)OC2)[C@H]2[C@H]([C@H](O)C1)[C@]1(C)C(=CC(=O)CC1)CC2)COC(=O)c1ccncc1,0.0
O=[N+]([O-])c1ccc([C@H](O)[C@H](NC(=O)C[N-][N+H]=N)CO)cc1,1.0
O=C(/C=C/1\c2c(cccc2)CCc2c\1cccc2)CN(C)C,1.0
O=C(C([C@@H](CN1CCOCC1)C)(c1ccccc1)c1ccccc1)N1CCCC1,1.0
O=[N+]([O-])c1ccc(CC(=O)N2[C@@H](CN3C[C@@H](O)CC3)CN(C(=O)C)CC2)cc1,1.0
O=[N+]([O-])c1cc([C@@H]2C(C(=O)OCC)=C(C)NC(C)=C2C(=O)OC)ccc1,1.0
O=[N+]([O-])c1cc(CC(=O)N2[C@@H](CN3C[C@@H](O)CC3)CN(C(=O)C)CC2)ccc1,1.0
O=[N+]([O-])c1c(-c2oc([C-]([N+H3])N)cc2)cccc1,0.0
O=[N+]([O-])c1cc([C@@H]2C(C(=O)OCCN(Cc3ccccc3)C)=C(C)NC(C)=C2C(=O)OC)ccc1,1.0
O=[N+]([O-])c1c(N)cc(OCC)c(C(=O)NC2CCN(C[C@H]3CC=CCC3)CC2)c1,1.0
O[C@H]1c2c(N)c3c(nc2CCC1)cccc3,0.0
O[P](O)(=O)CN1C(=O)NC(C1=O)(C2=CC=CC=C2)C3=CC=CC=C3,1.0
O[C@H]1[C@]2(C)[C@H]([C@H]3[C@H](c4c(cc(O)cc4)CC3)CC2)CC1,0.0
O[C@H](CNCC)c1cc(O)ccc1,1.0
O=[N+]([O-])c1c2c(c(O)cc1)C(=O)C1=C(O)[C@@]3(O)C(=O)C(C(=O)N)=C(O)[C@H](N(C)C)[C@@H]3C[C@@H]1C2,0.0
O[C@H](CNC(C)(C)C)c1cc(CO)c(O)cc1,1.0
O[C@H]1[C@@H]2Oc3c(O)ccc4c3[C@@]32[C@H]([C@H](N(C)CC3)C4)C=C1,1.0
O[C@H](CN1CCCCC1)c1noc(-c2ccccc2)c1,1.0
O[C@H](CNC)CC12c3c(cccc3)C(c3c1cccc3)CC2,1.0
O[C@H]1[C@@H]2Oc3c(O)ccc4c3[C@@]32[C@@](O)([C@H](N(C)CC3)C4)CC1,1.0
O[C@H](C(C)(C)C)/C=C/c1cc2OCOc2cc1,1.0
O[C@H]([C@H](NC)C)c1ccc(O)cc1,1.0
O[C@H](C(C[C@@H](N(C)C)C)(c1ccccc1)c1ccccc1)CC,1.0
O[C@]1(CC)C[C@@H]2[N@](CC1)CCc1c2cc(C)cc1,1.0
O[C@H]1[C@@H]2Oc3c(O)ccc4c3[C@@]32[C@@](O)([C@H](N(CC2CCC2)CC3)C4)CC1,1.0
O[C@]12[C@@H](C)CN(C)C[C@H]1Cc1c3c(ccc1O2)cccc3,0.0
O[C@](C#C)(CC)C,1.0
O[C@]12[C@@H](c3c(c(C)ccc3)Oc3c1cccc3)CN(C)CC2,1.0
O[C@@H](CNC)c1cc(O)c(O)cc1,1.0
O[C@H](CCCN1CCC(C(O)(c2ccccc2)c2ccccc2)CC1)c1ccc(C(C)(C)C)cc1,0.0
O[C@@H](Cn1cncc1)c1ccc(CCc2ccccc2)cc1,0.0
O[C@@H](CN)c1cc(O)ccc1,1.0
O[C@@H](C(C)C)C1CCCCC1,1.0
O[C@@H]([C@H](O)[C@H](O)CO)[C@H](O)CO,1.0
O[C@@H]([C@@H](N)C)c1cc(O)ccc1,1.0
O[C@@H]1[C@H]2Oc3c(O)ccc4c3[C@]32[C@H]([C@@H](NCC3)C4)C=C1,0.0
O[C@]1(C(C)C)C[C@@H]2[N@](C[C@H]3c4c2cccc4CCc2c3cccc2)CC1,1.0
O[C@@H]1[C@H]2Oc3c(O)ccc4c3[C@]32[C@@H]([C@@H](N(CC=C)CC3)C4)C=C1,1.0
O[C@@]3([H])N=C(/C1=C/C=C/C=C1/[F])C2=CC([Cl])=CC=C2N(CCC#N)C3=O,0.0
O[C@@]4([H])CCN(CCCN2C1=CC=CC=C1[S]C3=C/C=C(/C#N)C=C23)CC4,1.0
O[C@@]2(C1=NCCCN1C3=CC=CC=C23)C4=CC=C/C=C4/[Cl],0.0
O[C@@]12[C@@H](c3c(c(C)ccc3)Oc3c1cccc3)CNCC2,1.0
O[C@@]([H])(CO[C@@]1(CCCCC1)C#C)CN2CCN(CC2)C3=C/C=C(/[F])C=C3,1.0
O=C(N[C@@H](C(=O)N[C@H](C(=O)N[C@@H](C(=O)N[C@H](C(=O)N[C@@H](C(=O)N[C@@H](C(=O)N[C@H](C(=O)N[C@H](C(=O)NCCO)Cc1c2c([nH]c1)cccc2)CC(C)C)Cc1c2c([nH]c1)cccc2)CC(C)C)Cc1ccccc1)CC(C)C)Cc1c2c([nH]c1)cccc2)C(C)C)[C@H](NC(=O)[C@H](NC(=O)[C@H](NC(=O)[C@H](NC(=O)[C@@H](NC(=O)CNC(=O)[C@H](NC=O)C(C)C)C)CC(C)C)C)C(C)C)C(C)C,0.0
O[C@@]1(C(C)(C)C)C[C@H]2[N@@](C[C@H]3c4c2cccc4CCc2c3cccc2)CC1,1.0
O[C@@]1([H])C=C[C@@]2([H])[C@@]3([H])CC4=C/C=C(/O)C=5O[C@@]1([H])[C@@]2(CCN3CC=C)C4=5,1.0
O[C@@]2([H])O[C@@]([H])(COCCO[C@@](O)([H])C([Cl])([Cl])[Cl])[C@@]([H])(O[C@@]1([H])O[C@@]([H])(COCCOCCO[C@@](O)([H])C([Cl])([Cl])[Cl])C[C@@]([H])(O[C@@](O)([H])C([Cl])([Cl])[Cl])[C@@]1(O)[H])[C@@]([H])(OCCOCCO[C@@](O)([H])C([Cl])([Cl])[Cl])[C@@]2(O)[H],1.0
O[C@@]1([H])CC[C@@]2(O)[C@@]3([H])CC5=C/C=C(/O)C=6O[C@@]1([H])[C@@]2(CCN3C[C@@]4([H])CCC4)C5=6,1.0
O/C4=C/C=C3C[C@@]1([H])N(CC[C@@]2(CCCC[C@@]12[H])C3=C4)CC=C,1.0
O[C@@]([H])(C(=O)N[C@@]1([H])C(=O)N2C(=C(C[S][C@@]12[H])C[S]/C3=N/N=NN3C[S](O)(=O)=O)C(O)=O)C4=CC=CC=C4,0.0
O/C4=C/C=C3C[C@@]1([H])N(CC[C@@]2(CCCC[C@@]12O)C3=C4)C[C@@]5([H])CC5,1.0
O/C4=C/C=C3C[C@@]1([H])N(CC[C@@]2(CCCC[C@@]12O)C3=C4)C[C@@]5([H])CCC5,0.0
O/C4=C/C=C3C[C@@]1([H])N(CC[C@@]2(CCCC[C@@]12[H])C3=C4)CC(=O)C5=CC=CC=C5,0.0
O/C3=C/C=CC=4C[C@@]1([H])N(CC[C@@]2(CC(=O)CC[C@@]12[H])C3=4)C[C@@]5([H])CC5,0.0
O(CCO)Cn1c2NC(N)=NCc2nc1,1.0
O/C2=C/C=C1C[C@@]4([H])N(CC[C@@]35C1=C2O[C@@]3([H])C(=O)CC[C@@]45O)CC=C,1.0
O(CCN(C)C)c1ccc(/C(=C(\CC)/c2ccccc2)/c2ccccc2)cc1,1.0
O(CCCN[C-]([N+H3])N)c1ccccc1,1.0
O/C2=C/C=C1C[C@@]4([H])N(CC[C@@]35C1=C2O[C@@]3([H])C(=O)CC[C@@]45O)C[C@@]6([H])CC6,1.0
O(CCc1ccc(OC[C@H](O)CNC(C)C)cc1)C,1.0
O/C2=C/C=C1C[C@@]4([H])N(CC[C@@]35C1=C2O[C@@]3([H])C(=C)CC[C@@]45O)C[C@@]6([H])CC6,1.0
O(CCN(C)C)[C@]1(Cc2ccccc2)[C@@]2(C)C(C)(C)[C@@H](C1)CC2,1.0
O(CC)c1c(OC[C@@H]2OCCNC2)cccc1,1.0
O(CC)c1c2O[C@H](CNCCCC)COc2ccc1,1.0
O(CC)[C@H]1c2c(N(C)C(=O)c3c1cccc3)cccc2,1.0
O(C[C@H]1OC(=O)NC1)c1cc(C)cc(C)c1,1.0
O(C[C@H]1OCCNC1)c1c(Cc2sccc2)cccc1,1.0
O(CCN1[C@@H]2[C@@]3(O)[C@]4([C@H](C(=O)CC3)Oc3c(O)ccc(c43)C2)CC1)C,1.0
O(C[C@H](O)CNC(C)C)c1c2c(ccc1)cccc2,1.0
O(C[C@H]1OC(=O)N(c2ccc(OCc3cc(C#N)ccc3)cc2)C1)C,0.0
O(C[C@H](O)CNC(C)C)c1c2c([nH]cc2)ccc1,1.0
O(C[C@H](N)C)c1c(C)cccc1C,1.0
O(C[C@H](O)CNC(C)(C)C)c1c2c(ccc1)C[C@H](O)[C@@H](O)C2,1.0
O(C[C@@H]1OCCNC1)c1c2N(C)CCCc2ccc1,1.0
O(C[C@@H]1OCCNC1)c1c2c(ccc1)C=CC2,1.0
O(C[C@H](CN(Cc1ccccc1)c1ccccc1)N1CCCC1)CC(C)C,1.0
O(C[C@@H]1OC(=O)NC1)c1c(OC)cccc1,1.0
O(C[C@H](O)CN1CCN(c2c(OC)cccc2)CC1)c1cc(OC)c(OC)c(OC)c1,1.0
O(C[C@@H](NN)C)c1ccccc1,1.0
O(C[C@@H]1[C@@H](c2ccccc2)CCN(C)C1)c1ccc(OC)cc1,1.0
O(C)c1ccc([C@H](CN(C)C)C2(O)CCCCC2)cc1,1.0
O(C)c1cc2N(CC[C@H]3N(C)CCCC3)c3c(Sc2cc1)cccc3,1.0
O(C)c1cc2N(C[C@H](CN(C)C)C)c3c(Sc2cc1)cccc3,1.0
O(C)c1cc2N(C[C@@H](CN3CCC(O)CC3)C)c3c(Sc2cc1)cccc3,1.0
O(C)c1ccc(N2C(=O)O[C@H](CN3CCC(O)(c4cc5OCOc5cc4)CC3)C2)cc1,0.0
O(C)c1cc2c(CCC[C@H]3[C@H](C=C)CNCC3)ccnc2cc1,1.0
O(C)c1cc2[C@@](O)(CCCN(C)C)c3c(Sc2cc1)cccc3,1.0
O(CCOC)C[C@H]1O[C@H]2[C@@H](C)[C@@H]([C@H](C)C[C@@](O)(C)[C@H](O[C@@H]3[C@H](O)[C@@H](N(C)C)C[C@H](C)O3)[C@@H](C)[C@H](O[C@@H]3O[C@H](C)[C@H](O)[C@](OC)(C)C3)[C@@H](C)C(=O)O[C@@H](CC)[C@]2(O)C)N1,1.0
O=C(N[C@@H](C(=O)N[C@H](C(=O)N[C@@H](C(=O)N[C@H](C(=O)N[C@@H](C(=O)N[C@H](C(=O)N[C@@H](C(=O)N[C@H](C(=O)NCCO)Cc1c2c([nH]c1)cccc2)CC(C)C)Cc1c2c([nH]c1)cccc2)CC(C)C)Cc1c2c([nH]c1)cccc2)CC(C)C)Cc1c2c([nH]c1)cccc2)C(C)C)[C@@H](NC(=O)[C@H](NC(=O)[C@@H](NC(=O)[C@H](NC(=O)[C@H](NC(=O)CNC(=O)[C@@H](NC=O)C(C)C)C)CC(C)C)C)C(C)C)C(C)C,0.0
O(C)c1cc2/C(=C/CCN(C)C)/c3c(Oc2cc1)cccc3,1.0
O(C)c1cc([C@]2(O)[C@@H](CN(C)C)CCCC2)ccc1,1.0
O(C[C@H]1[C@H](O)[C@@H](O)[C@H](O)[C@H](Oc2cc(O)c3C(=O)C=C(c4cc(O)c(OC)cc4)Oc3c2)O1)[C@H]1[C@H](O)[C@H](O)[C@@H](O)[C@@H](C)O1,0.0
O(C)c1cc(CN[C@H]2[C@H](c3ccccc3)NCCC2)c2OCCc2c1,1.0
O(C)c1c2O[C@@H]3[C@]4(c2c(cc1)CN(C)CC4)C=C[C@@H](O)C3,1.0
O(C)c1c2O[C@H]3[C@H](O)C=C[C@@H]4[C@@H]5NCC[C@]34c2c(cc1)C5,0.0
O(C)c1c2O[C@@H]3C(=O)CC[C@@H]4[C@H]5N(C)CC[C@@]34c2c(cc1)C5,1.0
O(C)c1c2O[C@H]3C(=O)CC[C@]4(O)[C@@H]5N(C)CC[C@]34c2c(cc1)C5,1.0
O(C)c1c2O[C@@H]3[C@@H](O)CC[C@@H]4[C@H]5N(C)CC[C@@]34c2c(cc1)C5,1.0
O(C)c1c(OC2CCCC2)cc([C@@H]2CC(=O)NC2)cc1,1.0
O(C)c1c2O[C@@H]3[C@@H](O)C=C[C@@H]4[C@H]5N(C)CC[C@@]34c2c(cc1)C5,1.0
O(C)c1c2c(OC[C@@H](CCCNCCCCN3C(=O)CC4(CC3=O)CCCC4)C2)ccc1,1.0
O(C)c1c2O[C@@H]3C(=O)C[C@@H](CC)[C@@H]4[C@H]5N(CC6CC6)CC[C@@]34c2c(cc1)C5,1.0
O(C)c1c2C(=O)c3c(O)c4[C@H](O)C[C@@](O)([C@@H](O)CO)Cc4c(O)c3C(=O)c2ccc1,0.0
O(C)c1c(OC)ccc(C2=NN=C(C)[C@@H](CC)c3c2cc(OC)c(OC)c3)c1,1.0
O(C)c1c(OC)ccc(C=2N(N)C(C)=C(CC)[C@@H]3C=2C=C(OC)C(OC)=C3)c1,1.0
O(C)c1c(OC)ccc2c1[C@@]13[C@](O)([C@H](N(C)CC1)C2)CC[C@H](O)C3,1.0
O(C)c1c(OC)ccc([C@@H](O)CN2CCN(C=3C(=O)C=CC=CC=3)CC2)c1,1.0
O(C)c1c(OC)ccc2[C@@H]([C@H]3N(C)CCc4c3c(OC)c3OCOc3c4)OC(=O)c12,1.0
O(C)c1c(OC)ccc([C@@](C#N)(C(C)C)CCCN(CCc2cc(OC)c(OC)cc2)C)c1,0.0
O(C)c1c(OC)cc2c([C@H]3[N@](C[C@@H](CC(C)C)C(=O)C3)CC2)c1,1.0
O(C)c1c(OC)cc2c([C@H](c3ccccc3)CN(C)CC2)c1,1.0
O(C)c1c(OC)cc2c(C(=O)[C@H](CC3CCN(Cc4ccccc4)CC3)C2)c1,1.0
O(C)c1c(OC)ccc([C@H](O)CN2CCN(C(c3ccccc3)c3ccccc3)CC2)c1,1.0
O(C)c1c(CCCCNC2=NC(=O)[C@H](Cc3cnc(C)cc3)C=N2)nccc1,1.0
O(C)[C-]1C(CC)=C(C)N2C(=[N+H]1)NC(c1nc(C)on1)=C2,0.0
O(C)c1c(O)c2C3(C=CC(=O)C=C3)C[C@H]3N(C)CCc(c23)c1,0.0
O(C)[C-]1[N+H]=C2N(C3=C1CCCC3)C=C(c1nc(C)on1)N2,0.0
O(C)c1c(N2CCN(CCCCN3C(=O)[C@@H]4C(=O)N(C(C)(C)C)C(=O)[C@@H](C3=O)C4(C)C)CC2)cccc1,1.0
O(C)c1c(OC)cc2c([C@H](C[C@@H]3[C@@H](CC)C[N@@]4[C@H](c5c(cc(OC)c(OC)c5)CC4)C3)NCC2)c1,1.0
O(C)[C@@H]1O[C@@H]2[C@@H](C)[C@@H]3[C@H]1[C@@](CN1CCCCC1)([C@@H](O)C3)O2,0.0
O(C)C12[C@@H]3Oc4c(O)ccc5c4[C@@]43C([C@H](N(CC3CC3)CC4)C5)(C1)C2.O[C@](C(C)(C)C)(C=C)C,1.0
O(C(CO)CO)CN1[C@H]2N[C@@H](N)N[C@H](O)[C@H]2NC1,0.0
O(C)[C@H]1[C@H](O)[C@H](C)O[C@@H](O[C@@H]2[C@H](C)[C@@H](O[C@H]3[C@@H](O)[C@H](N(C)C)C[C@@H](C)O3)[C@@H](C)C[C@@]3(C(=O)[C@@H](C)[C@@H](O)[C@H](C)[C@@H](C)OC(=O)[C@@H]2C)OC3)C1,0.0
O(C(C)C)CC(OCn1c2NC(N)=NCc2nc1)COC(C)C,1.0
O(C(c1ccccc1)c1ccccc1)C1C[C@@H]2N(C)[C@H](C1)CC2,1.0
O(C)[C@]12[C@H]([C@](O)(CCC)C)C[C@@]3([C@H]4N(C)CC[C@]53[C@@H]1Oc1c(O)ccc(c51)C4)C=C2,1.0
O([C@H]1[C@H](O)[C@H](O[C@H]2[C@@H](O)[C@H](NC)[C@@](O)(C)CO2)[C@H](N)C[C@H]1N)[C@H]1[C@@H](N)CC=C(CN)O1,0.0
O(C)[C@H]1[C@@]2(OC)[C@H]3[C@@](O)(CCC)c4c(O)ccc5c4[C@@]41[C@@]([C@H](N(CC=C)CC4)C5)(C=C2)C3,1.0
O([C@H]1[C@H](O)[C@@H](O[C@H]2[C@H](N)CC[C@H](CN)O2)[C@@H](N)C[C@@H]1N)[C@@H]1[C@@H](O)[C@@H](N)[C@H](O)[C@@H](CO)O1,0.0
O([C@H]1[C@H](O)[C@H](O)[C@@H](N)C[C@H]1N)[C@H]1[C@H](N)C[C@H]2O[C@@H](O[C@@H]3[C@H](O)[C@@H](O)[C@H](N)[C@H](CO)O3)[C@@H](NC)[C@H](O)[C@H]2O1,0.0
O(C)[C@@]12[C@@H](C(O)(C)C)C[C@]3([C@@H]4N(CC5CC5)CC[C@@]53[C@H]1Oc1c(O)ccc(c51)C4)C=C2,1.0
O(C)[C@@H]1[C@@H](O)CC[C@H](/C=C(\C)/[C@@H]2[C@@H](C)[C@H](O)CC(=O)[C@H](CC=C)/C=C(/C)\C[C@@H](C)C[C@H](OC)[C@H]3[C@@H](OC)C[C@@H](C)[C@@](O)(C(=O)C(=O)N4[C@@H](C(=O)O2)CCCC4)O3)C1,0.0
O([C@H](OC(=O)C1=C(COC(=O)N)CS[C@H]2[C@H](NC(=O)/C(=N/OC)/c3occc3)C(=O)N12)C)C(=O)C(OC)(C)C,0.0
O([C@H]1[C@H](C)[C@@H](O[C@@H]2O[C@@H](C)[C@H](O)[C@@](OC)(C)C2)[C@H](C)C(=O)O[C@H](CC)[C@@](O)(C)[C@H](O)[C@@H](C)C(=O)[C@@H](C)C[C@]1(OC)C)[C@@H]1[C@@H](O)[C@@H](N(C)C)C[C@@H](C)O1,0.0
O([C@H](COCCCC)CN1C(=O)[C@@](CC)(c2ccccc2)C(=O)NC1=O)C(=O)N,1.0
O([C@H](c1c(C)cccc1)c1ccccc1)CCN(C)C,1.0
O([C@H](c1c(C)cccc1)c1ccccc1)CCNC,1.0
O([C@H](C#C)c1ccccc1)C(=O)N,1.0
O([C@H](C([C@@H](OC(=O)N)C)C)C)C(=O)N,1.0
O([C@H]1[C@H](C)[C@@H](O[C@@H]2O[C@@H](C)[C@H](O)[C@@](OC)(C)C2)[C@H](C)C(=O)O[C@H](CC)[C@@](O)(C)[C@H](O)[C@@H](C)C(=O)[C@@H](C)C[C@@]1(O)C)[C@@H]1[C@@H](O)[C@H](N(C)C)C[C@H](C)O1,0.0
O([C@H]1[C@@H](C)[C@@H](O[C@@H]2O[C@H](C)[C@@H](O)[C@](OC)(C)C2)[C@@H](C)C(=O)O[C@@H](CC)[C@H](C)[C@@H](O)[C@H](C)C(=O)[C@@H](C)C[C@]1(O)C)[C@@H]1[C@@H](O)[C@H](N(C)C)C[C@@H](C)O1,0.0
O([C@H]([C@H]1NCCCC1)c1ccccc1)C(=O)C,1.0
O([C@H](/C(=N/O)/N)C)c1c2c(ccc1)cccc2,1.0
O([C@H](C(=O)N[C@@H]1C(=O)N2[C@H](C(=O)O)C(C)(C)S[C@H]12)CC(C)C)C(=O)c1occc1,0.0
O([C@H]([C@@H]1OCCNC1)c1ccccc1)c1c(OCC)cccc1,1.0
O([C@](C)(c1ncccc1)c1ccccc1)CCN(C)C,1.0
O([C@@H]1[C@H](O)[C@@H](O[C@@H]2[C@@H](N)C[C@H](O)[C@@H](CN)O2)[C@@H](N)C[C@@H]1N)[C@@H]1[C@@H](O)[C@H](N)[C@@H](O)[C@@H](CO)O1,0.0
O([C@@H]1[C@H](O)[C@H](O[C@H]2[C@@H](O)[C@H](NC)[C@@](O)(C)CO2)[C@H](NCC)C[C@H]1N)[C@@H]1[C@H](N)CC=C(CN)O1,0.0
O([C@@H]1[C@H](O)[C@@H](O)[C@H](N[C-]([N+H3])N)[C@@H](O)[C@@H]1N[C-]([N+H3])N)[C@@H]1[C@H](O[C@@H]2[C@@H](NC)[C@H](O)[C@@H](O)[C@H](CO)O2)[C@@](O)(CO)[C@@H](C)O1,0.0
O([C@@H]1[C@H](C)[C@@H](O[C@@H]2O[C@H](C)[C@H](O)[C@@](OC)(C)C2)[C@H](C)C(=O)O[C@H](CC)[C@@](O)(C)[C@H](O)[C@@H](C)N(C)C[C@H](C)C[C@]1(O)C)[C@@H]1[C@H](O)[C@@H](N(C)C)C[C@H](C)O1,0.0
O([C@@H]1[C@@H](O[C@H]2[C@H](N)[C@@H](O)[C@H](O)[C@@H](CN)O2)[C@H](N)C[C@H](N)[C@H]1O)[C@@H]1[C@@H](O)[C@H](O[C@H]2[C@@H](N)[C@H](O)[C@@H](O)[C@@H](CN)O2)[C@@H](CO)O1,0.0
O([C@@H]1[C@@H](O)CNCC1)c1c(C)c(C)ccc1,1.0
O([C@@H]1[C@H](O)[C@@H](O)[C@H]2O[C@@H](C)OC[C@@H]2O1)[C@H]1[C@H]2[C@H]([C@H](c3cc(OC)c(O)c(OC)c3)c3c1cc1OCOc1c3)C(=O)OC2,0.0
O([C@@H]1[C@@H](O)[C@H](O[C@H]2[C@@H](O)[C@H](NC)[C@@](O)(C)CO2)[C@@H](N)C[C@H]1N)[C@H]1[C@@H](N)CC[C@H](CN)O1,0.0
O([C@@H]1[C@@H](O)[C@H](O[C@H]2[C@H](N)[C@@H](O)[C@H](O)[C@H](CN)O2)[C@@H](N)C[C@H]1NC(CO)CO)[C@H]1[C@@H](O)[C@H](N)[C@@H](O)[C@H](CO)O1,0.0
O([C@@H]1[C@@H](O)[C@H](O[C@H]2[C@@H](O)[C@@H](O)[C@@H](O)[C@H](CN)O2)[C@@H](N)C[C@H]1NC[C@@H](O)CCN)[C@@H]1[C@@H](O)[C@H](N)[C@@H](O)[C@H](CO)O1,0.0
O([C@@H]1[C@@H](O)[C@H](O[C@@H]2[C@H](N)[C@@H](O)[C@H](O)[C@@H](CN)O2)[C@@H](N)C[C@H]1N)[C@@H]1[C@H](O)[C@@H](N)[C@H](O)[C@H](CO)O1,0.0
O([C@@H]1[C@@H](O)[C@H](O[C@@H]2[C@@H](O)[C@@H](N)[C@H](O)[C@@H](CO)O2)[C@@H](N)C[C@@H]1N)[C@@H]1[C@H](O)[C@H](O)[C@H](O)[C@H](CN)O1,0.0
O([C@@H]1[C@@H](O)[C@H](O)[C@@H](O)[C@H](CO)O1)c1c(CO)cccc1,0.0
O([C@@H]1[C@@H](O)[C@@H](O)[C@@H](N)C[C@H]1N)[C@H]1[C@@H](N)[C@H](O)[C@@H](O)[C@H](CN)O1,0.0
O([C@@H](OC(=O)C1=C(COC(=O)N)CS[C@H]2[C@H](NC(=O)/C(=N/OC)/c3occc3)C(=O)N12)C)C(=O)C,0.0
O([C@@H](OC(=O)[C@@H]1C(C)(C)S[C@H]2[C@@H](/N=C/N3CCCCCC3)C(=O)N12)C)C(=O)OCC,0.0
O([C@@H](CN1CCCC1)c1ccccc1)CCC(C)C,1.0
O([C@@H](CCNC)c1sccc1)c1c2c(ccc1)cccc2,1.0
O([C@@H](COCCCC)CN1C(=O)N(C[C@@H](OC(=O)N)COCCCC)C(=O)C(CC)(c2ccccc2)C1=O)C(=O)N,1.0
O([C@@H](CCNC)c1ccccc1)c1c(OC)cccc1,1.0
O([C@@H]1[C@H](O)[C@@H](O)[C@@H]2O[C@@H](c3sccc3)OC[C@@H]2O1)[C@@H]1[C@H]2[C@H]([C@@H](c3cc(OC)c(OC)c(OC)c3)c3c1cc1OCOc1c3)C(=O)OC2,0.0
O([C@@H](CCNC)c1ccccc1)c1c(C)cccc1,1.0
O([C@@H](CC)C1CCCCC1)C(=O)N,1.0
O(/N=C/C1=CCCN(C)C1)C,1.0
O([C@@H](c1c(C(C)(C)C)cccc1)c1ccccc1)CCN(C)C,1.0
O([C@@H](C(C[C@H](N(C)C)C)(c1ccccc1)c1ccccc1)CC)C(=O)C,1.0
O(/N=C(\CCCCC)/c1cc(N)c(C)cc1)CCN,1.0
O(C)[C@H]1[C@H](O[C@H]2O[C@@H](C)[C@H](O)[C@@H](OC)C2)[C@@H](C)O[C@@H](O[C@@H]/2[C@H](C)/C=C/C=C\3/[C@]4(O)[C@H]([C@H](O)C(C)=C[C@H]4C(=O)O[C@@H]4C[C@]5(O[C@H](C(C)C)[C@@H](C)CC5)O[C@@H](C4)C/C=C\2/C)OC/3)C1,1.0
O(/N=C(\C#N)/[C@H]1C2CCN(C1)CC2)C,1.0
NS(=O)(=O)Cc1noc2ccccc12,1.0
NS(=O)(=O)c3ccc(N1C(=O)CC(C1=O)c2ccccc2)c(Cl)c3,1.0
NS(=O)(=O)c2cc1c(NCNS1(=O)=O)cc2Cl,1.0
O(/N=C(/C(=O)N[C@H]1C(=O)N2C(C(=O)O)=C(CN3C=CCC=C3)CS[C@H]12)\c1nc(N)sc1)C(C(=O)O)(C)C,0.0
NS(=O)(=O)c2cc1c(N=CNS1(=O)=O)cc2Cl,1.0
NS(=O)(=O)c2cc(C(O)=O)c(NCc1ccco1)cc2Cl,1.0
NS(=O)(=O)c1ccc(cc1)N1CCCCS1(=O)=O,1.0
NS(=O)(=O)c1ccc(cc1)C(O)=O,0.0
NNCCc1ccccc1,1.0
NNCC1CCCCC1,1.0
NNC(=O)c1ccncc1,1.0
NNC(=O)CP(=O)(c1ccccc1)c2ccccc2,1.0
NCN.Nc1scc(-c2ccccc2)n1,1.0
NCCCNCCSP(O)(O)=O,1.0
NCN.Nc1scc(-c2cc(N)ccc2)n1,1.0
NCCc1cn2c(n1)cccc2,1.0
NCCc1ccc(O)c(O)c1,1.0
O(/N=C/1\[C@@H](C)[C@H](O)[C@@](O)(C)[C@H](CC)OC(=O)[C@H](C)[C@@H](O[C@H]2O[C@H](C)[C@@H](O)[C@](OC)(C)C2)[C@H](C)[C@@H](O[C@H]2[C@H](O)[C@@H](N(C)C)C[C@@H](C)O2)[C@@](O)(C)C[C@H]\1C)C,0.0
NCCC(Oc1ccc(cc1)C(F)(F)F)c2ccccc2,0.0
O(/N=C/1\[C@H](C)[C@@H](O)[C@](O)(C)[C@@H](CC)OC(=O)[C@@H](C)[C@H](O[C@@H]2O[C@@H](C)[C@H](O)[C@@](OC)(C)C2)[C@@H](C)[C@H](O[C@@H]2[C@@H](O)[C@H](N(C)C)C[C@H](C)O2)[C@](O)(C)C[C@@H]\1C)COCCOC,0.0
NCCC(O)CNC2CC(N)C(OC1OC(CN)C(O)C(O)C1O)C(O)C2OC3OC(CO)C(O)C(N)C3O,0.0
NCCC(O)C(=O)NC2CC(N)C(OC1OC(CN)CCC1N)C(O)C2OC3OC(CO)C(O)C(N)C3O,0.0
NCCC(O)C(=O)NC2CC(N)C(OC1OC(CN)C(O)C(O)C1O)C(O)C2OC3OC(CO)C(O)C(N)C3O,0.0
O([C@@H]1[C@@H](O)[C@H](O)[C@H]2O[C@@H](c3sccc3)OC[C@@H]2O1)[C@@H]1[C@@H]2[C@@H]([C@@H](c3cc(OC)c(O)c(O)c3)c3c1cc1OCOc1c3)C(=O)OC2,0.0
NCC3OC(OC2C(N)CC(N)C(OC1OC(CO)C(O)C(N)C1O)C2O)C(O)C(O)C3O,0.0
NCC3OC(OC2C(N)CC(NC(CO)CO)C(OC1OC(CO)C(O)C(N)C1O)C2O)C(N)C(O)C3O,0.0
NCC3OC(OC2C(N)CC(N)C(OC1OC(CO)C(O)C(N)C1O)C2O)C(N)CC3O,0.0
NCC4OC(OC3C(CO)OC(OC1C(O)C(N)CC(N)C1OC2OC(CN)C(O)C(O)C2N)C3O)C(N)C(O)C4O,0.0
NCC2CN(Cc1ccccc1)C(=O)C2,1.0
NCC2OC(OC1C(N)CC(N)C(O)C1O)C(N)C(O)C2O,0.0
NCc1ccccc1Sc2ccccc2CO,1.0
NCC3OC(OC2C(N)CC(N)C(OC1OC(CO)C(O)C(N)C1O)C2O)C(N)C(O)C3O,0.0
NCC1(CCCCC1)CC(O)=O,0.0
NCC1CCC(N)C(O1)OC3C(N)CC(N)C(OC2OC(CO)C(O)C(N)C2O)C3O,0.0
NCc1ccccc1CC(=O)NC3C2SCC(=C(N2C3=O)C(O)=O)CSc4nnnn4CC(O)=O,0.0
NCC(O)c1cccc(O)c1,1.0
NCC[C@@]([H])(O/C1=C/C=C(C=C1)C([F])([F])[F])C2=CC=CC=C2,0.0
NCC(O)c1ccc(O)c(O)c1,1.0
NCC[C@@](O)([H])C(=O)N[C@@]2([H])C[C@@](N)([H])[C@@]([H])(O[C@@]1([H])O[C@@]([H])(CN)CC[C@@]1(N)[H])[C@@](O)([H])[C@@]2([H])O[C@@]3([H])O[C@@]([H])(CO)[C@@](O)([H])[C@@](N)([H])[C@@]3(O)[H],0.0
NCC(CCc1ccc(F)cc1)=CF,0.0
NCC(CC/C1=C/C=C(/[F])C=C1)=C[F],0.0
NCC[C@@](O)([H])CN[C@@]2([H])C[C@@](N)([H])[C@@]([H])(O[C@@]1([H])O[C@@]([H])(CN)[C@@](O)([H])[C@@](O)([H])[C@@]1(O)[H])[C@@](O)([H])[C@@]2([H])O[C@@]3([H])O[C@@]([H])(CO)[C@@](O)([H])[C@@](N)([H])[C@@]3(O)[H],0.0
NCC[C@@](O)([H])C(=O)N[C@@]2([H])C[C@@](N)([H])[C@@]([H])(O[C@@]1([H])O[C@@]([H])(CN)[C@@](O)([H])[C@@](O)([H])[C@@]1(O)[H])[C@@](O)([H])[C@@]2([H])O[C@@]3([H])O[C@@]([H])(CO)[C@@](O)([H])[C@@](N)([H])[C@@]3(O)[H],0.0
Nc2nc1n(COC(CO)CO)cnc1c(=O)[nH]2,
Nc2ncc1ncn(COCCO)c1n2,1.0
Nc2nc1n(CCC(O)CO)cnc1c(=O)[nH]2,
Nc2nc1n(CCC(CO)CO)cnc1c(=O)[nH]2,
Nc3nc(=O)c2nc(CNc1ccc(cc1)C(=O)NC(CCC(O)=O)C(O)=O)cnc2[nH]3,
Nc2ccn(C1OC(CO)C(O)C1O)c(=O)n2,
Nc2nc1ccc(OC(F)(F)F)cc1s2,1.0
Nc2ccn(C1CCC(CO)O1)c(=O)n2,
Nc4nc(NC1CC1)c3ncn(C2CC(CO)C=C2)c3n4,0.0
Nc2ccc(N=Nc1ccccc1)c(N)n2,1.0
Nc2c1CCCCc1nc3ccccc23,1.0
NC23CC1CC(CC(C1)C2)C3,0.0
Nc2c1C(O)CCCc1nc3ccccc23,0.0
Nc1nnc(c(N)n1)c2cccc(Cl)c2Cl,1.0
Nc2cc(OCC1CC1)c(cc2Cl)C(=O)NC3CN4CCC3CC4,1.0
Nc1ncnc2n(cnc12)C3OC(CO)C(O)C3O,0.0
Nc1nc(=O)[nH]cc1F,
NC1CONC1=O,1.0
Nc1nc(cs1)C(=NO)C(=O)NC3C2SCC(=C(N2C3=O)C(O)=O)C=C,0.0
Nc1nc(cs1)C(=CCC(O)=O)C(=O)NC3C2SCC=C(N2C3=O)C(O)=O,0.0
Nc1nc(cs1)C(=NOCC(O)=O)C(=O)NC3C2SCC(=C(N2C3=O)C(O)=O)C=C,0.0
NC1CCCC1c2ccccc2,1.0
Nc1nc(Cl)nc2n(cnc12)C3CC(O)C(CO)O3,0.0
Nc1cccc(c1)n2ccccc2=O,
Nc1ccc(C(O)=O)c(O)c1,1.0
NC1CC1c2ccccc2,1.0
Nc1ccc(cc1)S(=O)(=O)Nc2ncccn2,1.0
Nc1ccc(cc1)S(=O)(=O)c2ccc(N)cc2,1.0
Nc1cc(Cl)ccc1N2CCSC2=N,1.0
Nc1ccc(cc1)S(=O)(=O)N3CC2CCC(CC2)C3,1.0
Nc1c2c([C@@H](c3ccccc3)CN(C)C2)ccc1,1.0
NC1=Nc2n(cnc2C(=O)N1)COCCO,0.0
NC12C[C@]3(C)C[C@](C)(C1)CC(C2)C3,1.0
NC1=NC(=O)C(O1)c2ccccc2,1.0
NC1C2CN(CC12)c4nc3n(cc(C(O)=O)c(=O)c3cc4F)c5ccc(F)cc5F,
NC=1C=CN(C(=O)N=1)[C@@]2([H])CC[C@@]([H])(CO)O2,0.0
NC=1C=CN(C(=O)N=1)[C@@]2([H])O[C@@]([H])(CO)[C@@](O)([H])[C@@]2(O)[H],0.0
NC1=NC(NC1(C(F)(F)F)C(F)(F)F)(C(F)(F)F)C(F)(F)F,0.0
NC[C@@]3([H])O[C@@]([H])(O[C@@]2([H])[C@@](N)([H])C[C@@](N)([H])[C@@]([H])(O[C@@]1([H])O[C@@]([H])(CO)[C@@](O)([H])[C@@](N)([H])[C@@]1(O)[H])[C@@]2(O)[H])[C@@](O)([H])[C@@](O)([H])[C@@]3(O)[H],0.0
NC[C@@]3([H])O[C@@]([H])(O[C@@]2([H])[C@@](N)([H])C[C@@](N)([H])[C@@]([H])(O[C@@]1([H])O[C@@]([H])(CO)[C@@](O)([H])[C@@](N)([H])[C@@]1(O)[H])[C@@]2(O)[H])[C@@](N)([H])C[C@@]3(O)[H],0.0
NC[C@@]3([H])O[C@@]([H])(O[C@@]2([H])[C@@](N)([H])C[C@@](N)([H])[C@@]([H])(O[C@@]1([H])O[C@@]([H])(CO)[C@@](O)([H])[C@@](N)([H])[C@@]1(O)[H])[C@@]2(O)[H])[C@@](N)([H])[C@@](O)([H])[C@@]3(O)[H],0.0
NC[C@@](O)([H])C1=C/C=C(/O)C(O)=C1,1.0
NC[C@@]3([H])O[C@@]([H])(O[C@@]2([H])[C@@](N)([H])C[C@@]([H])(NC([H])(CO)CO)[C@@]([H])(O[C@@]1([H])O[C@@]([H])(CO)[C@@](O)([H])[C@@](N)([H])[C@@]1(O)[H])[C@@]2(O)[H])[C@@](N)([H])[C@@](O)([H])[C@@]3(O)[H],0.0
NC[C@@]2([H])O[C@@]([H])(O[C@@]1([H])[C@@](N)([H])C[C@@](N)([H])[C@@](O)([H])[C@@]1(O)[H])[C@@](N)([H])[C@@](O)([H])[C@@]2(O)[H],0.0
NC(N)=O,
NC(N)=NC=1[S]/C=C(/C)N=1,1.0
NC(N)=Nc1nc(CSCCC(N)=NS(N)(=O)=O)cs1,1.0
NC(N)=N/C1=N/C(=C[S]1)C2=CC=CC=C2,0.0
NC(N)=N/C1=N/C(=C[S]1)C2=CC=CC(N)=C2,0.0
NC[C@@]1([H])CC[C@@](N)([H])[C@@]([H])(O1)O[C@@]3([H])[C@@](N)([H])C[C@@](N)([H])[C@@]([H])(O[C@@]2([H])O[C@@]([H])(CO)[C@@](O)([H])[C@@](N)([H])[C@@]2(O)[H])[C@@]3(O)[H],0.0
NC(N)=N/C1=N/C(=C[S]1)C2=CC=CC(=C2)NC(NC)=NC#N,1.0
NC(CCC(O)=O)C=C,1.0
NC(N)=N/C1=N/C(=C[S]1)C2=CC=CC(=C2)NC(C)=O,0.0
NC(CO)C(=O)NNCc1ccc(O)c(O)c1O,1.0
NC[C@@]4([H])O[C@@]([H])(O[C@@]3([H])[C@@]([H])(CO)O[C@@]([H])(O[C@@]1([H])[C@@](O)([H])[C@@](N)([H])C[C@@](N)([H])[C@@]1([H])O[C@@]2([H])O[C@@]([H])(CN)[C@@](O)([H])[C@@](O)([H])[C@@]2(N)[H])[C@@]3(O)[H])[C@@](N)([H])[C@@](O)([H])[C@@]4(O)[H],0.0
NC(Cc1ccc(O)c(O)c1)C(O)=O,1.0
NC(CC=C)Cc1ccccc1,1.0
NC(Cc1c[nH]c2ccccc12)C(O)=O,1.0
NC(Cc1c[nH]c2ccc(O)cc12)C(O)=O,1.0
NC/C1=C/C=C/C=C1/CC(=O)N[C@@]2([H])C(=O)N3C(=C(C[S][C@@]23[H])C[S]/C4=N/N=NN4CC(O)=O)C(O)=O,0.0
NC(=O)OCCCc1ccccc1,1.0
NC(=O)OCC(O)COc1ccc(Cl)cc1,1.0
NC(=O)OCC(COC(N)=O)c1ccccc1,1.0
NC(C(=O)NC2C1SCC(=C(N1C2=O)C(O)=O)Cl)c3ccccc3,0.0
NC(C(=O)NC2C1CCC(=C(N1C2=O)C(O)=O)Cl)c3ccccc3,0.0
NC(=O)OC1(CCCCC1)CC#C,0.0
NC(=O)OC1(CCCCC1)C#C,0.0
NC(=O)OCC2C(NC(=O)C(=NOCC(O)=O)c1csc(N)n1)C(=O)N2S(O)(=O)=O,1.0
NC(=O)O[C@@]([H])(C#C)C1=CC=CC=C1,1.0
NC(=O)NC(=O)Cc1ccccc1,1.0
NC(C(=O)NC2C1SCC(=C(N1C2=O)C(O)=O)CSc3c[nH]nn3)c4ccc(O)cc4,0.0
NC(=O)NCCN1CCN(CC1)c2cccc(c2)C(F)(F)F,0.0
NC(=O)OC[C@@]1([H])N(C(=O)[C@@]1([H])NC(=O)C(=NOCC(O)=O)C2=C[S]C(N)=N2)[S](O)(=O)=O,1.0
NC(=O)N2c1ccccc1CC(=O)c3ccccc23,1.0
NC(=O)N1CC(C1)Oc2cccc(c2)C(F)(F)F,1.0
NC(=O)N3C=1C=CC=CC=1[C@@]2([H])O[C@@]2([H])C=4C=CC=CC3=4,1.0
NC(=O)N2c1ccccc1C=Cc3ccccc23,1.0
NC(=O)CS(=O)C(c1ccccc1)c2ccccc2,1.0
NC(=O)CN1CCCC1=O,1.0
NC(=O)CN2Cc1ccccc1OC2=O,1.0
NC(=O)CN1CC(O)CC1=O,1.0
NC(=O)CN1C(=O)COc2ccccc12,1.0
NC(=O)CN2C(=O)C(c1ccccc1)c3ccccc23,1.0
NC(=O)CCCN=C(c1ccc(Cl)cc1)c2cc(F)ccc2O,0.0
NC(=O)c2cn(Cc1c(F)cccc1F)nn2,0.0
NC(=O)C2c1ccccc1CCc3ccccc23,1.0
NC(=O)C2c1ccccc1C=Cc3ccccc23,1.0
NC(=O)c1cnccn1,1.0
NC(=O)c1ncn(n1)C2OC(CO)C(O)C2O,0.0
NC(=O)c1cccnc1,1.0
NC(=O)c1ccccc1O,1.0
NC(=O)C2(CCN(CCCC(=O)c1ccc(F)cc1)CC2)N3CCCCC3,0.0
NC(=O)C=1N=CN(N=1)[C@@]2([H])O[C@@]([H])(CO)[C@@](O)([H])[C@@]2(O)[H],0.0
NC(=O)c1ccc(c2c1CC(CO2)N(C1CCC1)C1CCC1)F,0.0
NC(=N)NCCCOc1ccccc1,1.0
NC(=O)C4(CCN(CCCN2c1ccccc1CCc3ccccc23)CC4)N5CCCCC5,0.0
NC(=NO)C3=NNc1ccccc1N(Cc2ccccc2)C3=O,0.0
NC(=O)C4(CCN(CCCN2c1ccccc1CCc3ccc(Cl)cc23)CC4)N5CCCCC5,0.0
NC(=N)NC(=O)c1nc(Cl)c(N)nc1N,1.0
NC(=N)NCC2COC1(CCCCC1)O2,0.0
n1c(csc1[NH]=C(N)N)c1ccccc1,0.0
NC(=N)c1ccc(o1)c2ccccc2N(=O)=O,0.0
n1c(csc1[NH]=C(N)N)c1cccc(c1)NC(C)=O,0.0
n1c(csc1[NH]=C(N)N)c1cccc(c1)NC(NC)=[NH]C#N,1.0
n1c(csc1[NH]=C(N)N)c1cccc(c1)N,0.0
NC(=O)C1(CCN(CC1)CCC(C#N)(C2=CC=CC=C2)C3=CC=CC=C3)N4CCCCC4,0.0
N1(c2c(Sc3c1cccc3)cccc2)CCCNC,1.0
N1(c2c(Sc3c1cccc3)ccc(c2)Cl)CCCNC,1.0
n12c3c(C(c4c(cccc4)F)=NCc1cnc2CO)cc(Cl)cc3,0.0
n1(c(c2nc[nH]c2n(c1=O)C)=O)C,
N1(c2c(Sc3c1cccc3)ccc(c2)Cl)CCCN,1.0
N[C@H]1[C@@H](c2ccccc2)C1,1.0
N1(c2c(CCc3c1cccc3)cccc2)CCCN,1.0
N[C@H](CC=C)Cc1ccccc1,1.0
N1(c2c(Sc3c1cccc3)ccc(c2)SC)CCC1NCCCC1,1.0
N[C@@H](Cc1ccccc1)C,1.0
N[C@H](CC)Cc1c2c([nH]c1)cccc2,1.0
N[C@@H]1[C@@H](c2ccccc2)CCC1,1.0
N[C@@]1([H])CONC1=O,1.0
N[C@@]([H])(C/C1=C/C=C(/O)C(O)=C1)C(O)=O,1.0
N[C@@H](CC=C)c1c(-c2noc3c2cccc3)cccc1,0.0
N1([C@H]2C3CCN(C2)CC3)c2c(cccc2)CCc2c1cccc2,1.0
N[C@@]([H])(C(=O)N[C@@]1([H])C(=O)N2/C(=C(/[Cl])CC[C@@]12[H])C(O)=O)C3=CC=CC=C3,0.0
N[C@@]([H])(C(=O)N[C@@]1([H])C(=O)N2/C(=C(/[Cl])C[S][C@@]12[H])C(O)=O)C3=CC=CC=C3,0.0
N/C1=N/C=NC=2N(C=NC1=2)[C@@]3([H])O[C@@]([H])(CO)[C@@](O)([H])[C@@]3(O)[H],0.0
N[C@@]([H])(C(=O)N[C@@]1([H])C(=O)N2C(=C(C[S][C@@]12[H])C[S]/C3=C/NN=N3)C(O)=O)C4=C/C=C(/O)C=C4,0.0
N(N)[C@H](Cc1ccccc1)C,1.0
N(N)[C@@H](CCCCCC)C,1.0
N(N)[C@@H](C)c1ccccc1,1.0
N/C1=N/C([Cl])=NC=2N(C=NC1=2)[C@@]3([H])C[C@@](O)([H])[C@@]([H])(CO)O3,0.0
N/C1=N/C(=C[S]1)C(=CCC(O)=O)C(=O)N[C@@]2([H])C(=O)N3C(=CC[S][C@@]23[H])C(O)=O,0.0
N[C@@]1([H])[C@@]2([H])CN(C[C@@]12[H])C4=NC=3N(/C=C(/C(O)=O)C(=O)C=3/C=C4/[F])C5=C/C=C(/[F])C=C5[F],0.0
N(CCCCCCCCC)[C@@H]1N=CNc2[nH]ccc12,1.0
N(CCCC)C[C@@H]1Oc2c(OC1)cccc2,1.0
N(CCN1c2c(Sc3c1cccc3)cccc2)(CC)CC,1.0
N(CCC(C)C)C[C@H]1Oc2c(OC1)cccc2,1.0
N(CCC[C@]1(C)c2c(N(c3ccccc3)C1)cccc2)C,1.0
N(CCC[C@]1(c2ccccc2)OC(C)(C)c2c1cccc2)C,1.0
N(CC[C@@H](c1ccccc1)C1CCCCC1)(C)C,1.0
N(CCC[C@@]1(c2ccccc2)SC(C)(C)c2c1cccc2)C,1.0
N(CC[C@]1(c2ccccc2)c2c(cccc2)C=C1)(C)C,1.0
N(CC[C@]1(C)SCCc2c3c(n(CC)c12)cccc3)(C)C,1.0
N(CC[C@@]1(C)OCCC=2c3c(cccc3)CC1=2)(C)C,1.0
N(CC/C=C\1/c2c(OCc3c/1cccc3)cccc2)(C)C,1.0
N(CC/C=C\1/c2c(SCc3c/1cccc3)cccc2)(C)C,1.0
N(CC)[C@H]1[C@H](c2ccccc2)[C@H]2C[C@@H]1CC2,1.0
N(CC/C=C/1\c2c([C@H]3[C@@H](c4c\1cccc4)C3)cccc2)C,1.0
N(C[C@H](CN1c2c(Sc3c1cccc3)cccc2)C)(C)C,1.0
N(C[C@H]1O[C@@]2(OC1)c1c(OCc3c2cccc3)cccc1)(C)C,0.0
N(C[C@H](CN1c2c(cccc2)CCc2c1cccc2)C)(C)C,1.0
N(C[C@H](CN1c2c(Sc3c1cccc3)ccc(CC)c2)C)(C)C,1.0
N(C)[C@H]1Cc2scnc2CC1,1.0
N(C[C@H](CC1c2c(cccc2)CCc2c1cccc2)C)(C)C,1.0
N(C)(C)c1cc(C)c(C[C@H](N)C)cc1,1.0
N(C)(C)c1nccc(C2=N[C@H](N)NN2)c1,1.0
N(C)[C@H]1c2c([C@H](c3ccccc3)CC1)cccc2,1.0
N(C)[C@@H]1c2c(N(C)c3c(cccc3)C1)cccc2,1.0
N(C)(C)[C@@H]1[C@H](C)Oc2c(cccc2)C1,1.0
N(C)(C)[C@@H]1Cc2c3c([nH]c2CC1)cccc3,1.0
N(C)[C@@H]1c2c3N(c4c(cccc4)CCc3ccc2)CC1,1.0
N([C@H](Cc1ccccc1)C)(Cc1occc1)C,1.0
N([C@H](CN1c2c(Sc3c1cccc3)cccc2)C)(C)C,1.0
N([C@H](Cc1ccccc1)C)(CC#C)C,1.0
N([C@H](Cc1ccccc1)C)(Cc1ccccc1)C,1.0
N([C@H](CN(C)C)CN1c2c(Sc3c1cccc3)cccc2)(C)C,1.0
N([C@@H](Cc1ccccc1)C)C,1.0
N([C@@H](Nc1cc(CC)ccc1)C)c1cc(CC)ccc1,1.0
N([C@@H](Cc1ccccc1)C)(C)C,1.0
N([C@@H](Cc1ccccc1)[C@H]1OCCC1)CC,1.0
N([C@@H](CN1c2c(Sc3c1cccc3)cccc2)C)(CC)CC,1.0
N#CN.N(CNc1cc(-c2nc(N)sc2)ccc1)C.NCN,1.0
N#CCNC1CCc2ccccc12,1.0
N#CCN[C@H]1c2c(cccc2)CC1,1.0
N#CCN[C@@]1([H])CCC2=CC=CC=C12,1.0
N(=C/c1nc(C)ccc1)\N1CCN(C(c2ccccc2)c2ccccc2)CC1,1.0
N([C@@H](Cc1ccccc1)C)CCC1c2c(Sc3c1cccc3)cccc2,1.0
O([C@H]1[C@H](C)O[C@H](O[C@@H]2c3c(O)c4C(=O)c5c(O)cccc5C(=O)c4c(O)c3[C@@H](O[C@@H]3O[C@@H](C)[C@H](O)[C@@H](N(C)C)C3)[C@](O)(CC)C2)C[C@@H]1N(C)C)[C@@H]1O[C@H](C)[C@H]2O[C@@H]3O[C@H](C)C(=O)C[C@@H]3O[C@@H]2C1,1.0
N#C/N=C(/NCC[S]C/C1=N/C=C/C=C1/[Br])NCC,1.0
N#C[C@H](N[C@H](Cc1ccccc1)C)c1ccccc1,1.0
FCOC(C(F)(F)F)C(F)(F)F,1.0
N#Cc1cc2N(C[C@@H](CN(C)C)C)c3c(Sc2cc1)cccc3,1.0
FCC(F)(F)F,0.0
N#CCC=1c2c(N=C(N3CCN(C)CC3)C=3C=1CSC=3)csc2,0.0
N#CC[C@H]1CN(C)[C@H]2[C@@H](c3c4c([nH]cc4C2)ccc3)C1,1.0
N#C/C1=C/C(=N/N=C1/NCCN2CCOCC2)C3=CC=CC=C3,1.0
Fc5ccc4c(CCCN1CCC(CC1)n2c(=O)[nH]c3ccccc23)noc4c5,
Fc4ccc3[nH]c2CCN(CCCc1cccnc1)Cc2c3c4,0.0
Fc4ccc3[nH]c2CCN(CCc1ccncc1)Cc2c3c4,1.0
FCO/N=C(/C(=O)N[C@@H]1C(=O)N2C(C(=O)O)=C(/C=C/C[N+](CC(=O)N)(CC)[C-H2])CS[C@H]12)\c1nc(N)sn1,1.0
N#C/C4=C/C=C3OC1=CC=CC=C1C=2CCN(CCC=2C3=C4)CC5([H])CCCC5,1.0
Fc4ccc(OCCCN1CCC2(CC1)N(CNC2=O)c3ccccc3)cc4,0.0
Fc1cccc(Br)c1NC2=NCCN2,0.0
Fc1ccccc1C2=NCCN(CC(F)(F)F)c3ccc(Cl)cc23,0.0
Fc1ccccc1C3=NCC(=O)N(CC2CC2)c4ccc(Cl)cc34,0.0
Fc1ccccc1C2=NCC(=S)N(CC(F)(F)F)c3ccc(Cl)cc23,0.0
Fc1ccccc1C23OCCN2CC(=O)Nc4ccc(Br)cc34,0.0
O([C@@H]1[C@H](C)O[C@@H](O[C@@H]2C[C@H]3[C@](C)([C@@H]4[C@H]([C@@]5(O)[C@@](C)([C@@H](O)C4)[C@@H](C4=CC(=O)OC4)CC5)CC3)CC2)C[C@H]1O)[C@H]1O[C@@H](C)[C@H](O[C@H]2O[C@@H](C)[C@H](O)[C@@H](O)C2)[C@@H](O)C1,1.0
Fc1ccc(CN[C@H](C(C)C)CCCCCC(=O)O)cc1,1.0
Fc1ccc(N2CCN(CC[C@@H](NC(=O)c3cnccc3)C)CC2)cc1,1.0
Fc1ccc(OC[C@H](O)CN2CCC(N(C)c3sc4c(n3)cccc4)CC2)cc1,1.0
Fc1ccc(N2CCN(C[C@@H](O)COC3(C#C)CCCCC3)CC2)cc1,1.0
Fc1ccc(cc1)C4CC5CN(CCn3c(=O)[nH]c2ccccc2c3=O)CC45,
Fc1ccc(cc1)N2CNC(=O)C24CCN(CCCC(=O)c3ccc(F)cc3)CC4,0.0
Fc1ccc(cc1)C2CCNCC2COc4ccc3OCOc3c4,0.0
Fc1ccc(cc1)c5ccc(CN2CCN(CC2)c3cccc4ccoc34)[nH]5,0.0
Fc1ccc(cc1)n4cc(C2CCN(CC2)CCN3CCNC3=O)c5cc(Cl)ccc45,0.0
Fc1ccc(cc1)C(=O)NCCN2CCC(CC2)n3c(=O)[nH]c4cc(Cl)ccc34,
Fc1ccc(cc1)C2CCN(CC2COc4ccc3OCOc3c4)CC(=O)c5ccc(F)cc5,0.0
Fc1ccc(-n2ncc3c2C=C2[C@](C)([C@H]4[C@@H]([C@@H]5[C@@](C)([C@@](O)(C#C)CC5)CC4)CC2)C3)cc1,0.0
Fc1ccc(cc1)C(=O)CCCN3CCN2CCCC2C3,0.0
Fc1ccc(cc1)C(=O)CCCN3CC2CCC(CC2)C3,0.0
Fc1ccc(cc1)C(CCCN2CCC(CC2)n3c(=O)[nH]c4cc(Cl)ccc34)c5ccc(F)cc5,
Fc1ccc(cc1)C(=O)CCCN5CCN4Cc3[nH]c2ccccc2c3CC4C5,0.0
Fc1ccc(cc1)C(CCCN2CCC(CC2)n3c(=O)[nH]c4ccccc34)c5ccc(F)cc5,
Fc1ccc(cc1)C(=O)CCCN2CCN(CC2)c3ccccn3,0.0
Fc1ccc(cc1)C(=O)CCCN2CCN(CC2)c4cc3ccccc3cn4,0.0
Fc1ccc(cc1)C(=O)CCCN2CCC(CC2)n3c(=S)[nH]c4ccccc34,
Fc1ccc(cc1)C(=O)CCCN2CCC(CC2)n3c(=O)[nH]c4ccccc34,
Fc1ccc(cc1)C(=O)CCCN2CCN(CC2)C(=O)OC3CCCCC3,1.0
Fc1ccc(cc1)C(=O)CCCN2CCC(CC2)C(=O)c3ccc(F)cc3,0.0
Fc1ccc(cc1)C(=O)CCCN2CCC3(CC2)N(CNC3=O)c4ccccc4,0.0
Fc1ccc(cc1)C(=O)CCCN2CCC(CC2)C(=O)c3ccc(Cl)cc3,0.0
Fc1ccc(cc1)C(=O)CCCN2CCC(=CC2)n3c(=O)[nH]c4ccccc34,
Fc1ccc(cc1)C(CCCN2CCC3(CC2)N(CNC3=O)c4ccccc4)c5ccc(F)cc5,0.0
Fc1ccc(cc1)C(=O)C4CCN(CCCn2c(=O)[nH]c3ccccc23)CC4,
Fc1ccc(cc1)C(=O)C4CCN(CCCn2c(=O)[nH]c3cc(Cl)ccc23)CC4,
Fc1ccc(-c2c(/C=C/[C@@H](O)C[C@H](O)CC(=O)O)n(C(C)C)c3c2cccc3)cc1,0.0
Fc1ccc(-c2c(/C=C/[C@H](O)C[C@H](O)CC(=O)O)c(C(C)C)nc(C(C)C)c2COC)cc1,0.0
Fc1ccc(C(=O)CCCN2C[C@H]3[N@](CC2)CCC3)cc1,0.0
Fc1ccc(C2=NC[C@H](CNC(=O)c3ccc(C)cc3)N(C)c3c2ccc(C)c3)cc1,0.0
Fc1ccc(C2=C(/C=C/[C@@H](O)C[C@@H](O)CC(=O)OCC)C3(Oc4c2cccc4)CCCC3)cc1,0.0
Fc1ccc(cc1)C(=O)C5CCN(CCCN3c2ccccc2Sc4ccc(cc34)C(F)(F)F)CC5,0.0
Fc1ccc([C@@H](C)n2c(C(=O)OCC)cnc2)cc1,0.0
Fc1ccc([C@H](O)CCCN2CCN(c3c(OC)cccc3)CC2)cc1,1.0
Fc1ccc([C@@H]2[C@@H](COc3cc4OCOc4cc3)CNCC2)cc1,0.0
Fc1ccc(C(CCCN2CCN(CCNc3ccccc3)CC2)c2ccc(F)cc2)cc1,0.0
Fc1ccc(C(=O)CCCN2C[C@H]3[N@@](Cc4[nH]c5c(c4C3)cccc5)CC2)cc1,0.0
Fc1ccc(C(=O)CN2C[C@H](COc3cc4OCOc4cc3)[C@@H](c3ccc(F)cc3)CC2)cc1,0.0
Fc1ccc([C@@]2(CCCN(C)C)OCc3c2ccc(C#N)c3)cc1,1.0
Fc1ccc([C@@H]2[C@H]3[C@H](CN(CCN4C(=O)Nc5c(C4=O)cccc5)C3)C2)cc1,0.0
Fc1cc2N3[C@H](CN(C)CC3)CN=C(c3sccc3)c2cc1,0.0
Fc1ccc(/C(=C/CCN2CCC3(N(c4ccccc4)CNC3=O)CC2)/C)cc1,0.0
Fc1cc2N(C)[C@H](CNC(=O)c3cocc3)CN=C(c3ccccc3)c2cc1,0.0
Fc1cc2onc(C3CCN(CCC=4C(=O)N5[C@H](C(C)=CC=C5)NC=4C)CC3)c2cc1,0.0
Fc1cc2onc(C3CCN(CCC=4C(=O)N5C([C@H](O)CCC5)=NC=4C)CC3)c2cc1,1.0
Fc1cc(F)cc(CC(=O)N2[C@@H](CN3C[C@H](O)CC3)CN(C(=O)C)CC2)c1,1.0
Fc1c2[nH]c3c(c2cc(F)c1)C[C@H](N(C)C)CC3,0.0
Fc1c2OC[C@H](N(C3CCC3)C3CCC3)Cc2c(C(=O)N)cc1,0.0
Fc1cc2c([C@H](C(C)C)[C@](OC(=O)COC)(CCN(CCCc3[nH]c4c(n3)cccc4)C)CC2)cc1,0.0
Fc1cc2c(n(-c3ccc(F)cc3)c3c2CN(CCC[C@@H](O)c2ccc(F)cc2)CC3)cc1,0.0
Fc1c(N2C[C@@H](C)NCC2)c(F)cc2C(=O)C(C(=O)O)=CN(CC)c12,0.0
Fc1c([C@@H](O)CNC(C)(C)C)cccc1,1.0
FC(F)OC(F)C(F)(F)F,1.0
Fc1c(C(O)(CN2NC=NC2)CN2NC=NC2)ccc(F)c1,1.0
FC(F)OC(F)(F)C(F)Cl,1.0
FC(F)(F)COC=C,1.0
FC(F)OC(Cl)C(F)(F)F,1.0
FC1=C(C(=O)O)N2C(=O)[C@H]([C@@H](O)C)[C@H]2S1,0.0
Fc1c(N2CCN(C)CC2)c2OC[C@H](C)N3c2c(C(=O)C(C(=O)O)=C3)c1,0.0
Fc1c(N(C(=O)COC)[C@@H]2[C@@H](C)CN(CCN3C(=O)N(CC)N=N3)CC2)cccc1,1.0
Fc1c(N2C[C@@H](C)N[C@@H](C)C2)c(F)c2N(C3CC3)C=C(C(=O)O)C(=O)c2c1N,0.0
Fc1c(N2C[C@@]3(C)[C@H]([C@@H](N)C3)C2)nc2N(C3CC3)C=C(C(=O)O)C(=O)c2c1,0.0
FC(F)(F)CN2C(=O)CN=C(c1ccccc1)c3cc(Cl)ccc23,0.0
FC(F)(F)c1nc2c(C(F)(F)F)cccc2c([C@H](O)[C@@H]2NCCCC2)c1,0.0
FC(F)(F)c1ccc(O[C@H](CCNC)c2ccccc2)cc1,0.0
FC(F)(F)c1ccc(O[C@H](CCN)c2ccccc2)cc1,0.0
FC(F)(F)c1cccc(c1)C1=CCN(CCc2ccc3ccccc3c2)CC1,0.0
FC(F)(F)c1ccc(/C(=N/OCCN)/CCCCOC)cc1,0.0
FC(F)(F)c1cccc(c1)N2CCN(CC2)CCc4nnc5C3CCCC3Cn45,0.0
FC(F)(F)c5ccc4Sc1ccccc1N(CCCN2CCN(CC2)C3CC3)c4c5,0.0
FC(F)(F)c1ccc(CC(=O)N2[C@H](CN3CCCC3)CCCC2)cc1,0.0
FC(F)(F)c1ccc(CC(=O)N2[C@@H](CN3C[C@H](O)CC3)CN(C(=O)C)CC2)cc1,0.0
FC(F)(F)c1cc2N(C[C@@H](CN(C)C)C)c3c(Sc2cc1)cccc3,0.0
FC(F)(F)c5ccc4Sc1ccccc1N(CCCN3CCN(CCC2OCCCO2)CC3)c4c5,1.0
FC(F)(F)c1cc2[C@@H](CCCN(C)C)c3c([C@@H](C)c2cc1)cccc3,0.0
FC(F)(F)c1cc([C@H]2OCCN(C(C)C)C2)ccc1,0.0
FC(F)(F)C(Cl)Br,0.0
FC(F)(F)c1cc2[C@H](CCCN3CCN(CCO)CC3)c3c(Sc2cc1)cc(F)cc3,0.0
FC(F)(Cl)C(F)(F)Cl,1.0
FC(F)(F)c1cc2/C(=C/CCN3CCN(CCO)CC3)/c3c(Sc2cc1)cccc3,0.0
FC(F)(F)c1cc2[C@@H](N3CCN(CCO)CC3)C[C@H](c3ccc(F)cc3)c2cc1,0.0
FC(F)(F)C1(OC(=O)Nc2ccc(Cl)cc12)C#CC3CC3,0.0
FC(F)(F)c1cc2/C(=C/CCN3CCC(CCO)CC3)/c3c(Sc2cc1)cc(F)cc3,0.0
FC(F)(F)[C@@H](O)CCOc1ccc(N2C(=O)O[C@H](COC)C2)cc1,0.0
FC(F)(F)c1cc(N2CCN(CCc3n4c(nn3)[C@H]3[C@H](C4)CCC3)CC2)ccc1,0.0
F[C@H]1C=2[C@](C)([C@H]3[C@@H](O)C[C@@]4(C)[C@H](C(=O)CO)[C@H](C)C[C@@H]4[C@H]3C1)C=CC(=O)C=2,0.0
F[C@H]1C=2[C@](C)([C@]3(F)[C@@H](O)C[C@@]4(C)[C@H](C(=O)CO)[C@H](C)C[C@@H]4[C@H]3C1)C=CC(=O)C=2,0.0
F[C@H]1C=2[C@](C)([C@H]3[C@@H](O)C[C@@]4(C)[C@H](C(=O)COC(=O)CCCCC)[C@H](C)C[C@@H]4[C@H]3C1)C=CC(=O)C=2,0.0
F[C@H]1C=2[C@](C)([C@]3(F)[C@@H](O)C[C@]4(C)[C@@](O)(C(=O)CO)[C@@H](C)C[C@@H]4[C@H]3C1)C=CC(=O)C=2,0.0
F[C@H]1C=2[C@](C)([C@]3(F)[C@@H](O)C[C@]4(C)[C@@](O)(C(=O)COC(=O)C(C)(C)C)[C@@H](C)C[C@@H]4[C@H]3C1)C=CC(=O)C=2,0.0
F[C@H]1C=2[C@](C)([C@@H]3[C@@H](O)C[C@@]4(C)[C@](O)(C(=O)CO)CC[C@@H]4[C@H]3C1)C=CC(=O)C=2,0.0
F[C@H]1C=2[C@](C)([C@]3(F)[C@@H](O)C[C@@]4(C)[C@](OC(=O)CCC)(C(=O)COC(=O)C)CC[C@@H]4[C@H]3C1)C=CC(=O)C=2,0.0
F[C@H](OC(F)F)C(F)(F)F,1.0
F[C@H]1C=2[C@](C)([C@]3(F)[C@@H](O)C[C@@]4(C)[C@]5(C(=O)COC(=O)CC)OC(C)(C)O[C@@H]5C[C@@H]4[C@H]3C1)C=CC(=O)C=2,0.0
F[C@H]1C=2[C@@](C)([C@@H]3[C@H](O)C[C@]4(C)[C@@]5(C(=O)CO)OC(C)(C)O[C@H]5C[C@@H]4[C@H]3C1)CCC(=O)C=2,0.0
F[C@]12[C@H](O)C[C@]3(C)[C@@H](C(=O)CO)[C@H](C)C[C@H]3[C@@H]1CCC=1[C@]2(C)C=CC(=O)C=1,0.0
F[C@H]1C=2[C@@](C)([C@@]3(F)[C@H](O)C[C@]4(C)[C@@]5(C(=O)C(OC)OC)OC(C)(C)O[C@H]5C[C@@H]4[C@H]3C1)C=CC(=O)C=2,0.0
F[C@H]1C=2[C@@](C)([C@@]3(F)[C@H](O)C[C@@]4(C)[C@@]5(C(=O)CO)OC(C)(C)O[C@H]5C[C@@H]4[C@H]3C1)C=CC(=O)C=2,0.0
F[C@]12[C@H](O)C[C@]3(C)[C@]4(C(=O)COC(=O)C)N=C(C)O[C@H]4C[C@H]3[C@@H]1CCC=1[C@]2(C)C=CC(=O)C=1,0.0
F[C@H]1C=2[C@@](C)([C@@]3(F)[C@H](O)C[C@@]4(C)[C@]5(C(=O)COC(=O)C6CC6)OC(C)(C)O[C@H]5C[C@@H]4[C@H]3C1)C=CC(=O)C=2,0.0
F[C@H]1C=2[C@@](C)([C@@]3(F)[C@@H](O)C[C@@]4(C)[C@]5(C(O[C@@H](OC(=O)OCC)C)=O)O[C@H](CCC)O[C@@H]5C[C@@H]4[C@H]3C1)C=CC(=O)C=2,0.0
F[C@]12[C@H](O)C[C@]3(C)[C@@]4(C(=O)C)OC(C)(C)O[C@H]4C[C@H]3[C@@H]1CCC=1[C@]2(C)C=CC(=O)C=1,0.0
F[C@]12[C@H](O)C[C@]3(C)[C@@](O)(C(=O)COC(=O)C)CC[C@H]3[C@@H]1CCC=1[C@]2(C)CCC(=O)C=1,0.0
F[C@]12[C@H](O)C[C@]3(C)[C@@](OC(=O)C)(C(=O)C)CC[C@H]3[C@@H]1C[C@H](C)C=1[C@]2(C)C=CC(=O)C=1,0.0
F[C@]12[C@H](O)C[C@]3(C)[C@@](OC(=O)CCCC)(C(=O)CO)[C@H](C)C[C@H]3[C@@H]1CCC=1[C@]2(C)C=CC(=O)C=1,0.0
F[C@]12[C@H](O)C[C@]3(C)[C@@](O)(C(=O)COC(=O)C)CC[C@H]3[C@@H]1CCC=1[C@]2(C)C=CC(=O)C=1,0.0
F[C@]12[C@H](O)C[C@]3(C)[C@@](O)(C(=O)COC(=O)C)[C@@H](OC(=O)C)C[C@H]3[C@@H]1CCC=1[C@]2(C)C=CC(=O)C=1,0.0
F[C@]12[C@H](O)C[C@]3(C)[C@@](O)(C(=O)CO)[C@H](C)C[C@H]3[C@@H]1CC(F)(F)C=1[C@]2(C)C=CC(=O)C=1,0.0
F[C@]12[C@H](O)C[C@]3(C)[C@@](O)(C(=O)C)CC[C@H]3[C@@H]1C[C@H](C)C=1[C@]2(C)C=CC(=O)C=1,0.0
F[C@]12[C@H](O)C[C@]3(C)[C@@](O)(C(=O)CO)[C@@H](O)C[C@H]3[C@@H]1CCC=1[C@]2(C)C=CC(=O)C=1,0.0
F[C@]12[C@H](O)C[C@@]3(C)[C@](O)(C(=O)C)[C@H](C)C[C@H]3[C@@H]1CCC=1[C@]2(C)C=CC(=O)C=1,0.0
F[C@]12[C@H](O)C[C@@]3(C)[C@](OC(=O)c4occc4)(C(=O)COC(=O)C)[C@H](C)C[C@H]3[C@@H]1CCC=1[C@]2(C)C=CC(=O)C=1,0.0
F[C@]12[C@H](O)C[C@@]3(C)[C@](OC(=O)C(C)C)(C(=O)COC(=O)C)[C@H](C)C[C@H]3[C@@H]1CCC=1[C@]2(C)C=CC(=O)C=1,0.0
F[C@]12[C@H](O)C[C@@]3(C)[C@](O)(C(=O)COC(=O)C)[C@H](C)C[C@H]3[C@@H]1CC(F)(F)C=1[C@]2(C)C=CC(=O)C=1,0.0
F[C@@H]1C=2[C@](C)([C@H]3[C@@H](O)C[C@@]4(C)[C@]5(C(=O)CO)OC(C)(C)O[C@@H]5C[C@H]4[C@@H]3C1)C=CC(=O)C=2,0.0
F[C@]12[C@H](O)C[C@@]3(C)[C@]4(C(=O)CO)O[C@@](C)(c5ccccc5)O[C@@H]4C[C@H]3[C@@H]1CCC=1[C@]2(C)C=CC(=O)C=1,0.0
F[C@@H]1C=2[C@@](C)([C@H]3[C@@H](O)C[C@@]4(C)[C@](O)(C(=O)CO)[C@H](C)C[C@H]4[C@@H]3C1)C=CC(=O)C=2,0.0
F[C@@H]1C=2[C@@](C)([C@H]3[C@@H](O)C[C@@]4(C)[C@](O)(C(=O)COC(=O)C)[C@H](C)C[C@H]4[C@@H]3C1)C=CC(=O)C=2,0.0
F[C@@H]1C=2[C@@](C)([C@@H]3[C@H](O)C[C@]4(C)[C@@H](C(=O)C(=O)OCCCC)[C@@H](C)C[C@H]4[C@@H]3C1)C=CC(=O)C=2,0.0
F[C@]12[C@H](O)C[C@@]3(C)[C@]4(C(=O)COC(=O)[C@H](CNC(=O)c5ccccc5)C)OC(C)(C)O[C@@H]4C[C@@H]3[C@H]1CCC=1[C@]2(C)C=CC(=O)C=1,0.0
F[C@@H]1C=2[C@@](C)([C@H]3[C@@H](O)C[C@@]4(C)[C@]5(C(=O)COC(=O)C)OC(C)(C)O[C@@H]5C[C@H]4[C@@H]3C1)C=CC(=O)C=2,0.0
F[C@@H]1C=2[C@@](C)([C@@H]3[C@H](O)C[C@@]4(C)[C@](OC(=O)CCCC)(C(=O)CO)CC[C@H]4[C@@H]3C1)C=CC(=O)C=2,0.0
F[C@@H]1C=2[C@@](C)([C@@]3(F)[C@H](O)C[C@]4(C)[C@@H](C(=O)COC(=O)C(C)(C)C)[C@@H](C)C[C@H]4[C@@H]3C1)C=CC(=O)C=2,0.0
F[C@@H]1C=2[C@@](C)([C@@]3(F)[C@H](O)C[C@]4(C)[C@@](O)(C(=O)CO)[C@@H](O)C[C@H]4[C@@H]3C1)C=CC(=O)C=2,0.0
F[C@@H]1C=2[C@@](C)([C@@]3(F)[C@H](O)C[C@]4(C)[C@@](OC(=O)C)(C(=O)COC(=O)C)[C@@H](C)C[C@H]4[C@@H]3C1)C=CC(=O)C=2,0.0
F[C@@H]1C=2[C@@](C)([C@@]3(F)[C@H](O)C[C@]4(C)[C@@]5(C(=O)CO)O[C@@H](CCC)O[C@H]5C[C@H]4[C@@H]3C1)CCC(=O)C=2,0.0
F[C@@H]1C=2[C@@](C)([C@@]3(F)[C@H](O)C[C@]4(C)[C@@]5(C(=O)COC(=O)C)OC(C)(C)O[C@@H]5C[C@H]4[C@@H]3C1)C=CC(=O)C=2,0.0
F[C@@]12[C@@H](O)C[C@]3(C)[C@@]4(C(=O)COC(=O)CC(C)(C)C)OC(C)(C)O[C@H]4C[C@@H]3[C@H]1CC=1[C@@]2(C)C=CC(=O)C=1,0.0
F[C@@]12[C@@H](O)C[C@]3(C)[C@@]4(C(=O)CO)OC(CC)(CC)O[C@H]4C[C@@H]3[C@H]1CCC=1[C@@]2(C)C=CC(=O)C=1,0.0
F[C@@]12[C@@H](O)C[C@]3(C)[C@@]4(C(=O)CO)OC(C)(C)O[C@H]4C[C@@H]3[C@H]1CC[C@H]1[C@@]2(C)CCC(=O)C1,0.0
F[C@@]12[C@@H](O)C[C@]3(C)[C@@]4(C(=O)CO)O[C@@H](C=C)O[C@H]4C[C@H]3[C@@H]1CCC=1[C@@]2(C)C=CC(=O)C=1,0.0
F[C@@]12[C@@H](O)C[C@]3(C)[C@@](OC(=O)CC)(C(=O)COC)[C@H](C)C[C@@H]3[C@H]1CCC=1[C@@]2(C)C=CC(=O)C=1,0.0
F[C@@]12[C@@H](O)C[C@]3(C)[C@@](OC(=O)CC)(C(=O)COC(=O)CC)[C@H](C)C[C@@H]3[C@H]1CCC=1[C@@]2(C)C=CC(=O)C=1,0.0
F[C@@]12[C@H](O)C[C@]3(C)[C@@]4(C(=O)COC(=O)c5oc6c(c5)cccc6)OC(C)(C)O[C@H]4C[C@@H]3[C@H]1CC=1[C@@]2(C)C=CC(=O)C=1,0.0
F[C@@]12[C@@H](O)C[C@]3(C)[C@@](O)(C(=O)[C@@H](OC(=O)C)C)CC[C@@H]3[C@H]1CCC=1[C@@]2(C)C=CC(=O)C=1,0.0
F[C@@]12[C@@H](O)C[C@@]3(C)[C@](O)(C(=O)CO)CC[C@@H]3[C@H]1CCC=1[C@@]2(C)CCC(=O)C=1,0.0
F[C@@]12[C@@H](O)C[C@@]3(C)[C@](O)(C(=O)COC(=O)C)[C@H](C)C[C@@H]3[C@H]1CCC=1[C@@]2(C)C=CC(=O)C=1,0.0
F[C@@]12[C@@H](O)C[C@@]3(C)[C@](O)(C(=O)CO)CC[C@@H]3[C@H]1CCC=1[C@@]2(C)C=CC(=O)C=1,0.0
F[C@@]12[C@@H](O)C[C@]3(C)[C@@](OC(=O)c4ccccc4)(C(=O)CO)[C@@H](C)C[C@@H]3[C@H]1CCC=1[C@@]2(C)C=CC(=O)C=1,0.0
F/C=C(\CN)/CCc1ccc(F)cc1,0.0
F[C@@]12[C@@H](O)C[C@@]3(C)[C@](O)(C(=O)CO)C(=C)C[C@@H]3[C@H]1CCC=1[C@@]2(C)C=CC(=O)C=1,0.0
CSCCC(NC(C)=O)C(=O)Oc1ccc(NC(C)=O)cc1,0.0
O=C([C@@H](O)[C@H](O)C)[C@@H](OC)[C@H]1[C@H](O[C@@H]2O[C@H](C)[C@@H](O)[C@H](O[C@@H]3O[C@H](C)[C@@H](O)[C@H](O[C@@H]4O[C@H](C)[C@@H](O)[C@](O)(C)C4)C3)C2)C(=O)c2c(O)c3c(O)c(C)c(O[C@@H]4O[C@H](C)[C@H](O)[C@H](O[C@@H]5O[C@H](C)[C@@H](O)[C@H](O)C5)C4)cc3cc2C1,0.0
CSc3ccc2Sc1ccccc1N(CC(C)CN(C)C)c2c3,1.0
CSc4ccc3Sc1ccccc1N(CCC2CCCCN2C)c3c4,1.0
F[C@@]12[C@@H](O)C[C@@]3(C)[C@@](C(=O)CO)(C)[C@H](C)C[C@@H]3[C@H]1CCC=1[C@@]2(C)C=CC(=O)C=1,0.0
CSc1c(Cl)nc(NC(C)C)nc1N2CCN(C)CC2,1.0
CSc1ccc2c(c1)C(Cc1ccccc1S2)N1CCN(C)CC1,1.0
CS(=O)(=O)OCCCCOS(C)(=O)=O,1.0
F[C@@]12[C@@H](O)C[C@@]3(C)[C@]4(C(=O)CO)[C@H](C[C@H]3[C@@H]1CCC=1[C@@]2(C)C=CC(=O)C=1)Cc1c(cccc1)C4,0.0
CS(=O)(=O)c1ccc(cc1)C(O)C(CO)NC(=O)C(Cl)Cl,1.0
CS(=O)(=O)c1ccc(cc1)C(O)C(CF)NC(=O)C(Cl)Cl,0.0
CON=CC1=CCCN(C)C1,1.0
F[C@@]12[C@@H](O)C[C@@]3(C)[C@@]4(C(=O)CO)OC(C)(C)O[C@H]4C[C@@H]3[C@H]1CCC=1[C@@]2(C)C=CC(=O)C=1,0.0
CON=C(C(=O)NC2C1SCC=C(N1C2=O)C(O)=O)c3csc(=N)[nH]3,
CP(C)(=O)CN2C(=O)CN=C(c1ccccc1)c3cc(Cl)ccc23,1.0
CS(=O)(=O)c4ccc3Sc1ccccc1N(CCCN2CCC(CC2)C(N)=O)c3c4,1.0
F[C@@]12[C@@H](O)C[C@@]3(C)[C@@]4(C(=O)COC(=O)C)OC5(O[C@@H]4C[C@H]3[C@@H]1CCC=1[C@@]2(C)C=CC(=O)C=1)CCCC5,0.0
CSC(=O)C3(O)C(C)CC4C2CCC1=CC(=O)C=CC1(C)C2(F)C(O)CC34C,0.0
CSC(=O)C3(OC(C)=O)C(C)CC4C2CCC1=CC(=O)C=CC1(C)C2(F)C(O)CC34C,0.0
F[C@@]1(C)C(=O)[C@@H](C)[C@H](O)[C@](O)(C)[C@H](CC)OC(=O)[C@H](C)[C@H](O[C@H]2O[C@@H](C)[C@H](O)[C@@](OC)(C)C2)[C@@H](C)[C@H](O[C@H]2[C@@H](O)[C@@H](N(C)C)C[C@H](C)O2)[C@](O)(C)C1,0.0
CON=C(C(=O)NC2C1SCC(=C(N1C2=O)C(O)=O)CSc3nc(=O)c(=O)[nH]n3C)c4csc(N)n4,
CON=C(C1=CSC(=N1)N)C(=O)NC2C3N(C2=O)C(=C(CS3)C=CSC4=NNC(=O)C(=O)N4CC=O)C(=O)O,0.0
CON=C(C(=O)NC2C1SCC(=C(N1C2=O)C(O)=O)CSc3nnnn3C)c4csc(N)n4,0.0
CON=C(C(=O)NC2C1SCC(=C(N1C2=O)C(O)=O)COC(N)=O)c3ccco3,0.0
CON=C(C(=O)NC2C1SCC(=C(N1C2=O)C(O)=O)CSc3nc(C)c(CC(O)=O)s3)c4csc(N)n4,0.0
CON=C(C(=O)NC2C1SCC(=C(N1C2=O)C(O)=O)COC(C)=O)c3csc(N)n3,0.0
CON=C(C(=O)NC2C1SCC(=C(N1C2=O)C(O)=O)COC(C)=O)c3ccco3,0.0
CON=C(C(=O)NC2C1SCC(=C(N1C2=O)C(O)=O)CSc3cnns3)c4csc(N)n4,0.0
CON=C(C(=O)NC2C1SCC(=C(N1C2=O)C(O)=O)CSC(=O)c3ccco3)c4csc(N)n4,0.0
CON=C(C(=O)NC2C1SCC(=C(N1C2=O)C(O)=O)C)c3csc(N)n3,0.0
CON=C(C(=O)NC2C1SCC(=C(N1C2=O)C(O)=O)C=CSc3n[nH]c(=O)c(=O)n3CC=O)c4csc(N)n4,
CON=C(C(=O)NC2C1SCC(=C(N1C2=O)C(O)=O)Cn3nnc(C)n3)c4csc(N)n4,0.0
CON=C(C#N)C1CN2CCC1CC2,1.0
CON=C(C(=O)NC1C(C)N(OCC(O)=O)C1=O)c2csc(N)n2,0.0
CON=C(C(=O)NC2C1SCC(=C(N1C2=O)C(=O)OC(C)OC(C)=O)COC(N)=O)c3ccco3,0.0
CON=C(C(=O)NC2C1SCC(=C(N1C2=O)C(O)=O)C=Cc3scnc3C)c4csc(N)n4,0.0
CON=C(C#N)C1CN2CCC1CC2,1.0
CON=C(C(=O)NC1C2SCC=C(N2C1=O)C(=O)OCOC(=O)C(C)(C)C)c1csc(n1)NC(=O)C(C)N,0.0
CON=C(C(=O)NC1C2N(C1=O)C(=C(COC(C)=O)CS2=O)C(O)=O)c3csc(N)n3,1.0
CON=C(C(=O)NC1C(C)N(OCC(=O)OCC(=O)OC(C)(C)C)C1=O)c2csc(N)n2,1.0
CON=C(C(=O)NC1C2SCC(=C(N2C1=O)C(=O)OC(C)OC(=O)C(C)(C)OC)COC(N)=O)c1occc1,0.0
COCCCCC(=NOCCN)c1ccc(Cl)cc1,1.0
COCCCCC(=NOCCN)c1ccc(cc1)C(F)(F)F,0.0
COCCCC/C(=N/OCCN)C1=CC=C(C=C1)C([F])([F])[F],0.0
COCN2C(=O)CN=C(c1ccccc1)c3cc(ccc23)N(=O)=O,0.0
COCCc1ccc(OCC(O)CNC(C)C)cc1,1.0
COCOC(=O)C1N4C(SC1(C)C)C(N2C(=O)C(NC2(C)C)c3ccccc3)C4=O,0.0
COCC1CN(C(=O)O1)c2ccc(OCCC(O)C(F)(F)F)cc2,0.0
COCOC(=O)C1N4C(SC1(C)C)C(N2C(=O)C(NC2(C)C)c3ccc(O)cc3)C4=O,0.0
COCOC(=O)[C@@]4([H])N3C(=O)[C@@]([H])(N1C(=O)[C@@]([H])(NC1(C)C)C2=CC=CC=C2)[C@@]3([H])[S]C4(C)C,0.0
COCC3CN=C(c1ccccc1Cl)c2cc(Br)ccc2N3C,0.0
COCc3c(ncc4[nH]c2cccc(Oc1ccc(Cl)cc1)c2c34)C(=O)OC(C)C,1.0
COCC1=C(N3C(SC1)C(NC(=O)C(=NOC)c2csc(N)n2)C3=O)C(O)=O,0.0
COCC1=C(N3C(SC1)C(NC(=O)C(=NO)c2csc(N)n2)C3=O)C(O)=O,0.0
COCC=1C[S][C@@]2([H])N(C=1C(O)=O)C(=O)[C@@]2([H])NC(=O)C(=NO)C3=C[S]C(N)=N3,0.0
COCCN1CCC24C3Oc5c(O)ccc(CC1C2(O)CCC3=O)c45,1.0
COCCN3CC[C@@]12C=4C=5O[C@@]1([H])C(=O)CC[C@@]2(O)[C@@]3([H])CC=4C=CC=5O,1.0
COCc1c(nc(C(C)C)c(C=CC(O)CC(O)CC(O)=O)c1c2ccc(F)cc2)C(C)C,0.0
COCC(=O)OC4(CCN(C)CCCc2nc1ccccc1[nH]2)CCc3cc(F)ccc3C4C(C)C,0.0
COCC(=O)N(C1CCN(CC1)CCc2ccccc2)c3ccccc3F,1.0
COCC(=O)O[C@@]4(CCN(C)CCC/C2=N/C1=CC=CC=C1N2)CCC3=CC([F])=CC=C3[C@@]4([H])C(C)(C)[H],0.0
COC5CC4CN3CCc1c([nH]c2cc(OC)ccc12)C3CC4C(C5OC)C(=O)OC,1.0
COc5ccc(CCN1CCC(CC1)Nc3nc2ccccc2n3Cc4ccc(F)cc4)cc5,0.0
COC5C(CC4CN3CCc1c([nH]c2ccccc12)C3CC4C5C(=O)OC)OC(=O)c6cc(OC)c(OC)c(OC)c6,1.0
COc4cccc5C(=O)c3c(O)c2CC(O)(CC(OC1CC(N)CC(C)O1)c2c(O)c3C(=O)c45)C(=O)CO,0.0
COc4cccc5C(=O)c3c(O)c2CC(O)(CC(OC1CC(N)C(O)C(C)O1)c2c(O)c3C(=O)c45)C(C)=O,0.0
COc4cccc5C(=O)c3c(O)c2CC(O)(CC(OC1CC(NC(=O)C(N)CC(C)C)C(O)C(C)O1)c2c(O)c3C(=O)c45)C(=O)CO,0.0
COc5cccc6C(=O)c4c(O)c3CC(O)(CC(OC2CC(N)C(OC1CCCCO1)C(C)O2)c3c(O)c4C(=O)c56)C(=O)CO,0.0
COC5C(CC4CN3CCc1c([nH]c2ccc(Cl)cc12)C3CC4C5C(=O)OC)OC(=O)c6cc(OC)c(OC)c(OC)c6,1.0
COC5C(CC4CN3CCc1c([nH]c2cc(OC)ccc12)C3CC4C5OC(C)=O)OC(=O)c6cc(OC)c(OC)c(OC)c6,1.0
COc4ccc3Sc1ccccc1N(CCC2CCCCN2C)c3c4,1.0
COc4ccc3Oc1ccccc1C=C(N2CCN(C)CC2)c3c4,1.0
COc4cccc(C(=O)NC1CC2CCC(C1)N2Cc3ccccc3)c4OC,1.0
COc4ccc3Sc1ccccc1N(CC(C)CN2CCC(O)CC2)c3c4,1.0
COc4ccc3n1CCN(C)C2=NCCc(c12)c3c4,0.0
COc4ccc3CC2C1CCCCC1(CCN2C)c3c4,1.0
COc4ccc3c(C2CCN(CCCC(=O)c1ccc(F)cc1)CC2)c(C)[nH]c3c4,1.0
COc4cc3CC(CC1CCN(CC1)Cc2ccccc2)C(=O)c3cc4OC,1.0
COc4ccc3CC1N(C)CCC2(CC(O)CCC12O)c3c4OC,1.0
COc4cccc5C(=O)c3c(O)c2CC(O)(CC(OC1CC(N)C(O)C(C)O1)c2c(O)c3C(=O)c45)C(=O)CO,0.0
COc4cc3[nH]c(C)c(CCN1CCN(CC1)c2ccccc2OC)c3cc4OC,1.0
COc4cc3[nH]c(C)c(CCN1CCN(CC1)c2ccccc2)c3cc4OC,1.0
COC3OC2OC4(CN1CCCCC1)C(O)CC(C2C)C34,0.0
COc3ccc2Sc1ccccc1N(CCCN(C)C)c2c3,1.0
COc3ccc2Sc1ccccc1N(CC(C)CN(C)C)c2c3,1.0
COc3cccc4OCC(CCCNCCCCN2C(=O)CC1(CCCC1)CC2=O)Cc34,1.0
COC4C(OC(N)=O)C(O)C(Oc3ccc2c(O)c(NC(=O)c1ccc(O)c(CC=C(C)C)c1)c(=O)oc2c3C)OC4(C)C,
COc3ccc2Oc1ccccc1C(=CCCN(C)C)c2c3,1.0
COc3ccc2nccc(CCCC1CCNCC1C=C)c2c3,1.0
COc3ccc2Sc1ccccc1C(O)(CCCN(C)C)c2c3,1.0
COc3ccc2n(C(=O)c1ccc(Cl)cc1)c(C)c(CC(O)=O)c2c3,0.0
COc3ccc(OCC1CN(C)CCC1c2ccccc2)cc3,1.0
COc3ccc(Cn1c(C)c(CCN)c2cc(O)ccc12)cc3,1.0
COc3ccc(CCN1CCN(CC1)c2ccccc2Cl)cc3OC,1.0
COc3cc2CCN1CC(CC(C)C)C(=O)CC1c2cc3OC,1.0
COc3cc2CC(=NN=C(c1cccc(Cl)c1)c2cc3OC)C,1.0
COc3cc2CCC(NC(C)=O)c1cc(=O)c(OC)ccc1c2c(OC)c3OC,1.0
COc3cc2CC(=NN=C(c1ccc(N)cc1)c2cc3OC)C,1.0
COc3cc(NCc2ccc1nc(N)nc(N)c1c2C)cc(OC)c3OC,0.0
COC3(NC(=O)Cc1cccs1)C2SCC(=C(N2C3=O)C(O)=O)COC(N)=O,1.0
COc4cccc5C(=O)c3c(O)c2CC(O)(CC(OC1CC(N)C(O)C(C)O1)c2c(O)c3C(=O)c45)C(C)=NNC(=O)c6ccccc6,0.0
COC3(NC(=O)C(C(O)=O)c1ccsc1)C2SC(C)(C)C(N2C3=O)C(O)=O,0.0
COC2CCCC3C1C(C(C)O)C(=O)N1C(=C23)C=O,0.0
COC2CN(CCCOc1ccc(F)cc1)CCC2NC(=O)c3cc(Cl)c(N)cc3OC,1.0
COC3(NC(=O)C1SC(S1)=C(C(N)=O)C(O)=O)C2SCC(=C(N2C3=O)C(O)=O)CSc4nnnn4C,0.0
COC3(NC(=O)C1SC(S1)=C(C#N)C(O)=O)C2SCC(=C(N2C3=O)C(O)=O)CSc4nnnn4C,0.0
COc2ccc3CN(C)CCC14C=CC(O)CC1Oc2c34,1.0
COC3(NC(=O)C(C(O)=O)c1ccc(O)cc1)C2OCC(=C(N2C3=O)C(O)=O)CSc4nnnn4C,0.0
COc2ccc(CN(CCN(C)C)c1ccccn1)cc2,1.0
COc2ccc1C(CN(C)Cc1c2)c3ccc(Cl)c(Cl)c3,1.0
COc2ccc1[nH]c(nc1c2)S(=O)Cc3ncc(C)c(OC)c3C,1.0
COc2ccc(CCN(C)CCCC(C#N)(C(C)C)c1ccc(OC)c(OC)c1)cc2OC,0.0
COc2cc(Cc1cnc(N)nc1N)cc(OC)c2OC,1.0
COc2cc1CC(OS(=O)(=O)c1cc2OC)C(=O)NC(C)CC(C)(C)N(C)C,1.0
COc2cc1oc(=O)c(C)c(C)c1cc2OCCCN3CCN(CC3)c4ccccc4OC,
COc2ccc1C(OC(=O)c1c2OC)C4N(C)CCc5cc3OCOc3c(OC)c45,1.0
COc2cc3CCN(C)C4CC1(C=CC(=O)C=C1)c(c2O)c34,0.0
COc2cc(cc(C(=O)NCC1CCCN1CC=C)c2OC)S(N)(=O)=O,1.0
COc2cc(Br)c1oc(cc1c2)C3CCNCC3,1.0
COc2cc(C=CC(=O)N1CCCCCCC1)cc(OC)c2OC,1.0
COC2C(O)C(N)C(OC1OC(CCC1N)C(C)N)C(O)C2N(C)C(=O)CN,0.0
COc1cccnc1CCCCNc3nc(=O)c(Cc2ccc(C)nc2)c[nH]3,
COc1ccccc1OCC2CNC(=O)O2,1.0
COC23C1NC1CN2C4=C(C3COC(N)=O)C(=O)C(=C(C)C4=O)N,1.0
COC2(NC(=O)CSCC(N)C(O)=O)C1SCC(=C(N1C2=O)C(O)=O)CSc3nnnn3C,1.0
COC2(NC(=O)CSCC#N)C1SCC(=C(N1C2=O)C(O)=O)CSc3nnnn3C,1.0
COc2ccc3CC6C4CCC(OC(=O)c1cccnc1)C5Oc2c3C45CCN6C,1.0
COC2(NC(=O)CSC(F)F)C1OCC(=C(N1C2=O)C(O)=O)CSc3nnnn3CCO,1.0
COc1ccccc1N3CCN(CCCC(O)c2ccc(F)cc2)CC3,1.0
COc1ccccc1N3CCN(CCCC(=O)c2ccc(F)cc2)CC3,1.0
COc1cccc(c1)C2(O)CCCCC2CN(C)C,1.0
COc1ccccc1N2CCN(CC2)CCc3oc(=O)[nH]c3c4ccc(F)cc4,
COc1ccccc1N2CCN(CC2)CC(O)COc3cc(OC)c(OC)c(OC)c3,1.0
COc1cccc2c1C(=O)c1c(c3c(c(c1C2=O)O)CC(O)(CC3O)C(O)CO)O,0.0
COc1ccccc1N4CCN(CCCCN2C(=O)C3C(=O)N(C(=O)C(C2=O)C3(C)C)C(C)(C)C)CC4,1.0
COc1ccc2CC5C3CCC(O)C4Oc1c2C34CCN5C,1.0
COc1ccc2CC5C3CCC(=O)C4Oc1c2C34CCN5C,1.0
COC6C=COC5(C)Oc4c(C)c(O)c3C(=O)C(=C2NC1(CCN(CC1)CC(C)C)N=C2c3c4C5=O)NC(=O)C(=CC=CC(C)C(O)C(C)C(O)C(C)C(OC(C)=O)C6C)C,0.0
COc1ccc2CC5C3C=CC(O)C4Oc1c2C34CCN5C,1.0
COc1ccc2CC4NCCC35C(Oc1c23)C(O)C=CC45,0.0
COc1ccc(Cl)c2C(CCCc12)N(C)C,1.0
COc1ccc2CC5C3CC=C(OC(C)=O)C4Oc1c2C34CCN5C,1.0
COc1ccc(Cl)cc1C(=O)NCCc2ccc(cc2)S(=O)(=O)NC(=O)NC3CCCCC3,0.0
COc1ccc(cc1OC2CCCC2)C3CNC(=O)C3,1.0
COc1ccc(cc1C(=O)NCC2CCCN2C)S(N)(=O)=O,1.0
COc1ccc(cc1OC)C(O)CN2CCN(CC2)c3cccccc3=O,1.0
COc1ccc(cc1)C(=O)N2CCCC2=O,1.0
COc1ccc(cc1)C(CN(C)C)C2(O)CCCCC2,1.0
COc1ccc(cc1C(=O)NCC2CCCN2Cc3ccc(F)cc3)S(N)(=O)=O,1.0
COc1ccc2CC4N(C)CCC35C(Oc1c23)C(=O)CCC45O,1.0
COc1ccc(cc1)C3Sc2ccccc2N(CCN(C)C)C(=O)C3OC(C)=O,1.0
COc1cc2c(cc1OC)C(CN(C)CC2)c1ccccc1,1.0
COc1ccc(cc1OC)C(O)CN2CCN(CC2)C(c3ccccc3)c4ccccc4,1.0
COc1ccc(cc1)N5CC(CN2CCC(O)(CC2)c4ccc3OCOc3c4)OC5=O,0.0
COc1cc(N)c(Cl)cc1C(=O)NC2CCN(CC2)Cc3ccccc3,1.0
COc1ccc(cc1O)c5cc(=O)c4c(O)cc(OC3OC(COC2OC(C)C(O)C(O)C2O)C(O)C(O)C3O)cc4o5,
COc1cc(ccc1OCCCN2CCC(CC2)c3noc4cc(F)ccc34)C(C)=O,1.0
COc1cc(cc(OC)c1OC)C(=O)N2CCOCC2,1.0
COc1cc(cc(OC)c1OC)C(=O)N2CCCCCCC2,1.0
COc1cc(cc(OC)c1OC)C(=O)C=CN2CC=CC2,1.0
COc1cc(cc(c1OC)OC)C=CC(N)=O,1.0
COC1CC(OC(C)C1O)OC4C(C)C(OC2OC(C)CC(C2O)N(C)C)C(C)CC3(CO3)C(=O)C(C)C(O)C(C)C(C)OC(=O)C4C,0.0
COc1cc(cc(OC)c1OC)C(=O)OCCN5CCN(CCCN3c2ccccc2Sc4ccc(Cl)cc34)CC5,1.0
COC1CC(OC(C)C1OC(C)=O)OC4C(C)C(OC2OC(C)CC(C2OC(C)=O)N(C)C)C(C)CC3(CO3)C(=O)C(C)C(OC(C)=O)C(C)C(C)OC(=O)C4C,1.0
COc1cc(cc(OC)c1O)C6C2C(COC2=O)C(OC4OC3COC(C)OC3C(O)C4O)c7cc5OCOc5cc67,0.0
COC1CC(CCC1O)C=C(C)C3OC(=O)C2CCCCN2C(=O)C(=O)C4(O)OC(C(CC(C)CC(=CC(CC=C)C(=O)CC(O)C3C)C)OC)C(CC4C)OC,0.0
COC1C=COC4(C)Oc3c(C)c(O)c2c(O)c(NC(=O)C(=CC=CC(C)C(O)C(C)C(O)C(C)C(OC(C)=O)C1C)C)cc(O)c2c3C4=O,0.0
COC1C(O)CC(=O)OC(C)CC=CC=CC(O)C(C)CC(CC=O)C1OC1OC(C)C(OC2CC(C)(O)C(O)C(C)O2)C(C1O)N(C)C,0.0
COc1cc(cc(OC)c1OC)C7C2C(COC2=O)C(OC4OC3COC(OC3C(O)C4O)c5cccs5)c8cc6OCOc6cc78,0.0
COC1=Nc2nc(cn2C2=C1CCCC2)c1noc(n1)C,0.0
COC1=CC(=O)OC1C(O)c2ccccc2Cl,0.0
COC1=C(N3C(SC1)C(NC(=O)C(N)C2C=CCC=C2)C3=O)C(O)=O,0.0
COC1(F)C(F)(F)C1(F)Cl,0.0
COC1C=COC5(C)Oc4c(C)c(O)c3c(O)c(NC(=O)C(=CC=CC(C)C(O)C(C)C(O)C(C)C(OC(C)=O)C1C)C)c(C=NN2CCN(C)CC2)c(O)c3c4C5=O,0.0
COC1C(CC(=O)OC(C)CC=CC=CC(O)C(C)CC(CC=O)C1OC3OC(C)C(OC2CC(C)(O)C(OC(=O)CC(C)C)C(C)O2)C(C3O)N(C)C)OC(C)=O,1.0
COC=2C=C1CCOC1=C(C=2)CN[C@@]3([H])CCCN[C@@]3([H])C4=CC=CC=C4,1.0
COC=1C[S][C@@]2([H])N(C=1C(O)=O)C(=O)[C@@]2([H])NC(=O)[C@@](N)([H])[C@@]3([H])C=CCC=C3,0.0
COC[C@@]1([H])CN(C(=O)O1)C3=C/C=C(/OC/C2=C/C=CC(C#N)=C2)C=C3,0.0
COC1C(O)CC(=O)OC(C)CC=CC=CC(OC2CCC(C(C)O2)N(C)C)C(C)CC(CC=O)C1OC1OC(C)C(OC2CC(C)(O)C(O)C(C)O2)C(C1O)N(C)C,1.0
COC[C@@]1([H])CN(C(=O)O1)C2=C/C=C(/OCC[C@@](O)([H])C([F])([F])[F])C=C2,0.0
COC(F)(F)C(F)Br,1.0
COC(F)(F)C(Cl)Cl,1.0
COC/C1=C(/N=C(C(/C=C/[C@@](O)([H])C[C@@](O)([H])CC(O)=O)=C1/C2=C/C=C(/[F])C=C2)C(C)(C)[H])C(C)(C)[H],0.0
COC(=O)c1cncn1C(C)c2ccccc2,1.0
COC1C=COC6(C)Oc5c(C)c(O)c4c(O)c(NC(=O)C(=CC=CC(C)C(O)C(C)C(O)C(C)C(OC(C)=O)C1C)C)c2c(nc3cc(C)ccn23)c4c5C6=O,0.0
COC(C(=O)NC2C1SC(C)(C)C(N1C2=O)C(O)=O)c3ccc(Cl)c(Cl)c3,0.0
COC(=O)C(C1CCCCN1)c2ccccc2,1.0
COC(=O)C1=C(C)NC(=C(C1c2ccccc2N(=O)=O)C(=O)OC)C,1.0
COC12C=CC3(CC1C(C)(C)O)C4Cc6ccc(O)c7OC2C3(CCN4CC5CC5)c67,1.0
COC(=O)C1=C(C)NC(=C(C1c2cccc(c2)N(=O)=O)C(=O)OCCN(C)Cc3ccccc3)C,1.0
COC(OC)C(=O)C14OC(C)(C)OC1CC5C3CC(F)C2=CC(=O)C=CC2(C)C3(F)C(O)CC45C,0.0
CO[C@@]5([H])C[C@@]4([H])CN3CCC1=C(NC2=CC(OC)=CC=C12)[C@@]3([H])C[C@@]4([H])[C@@]([H])(C(=O)OC)[C@@]5([H])OC,1.0
COC([H])(OC)C(=O)[C@@]14OC(C)(C)O[C@@]1([H])C[C@@]5([H])[C@@]3([H])C[C@@]([F])([H])C2=CC(=O)C=C[C@@]2(C)[C@@]3([F])[C@@](O)([H])C[C@@]45C,0.0
CO[C@@]3([H])O[C@@]2([H])O[C@@]4(CN1CCCCC1)[C@@](O)([H])C[C@@]([H])([C@@]2(C)[H])[C@@]34[H],0.0
CO[C@@]4([H])[C@@]([H])(OC(N)=O)[C@@](O)([H])[C@@]([H])(O/C3=C/C=C2C(O)=C(NC(=O)C1=C/C=C(/O)C(C/C=C(/C)C)=C1)C(=O)O/C2=C3/C)OC4(C)C,0.0
CO[C@@]5([H])[C@@]([H])(C[C@@]4([H])CN3CCC1=C(NC2=CC=CC=C12)[C@@]3([H])C[C@@]4([H])[C@@]5([H])C(=O)OC)OC(=O)C6=CC(OC)=C(OC)C(OC)=C6,1.0
CO[C@@]2(NC(=O)C/C1=C/C=C[S]1)C(=O)N3C(=C(C[S][C@@]23[H])COC(N)=O)C(O)=O,1.0
COC1C=COC6(C)Oc5c(C)c(O)c4c(O)c(NC(=O)C(=CC=CC(C)C(O)C(C)C(O)C(C)C(OC(C)=O)C1C)C)c(C=NN2CCN(CC2)C3CCCC3)c(O)c4c5C6=O,0.0
COC1CC(OC(C)C1O)OC2C(C)OC(CC2OC)OC3C(C)C=CC=C6COC7C(O)C(=CC(C(=O)OC5CC(CC=C3C)OC4(CCC(C)C(O4)C(C)C)C5)C67O)C,1.0
CO[C@@]5([H])[C@@]([H])(C[C@@]4([H])CN3CCC1=C(NC2=CC(OC)=CC=C12)[C@@]3([H])C[C@@]4([H])[C@@]5([H])OC(C)=O)OC(=O)C6=CC(OC)=C(OC)C(OC)=C6,1.0
CO[C@@]2(NC(=O)[C@@]([H])(C(O)=O)C=1C=C[S]C=1)C(=O)N3[C@@]2([H])[S]C(C)(C)[C@@]3([H])C(O)=O,0.0
CO[C@@]2(NC(=O)[C@@]1([H])[S]C([S]1)=C(C(N)=O)C(O)=O)C(=O)N3C(=C(C[S][C@@]23[H])C[S]/C4=N/N=NN4C)C(O)=O,0.0
CO[C@@]2(NC(=O)[C@@]1([H])[S]C([S]1)=C(C#N)C(O)=O)C(=O)N3C(=C(C[S][C@@]23[H])C[S]/C4=N/N=NN4C)C(O)=O,0.0
CO[C@@]2([H])[C@@](O)([H])[C@@](N)([H])[C@@]([H])(O[C@@]1([H])O[C@@]([H])(CC[C@@]1(N)[H])[C@@](C)(N)[H])[C@@](O)([H])[C@@]2([H])N(C)C(=O)CN,0.0
CO[C@@]5([H])[C@@]([H])(C[C@@]4([H])CN3CCC1=C(NC2=C/C=C(/[Cl])C=C12)[C@@]3([H])C[C@@]4([H])[C@@]5([H])C(=O)OC)OC(=O)C6=CC(OC)=C(OC)C(OC)=C6,1.0
CO[C@@]2(NC(=O)[C@@]([H])(C(O)=O)C1=C/C=C(/O)C=C1)C(=O)N3C(=C(CO[C@@]23[H])C[S]/C4=N/N=NN4C)C(O)=O,0.0
CO[C@@]14N(C[C@@]2([H])N[C@@]12[H])C3=C(C(=O)C(N)=C(C)C3=O)[C@@]4([H])COC(N)=O,1.0
CO[C@@]1([H])CCC[C@@]2([H])C1=C(C=O)N3C(=O)[C@@]([H])([C@@]23[H])[C@@](C)(O)[H],0.0
CO[C@@]1(NC(=O)C[S]CC#N)C(=O)N2C(=C(C[S][C@@]12[H])C[S]/C3=N/N=NN3C)C(O)=O,1.0
CO[C@@]1(NC(=O)C[S]C[C@@](N)([H])C(O)=O)C(=O)N2C(=C(C[S][C@@]12[H])C[S]/C3=N/N=NN3C)C(O)=O,1.0
CO[C@@]1(NC(=O)C[S]C([F])([F])[H])C(=O)N2C(=C(CO[C@@]12[H])C[S]/C3=N/N=NN3CCO)C(O)=O,1.0
CO[C@@]([H])(C(=O)N[C@@]1([H])C(=O)N2[C@@]1([H])[S]C(C)(C)[C@@]2([H])C(O)=O)C3=C/C=C(/[Cl])C([Cl])=C3,0.0
CO/N=C(/C(=O)N[C@@]1([H])C(=O)N2C(=C(C[S][C@@]12[H])COC(N)=O)C(=O)O[C@@](C)([H])OC(C)=O)C3=CC=CO3,0.0
CO/N=C(/C(=O)N[C@@]1([H])C(=O)N2C(=C(C[S][C@@]12[H])COC(C)=O)C(O)=O)C3=CC=CO3,0.0
CO/N=C(/C(=O)N[C@@]1([H])C(=O)N2C(=C(C[S][C@@]12[H])COC(N)=O)C(=O)O[C@@](C)([H])OC(=O)C(C)(C)OC)C=3OC=CC=3,0.0
CO[C@@]1([H])[C@@](O)([H])CC(=O)O[C@@](C)([H])CC=CC=C[C@@](O)([H])[C@@](C)([H])C[C@@]([H])(CC=O)[C@@]1([H])O[C@@]3([H])O[C@@](C)([H])[C@@]([H])(O[C@@]2([H])C[C@@](C)(O)[C@@](O)([H])[C@@](C)([H])O2)[C@@]([H])(N(C)C)[C@@]3(O)[H],0.0
CO/N=C(/C(=O)N[C@@]1([H])C(=O)N2C(=C(C[S][C@@]12[H])C[S]/C3=C/N=N[S]3)C(O)=O)C4=C[S]C(N)=N4,0.0
CO/C5=C/C=C1C(C(=O)O[C@@]1([H])[C@@]3([H])N(C)CCC4=CC=2OCOC=2C(OC)=C34)=C5OC,1.0
CO[C@@]12C=C[C@@]3(C[C@@]1([H])C(C)(C)O)[C@@]4([H])CC6=C/C=C(/O)C=7O[C@@]2([H])[C@@]3(CCN4C[C@@]5([H])CC5)C6=7,1.0
CO[C@@]1([H])C=CO[C@@]4(C)O/C3=C(/C)C(O)=C2C(O)=C(NC(=O)C(C)=CC=C[C@@](C)([H])[C@@](O)([H])[C@@](C)([H])[C@@](O)([H])[C@@](C)([H])[C@@]([H])(OC(C)=O)[C@@]1(C)[H])C=C(O)C2=C3C4=O,0.0
CO/C4=C/C=C3C[C@@]1([H])N(C)CC[C@@]2(CCCC[C@@]12[H])C3=C4,1.0
CO/C4=C/C=CC=5C(=O)C3=C(O)C=2C[C@@](O)(C[C@@]([H])(O[C@@]1([H])C[C@@](N)([H])C[C@@](C)([H])O1)C=2C(O)=C3C(=O)C4=5)C(=O)CO,0.0
CO/C4=C/C=CC=5C(=O)C3=C(O)C=2C[C@@](O)(C[C@@]([H])(O[C@@]1([H])C[C@@](N)([H])[C@@](O)([H])[C@@](C)([H])O1)C=2C(O)=C3C(=O)C4=5)C(C)=O,0.0
CO/C4=C/C=C3C[C@@]1([H])N(C)CC[C@@]2(C[C@@](O)([H])CC[C@@]12O)C3=C4OC,1.0
CO/C3=C/C=C2N=C/C=C(/CCC[C@@]1([H])CCNC[C@@]1([H])C=C)C2=C3,1.0
CO/C4=C/C=CC=5C(=O)C3=C(O)C=2C[C@@](O)(C[C@@]([H])(O[C@@]1([H])C[C@@](N)([H])[C@@](O)([H])[C@@](C)([H])O1)C=2C(O)=C3C(=O)C4=5)C(=O)CO,0.0
CO[C@@]1([H])C[C@@]([H])(CC[C@@]1(O)[H])C=C(C)[C@@]3([H])OC(=O)[C@@]2([H])CCCCN2C(=O)C(=O)[C@@]4(O)O[C@@]([H])([C@@]([H])(C[C@@](C)([H])CC(C)=C[C@@]([H])(CC=C)C(=O)C[C@@](O)([H])[C@@]3(C)[H])OC)[C@@]([H])(C[C@@]4(C)[H])OC,0.0
CO/C3=C/C=C2[S]C1=CC=CC=C1N(C[C@@](C)([H])CN(C)C)C2=C3,1.0
CO/C3=C/C=2CC[C@@]([H])(NC(C)=O)C1=CC(=O)C(OC)=CC=C1C=2C(OC)=C3OC,1.0
CO/C2=C/C=C3CN(C)CC[C@@]14C=C[C@@](O)([H])C[C@@]1([H])OC2=C34,1.0
CO/C4=C/C=CC=5C(=O)C3=C(O)C=2C[C@@](O)(C[C@@]([H])(O[C@@]1([H])C[C@@]([H])(NC(=O)[C@@](N)([H])CC(C)(C)[H])[C@@](O)([H])[C@@](C)([H])O1)C=2C(O)=C3C(=O)C4=5)C(=O)CO,0.0
CO/C2=C/C=C1C[C@@]4([H])NCC[C@@]35C1=C2O[C@@]3([H])[C@@](O)([H])C=C[C@@]45[H],0.0
CO/C2=C/C=C1C[C@@]4([H])N(C)CC[C@@]35C1=C2O[C@@]3([H])C(=O)CC[C@@]45[H],1.0
CO/C2=C/C=C1C[C@@]4([H])N(C)CC[C@@]35C1=C2O[C@@]3([H])C(=O)CC[C@@]45O,1.0
CO/C2=C/C=C1C[C@@]4([H])N(C)CC[C@@]35C1=C2O[C@@]3([H])[C@@](O)([H])CC[C@@]45[H],1.0
CO/C2=C/C=1CCN(C)C[C@@]([H])(C=1/C=C2/OC)C3=CC=CC=C3,1.0
CO/C2=C/C(/C=C/C(=O)N1CCCCCCC1)=CC(OC)=C2OC,1.0
CO/C2=C/C=C1C[C@@]4([H])N(C)CC[C@@]35C1=C2O[C@@]3([H])[C@@](O)([H])C=C[C@@]45[H],1.0
CO/C1=C/C=C(/C=C1/OC)[C@@](O)([H])CN2CCN(CC2)C3=CC=CC=CC3=O,1.0
CO/C1=C/C=CC4=C1C(=O)C3=C(O)C2=C(C[C@@](O)(C[C@@]2(O)[H])[C@@](O)([H])CO)C(O)=C3C4=O,0.0
CO/C1=C/C(=CC(OC)=C1OC)C=CC(N)=O,1.0
CO/C1=C/C=C(C=C1)N5C[C@@]([H])(CN2CC[C@@](O)(CC2)C4=CC=C3OCOC3=C4)OC5=O,0.0
CO/C1=C/C=C(/C#N)C=C1C(=O)NCCN2CCC([H])(CC2)C(=O)C3=C/C=C(/[F])C=C3,0.0
CNNCc1ccc(cc1)C(=O)NC(C)C,1.0
CO/C1=C/C=C/C=C1/N4CCN(CCCCN2C(=O)[C@@]3([H])C(=O)N(C(=O)[C@@]([H])(C2=O)C3(C)C)C(C)(C)C)CC4,1.0
CNS(=O)(=O)c2cc(C(=O)NCC1CCCN1CC=C)c(OC)cc2N,1.0
CO/C2=C/C=C1C[C@@]4([H])N(C)CC[C@@]35C1=C2O[C@@]3([H])[C@@]([H])(CC[C@@]45[H])OC(=O)C6=CC=CN=C6,1.0
CNCCSC2=Cc1ccccc1Oc3ccc(F)cc23,1.0
CNCCOC(c1ccccc1)c2ccccc2C,1.0
CNCCON=c2c1ccccc1ccc3ccccc23,1.0
CNCCCCOc1ccccc1Cc2ccccc2,1.0
CNCCCN2Cc1ccccc1Cc3ccccc23,1.0
CNCCCN2c1ccccc1CCc3ccccc23,1.0
CNCCCN2c1ccccc1C(C)(C)c3ccccc23,1.0
CNCCCC2c1ccccc1C=Cc3ccccc23,1.0
CNCCCC2(C)CN(c1ccccc1)c3ccccc23,1.0
CNCCCC2(C)C(=O)N(c1ccccc1)c3ccccc23,1.0
CO/C1=C/C=C(/C=C1/O)C5=CC(=O)C4=C(O)C=C(O[C@@]3([H])O[C@@]([H])(CO[C@@]2([H])O[C@@](C)([H])[C@@](O)([H])[C@@](O)([H])[C@@]2(O)[H])[C@@](O)([H])[C@@](O)([H])[C@@]3(O)[H])C=C4O5,0.0
CNCCCC13CCC(c2ccccc12)c4ccccc34,1.0
CNCCCC1(SC(C)(C)c2ccccc12)c3ccccc3,1.0
CNCCCC1(OC(C)(C)c2ccccc12)c3ccccc3,1.0
CNCCC=C3c1ccccc1C2CC2c4ccccc34,1.0
CNCCC=C2c1ccccc1CCc3ccccc23,1.0
CNCCC(Oc1ccccc1OC)c2ccccc2,1.0
CNCCC(Oc1ccccc1C)c2ccccc2,1.0
CNCCC=C2c1ccccc1C(C)(C)c3ccccc23,1.0
CNCCC(Oc1ccc(cc1)C(F)(F)F)c2ccccc2,0.0
CNCCC(Oc1cccc2ccccc12)c3cccs3,1.0
CNCC=C(c1ccc(Br)cc1)c2cccnc2,1.0
CNCC1CN(C(=O)O1)c3ccc(OCc2cccc(Cl)c2)cc3,0.0
CNCCC(O)C1CC(CN1)SC2=C(N3C(C2C)C(C(C)O)C3=O)C(O)=O,0.0
CNCC13CCC(c2ccccc12)c4ccccc34,1.0
CNCC(O)c1cccc(OC(=O)C(C)(C)C)c1,1.0
CNCC(O)c1ccc(O)c(O)c1,1.0
CNCC[C@@](O)([H])[C@@]1([H])C[C@@]([H])(CN1)[S]/C3=C(/N2C(=O)[C@@]([H])([C@@]2([H])[C@@]3(C)[H])[C@@](C)(O)[H])C(O)=O,0.0
CNCC(O)c1ccc(c(c1)OC(=O)C(C)(C)C)OC(=O)C(C)(C)C,1.0
CNC2CCc1ncsc1C2,1.0
CNCC(O)CC13CCC(c2ccccc12)c4ccccc34,1.0
CNC2CCN3c1ccccc1CCc4cccc2c34,1.0
CNC2CCC(c1ccccc1)c3ccccc23,1.0
CNC2CCC(c1ccc(Cl)c(Cl)c1)c3ccccc23,0.0
CNC2Cc1ccccc1N(C)c3ccccc23,1.0
CNC2CC(c1ccc(Cl)c(Cl)c1)c3ccccc23,0.0
CO/C1=C/C(=CC(OC)=C1O)[C@@]6([H])C3=CC=2OCOC=2C=C3[C@@]([H])(O[C@@]5([H])O[C@@]4([H])CO[C@@](C)([H])O[C@@]4([H])[C@@](O)([H])[C@@]5(O)[H])[C@@]7([H])COC(=O)[C@@]67[H],0.0
CNc1nc(Cl)c(SC)c(n1)N2CCN(C)CC2,1.0
CNC2=Nc1ccc(Cl)cc1C(=N(=O)C2)c3ccccc3,0.0
CNc1cc(OC)c(cc1Cl)C(=O)NC3CCN(Cc2ccccc2)C3C,1.0
CNC3C(O)C2OC(OC1C(N)CC(N)C(O)C1O)C(N)CC2OC3OC4OC(CO)C(N)C(O)C4O,0.0
CNC1C(O)C(OCC1(C)O)OC3C(N)CC(N)C(OC2OC(=CCC2N)CN)C3O,0.0
CNC1(CCCCC1=O)c2ccccc2Cl,1.0
CNC1C(O)C(OCC1(C)O)OC1C(N)CC(N)C(OC2OC(CN)CCC2N)C1O,0.0
CNC/C=C(/C1=C/C=C(/[Br])C=C1)C2=CC=CN=C2,1.0
CNC1C(O)C(OCC1(C)O)OC3C(CC(N)C(OC2OC(CN)C(O)C(O)C2O)C3O)NC(=O)C(O)CN,0.0
CNC[C@@]1([H])CN(C(=O)O1)C3=C/C=C(/OC/C2=C/C=CC([Cl])=C2)C=C3,0.0
CNC(NCCSCc1ccc(CN(C)C)o1)=CN(=O)=O,0.0
CNC(NCC[S]CC=1N=CNC=1C)=NC#N,1.0
CNC1C(O)C(O)C(CO)OC1OC2C(OC(C)C2(O)CO)OC3C(O)C(O)C(NC(N)=N)C(O)C3NC(N)=N,0.0
CNC(C)Cc1ccccc1,1.0
CNC(NCC[S]C/C1=C/C=C(/CN(C)C)O1)=CN(=O)=O,0.0
CNC(Cc2ccc1ccccc1c2)=NC,1.0
CNC[C@@](O)([H])C[C@@]13CC[C@@]([H])(C2=CC=CC=C12)C4=CC=CC=C34,1.0
CNC(C)C(=O)c1ccc(OC)cc1,1.0
CNC(=O)NC(O)C(Cl)(Cl)Cl,1.0
CNC(=O)OC2OC(=O)C3C1CC(C=C1)C23,1.0
CNC1C(O)C(O)C(CO)OC1OC2C(OC(C)C2(O)C=O)OC3C(O)C(O)C(NC(N)=N)C(O)C3NC(N)=N,0.0
CNC(=O)OC1C2C3CC(C2C(=O)O1)C=C3,1.0
CNC(=O)N1CC(C1)Oc2cccc(c2)C(F)(F)F,1.0
CNC(=O)Oc3ccc2N(C)C1N(C)CCC1(C)c2c3,1.0
CNC(=O)O/C3=C/C=C2N(C)[C@@]1([H])N(C)CC[C@@]1(C)C2=C3,1.0
CNC(=O)CCN1CCN(CCC=C2c3ccccc3Sc3ccc(cc23)Cl)CC1,1.0
CNC(=O)CC(N)C(=O)NC(C(=O)NC2C1SC(C)(C)C(N1C2=O)C(O)=O)c3ccc(O)cc3,0.0
CN4CCN2C(CN=C(c1cccs1)c3ccc(F)cc23)C4,0.0
CNC(=O)C[C@@](N)([H])C(=O)N[C@@]([H])(C(=O)N[C@@]1([H])C(=O)N2[C@@]1([H])[S]C(C)(C)[C@@]2([H])C(O)=O)C3=C/C=C(/O)C=C3,0.0
Cn5c(=O)n(C)c4ncn(CCN1CCC(CC1)c2c[nH]c3ccccc23)c4c5=O,
CN5CCN(CCN4CCN(CCCN2c1ccccc1Sc3ccc(Cl)cc23)CC4)C5=O,1.0
CN4CCN(CCCN2c1ccccc1Sc3ccc(Cl)cc23)CC4,1.0
CN4CCN(CCCN2c1ccccc1Sc3ccc(cc23)C(F)(F)F)CC4,0.0
CN4CCN(CCC=C2c1ccccc1Sc3ccc(cc23)S(=O)(=O)N(C)C)CC4,1.0
CN4CCN(CCCN2c1ccccc1Sc3ccc(cc23)S(=O)(=O)N(C)C)CC4,0.0
CN4CCN(CC/C=C2/C1=CC=CC=C1[S]C3=CC=C(C=C23)[S](=O)(=O)N(C)C)CC4,1.0
CN4CCc3[nH]c2ccc1scc(C)c1c2c3C4,1.0
CN3CCC2Nc1ccc(C)cc1C2C3,1.0
CN3CCOC(c1ccccc1)c2ccccc2C3,1.0
CN4C[C@@]3([H])CC1=C/C=C(/[Cl])C=C1[C@@]([H])(C2=CC=CC=C2)[C@@]3([H])C4,1.0
CN4CC[C@@]3(O)C1=CC=CC=C1OC=2C(=CC=CC=2C)[C@@]3([H])C4,1.0
CN4C[C@@]3([H])C1=CC=CC=C1OC2=C/C=C(/[Cl])C=C2[C@@]3([H])C4,1.0
CO[C@@]1([H])C[C@@]([H])(O[C@@](C)([H])[C@@]1(O)[H])O[C@@]2([H])[C@@](C)([H])O[C@@]([H])(C[C@@]2([H])OC)O[C@@]3([H])C(C)=CC[C@@]6([H])C[C@@]([H])(OC(=O)[C@@]5([H])C=C(C)[C@@](O)([H])[C@@]4([H])OCC(=CC=C[C@@]3(C)[H])[C@@]45O)C[C@@]7(O6)CC[C@@](C)([H])[C@@]([H])(O7)C(C)(C)[H],1.0
CN3CC2Cc1ccc(Cl)cc1C(C2C3)c4ccccc4,1.0
CN3Cc1c(ncn1c2ccsc2C3=O)C(=O)OC(C)(C)C,0.0
CN3CC[C@@]12C=4C=5O[C@@]1([H])C(=O)CC[C@@]2([H])[C@@]3([H])CC=4C=CC=5O,1.0
CN3CC[C@@]12C=4C=5O[C@@]1(C)C(=O)CC[C@@]2([H])[C@@]3([H])CC=4C=CC=5O,1.0
CN3CC[C@@]12C=4C=5O[C@@]1([H])C(=O)CC[C@@]2(O)[C@@]3([H])CC=4C=CC=5O,1.0
CN3CC[C@@]12C=4C=5O[C@@]1([H])[C@@](O)([H])C=C[C@@]2([H])[C@@]3([H])CC=4C=CC=5O,1.0
CN3CC[C@@]12C=4C=5O[C@@]1([H])[C@@](O)([H])CC[C@@]2(O)[C@@]3([H])CC=4C=CC=5O,1.0
Cn3cc(CCN1CCN(CC1)c2ccccc2Cl)cn3,1.0
CN3CC(c1ccccc1)c2cccc(N)c2C3,1.0
CN3CC[C@@]12C=4C=5O[C@@]1([H])[C@@]([H])(C=C[C@@]2([H])[C@@]3([H])CC=4C=CC=5OC(C)=O)OC(C)=O,1.0
Cn3c(=O)n(C)c2ncn(CCNCC(O)c1ccc(O)c(O)c1)c2c3=O,
CN3c1ccccc1C(NCCCCCCC(O)=O)c2ccc(Cl)cc2S3(=O)=O,1.0
CN3C(CNC(=O)c1ccsc1)CN=C(c2ccccc2F)c4ccccc34,0.0
Cn2nc(c1cccc(F)c1)n(C)c2=S,
CN3C(CNC(=O)c1ccoc1)CN=C(c2ccccc2)c4ccc(F)cc34,0.0
CN3C(=O)CN2CCc1ccccc1C2c4cc(Cl)ccc34,1.0
CN3C(=O)CC2(CCN(CCCC(=O)c1ccc(F)cc1)CC2)C3=O,0.0
CN3C[C@@]12C=4C=5O[C@@]1([H])C(C)=CC[C@@]2([H])[C@@]3([H])CC=4C=CC=5O,0.0
CN2CCN=C(c1ccccc1)c3cc(Cl)ccc23,1.0
CN2CCCc3cccc(OCC1CNCCO1)c23,1.0
CN3C(=O)CN1C(=O)C=C(C)OC1(c2ccccc2)c4cc(Cl)ccc34,1.0
CN2CCc1cc(Cl)c(O)cc1C(C2)c3cccc4CCOc34,1.0
CN2CCc1cccc3c1C2Cc4ccc(O)c(O)c34,0.0
CN2CCc1cc(Cl)c(O)cc1C(C2)c3cc(Br)cc4CCOc34,0.0
CN2CCC14C3CCCC1C2Cc5ccc(O)c(O3)c45,1.0
CN2CCC13CCCCC1C2Cc4ccc(O)cc34,0.0
CN2CCC14C3CCC(C)(O)C1Oc5c(O)ccc(CC23)c45,1.0
CN2CCC14C3CCC(=O)C1Oc5c(O)ccc(CC23)c45,1.0
CN2CCC14C3CCC(=O)C1(C)Oc5c(O)ccc(CC23)c45,1.0
CN2CCC13CCCCC1C2Cc4ccc(C)cc34,1.0
CN2CCC1=CC([Cl])=C(O)C=C1[C@@]([H])(C2)C3=CC=CC=4CCOC3=4,1.0
CN2CC[C@@]13CCCC[C@@]1([H])[C@@]2([H])CC4=C/C=C(/O)C=C34,0.0
CN2CC[C@@]13CCCC[C@@]1([H])[C@@]2([H])CC4=C/C=C(/O)C=C34,0.0
CN2CC[C@@]13CCCC[C@@]1([H])[C@@]2([H])CC4=C/C=C(/C)C=C34,1.0
CN3CC[C@@]12C=4C=5O[C@@]1([H])[C@@]([H])(C=C[C@@]2([H])[C@@]3([H])CC=4C=CC=5OC(=O)C6=CC=CN=C6)OC(=O)C7=CC=CN=C7,0.0
CN2CC14C3CC=C(C)C1Oc5c(O)ccc(CC23)c45,0.0
CN2C(Cc1ccccc1N=C2C)c3ccccc3,1.0
CN2C(CO)CN=C(c1ccccc1Cl)c3cc(Cl)ccc23,0.0
CN2CC(CSc1ccccn1)C=C3C2Cc4c[nH]c5cccc3c45,1.0
CN2C(c1ccc(Cl)cc1)S(=O)(=O)CCC2=O,1.0
CN2CC(CN1CC(=O)NC(=O)C1)C=C3C2Cc4c[nH]c5cccc3c45,1.0
CN2C(c1ccc(Cl)c(Cl)c1)S(=O)(=O)CCC2=O,1.0
CN2C(=S)CN=C(c1ccccc1)c3cc(Cl)ccc23,0.0
CN2C[C@@]([H])(C[S]/C1=C/C=CC=N1)C=C3C=5C=CC=C4NC=C(C[C@@]23[H])C4=5,1.0
CN2C[C@@]([H])(CN1CC(=O)NC(=O)C1)C=C3C=5C=CC=C4NC=C(C[C@@]23[H])C4=5,1.0
CN2C(=O)NC(=O)C(C)(C1=CCCCC1)C2=O,0.0
CN2C(=O)CN=C(c1ccccc1F)c3cc(Cl)ccc23,0.0
CN2C(=O)CN=C(c1ccccc1F)c3cc(ccc23)N(=O)=O,0.0
CN2C(=O)CN=C(c1ccccc1)c3cc(Cl)ccc23,1.0
CN2C(=O)CN=C(C1=CCCCC1)c3cc(Cl)ccc23,0.0
CN2C(=O)CN=C(c1ccccc1F)c3c(C)nn(C)c23,0.0
CN2C(=O)CN=C(c1ccccc1)c3cc(ccc23)N(=O)=O,0.0
CN2C(=O)CN=C(C1=CCCCC1)c3cc(ccc23)N(=O)=O,0.0
CN2C(=O)CN(C(c1ccccc1)c3cc(Cl)ccc23)C(N)=O,1.0
CN2C(=O)CC(=O)N(c1ccccc1)c3cc(Cl)ccc23,1.0
CN2C(=O)CC(=O)N(c1ccccc1)c3c(C)n[nH]c23,1.0
CN2C(=O)CC(=O)N(c1ccccc1)c3c(C)nn(C)c23,1.0
CN2C(=O)CC(=O)N(c1ccccc1)c3cc(ccc23)C(F)(F)F,0.0
CN2CCC36C4Oc7c(OC(=O)c1cccnc1)ccc(CC2C3C=CC4OC(=O)c5cccnc5)c67,0.0
CN2C(=O)C(O)N=C(c1ccccc1F)c3cc(Cl)ccc23,0.0
CN2C(=O)C(O)N=C(c1ccccc1Cl)c3cc(Cl)ccc23,0.0
CN2C(=O)C(O)N=C(c1ccccc1)c3cc(Cl)ccc23,0.0
CN2C(=C(O)c1sccc1S2(=O)=O)C(=O)Nc3ccccn3,1.0
CN2C(=C(O)c1ccccc1S2(=O)=O)C(=O)Nc3ncc(C)s3,0.0
CN2C(=C(O)c1ccccc1S2(=O)=O)C(=O)Nc3ccccn3,1.0
CN2C(=C(O)c1ccccc1S2(=O)=O)C(=O)Nc3cc(C)on3,1.0
Cn1nc(nc1c2ccccc2CO)c3cccnc3,1.0
Cn1cnc2n(C)c(=O)n(C)c(=O)c12,
Cn1nnnc1SCC2=C(N3C(SC2)C(NC(=O)CSC=CC#N)C3=O)C(O)=O,0.0
Cn1nnnc1SCC2=C(N3C(SC2)C(NC(=O)CSC(F)(F)F)C3=O)C(O)=O,0.0
Cn1cnc2n(C)c(=O)[nH]c(=O)c12,
CN1N=N/N=C1/[S]CC=2C[S][C@@]3([H])N(C=2C(O)=O)C(=O)[C@@]3([H])NC(=O)C[S]C([F])([F])[F],0.0
CN1N=N/N=C1/[S]CC=2C[S][C@@]3([H])N(C=2C(O)=O)C(=O)[C@@]3([H])NC(=O)C[S]/C=C/C#N,0.0
Cn1nnnc1SCC2=C(N4C(SC2)C(NC(=O)C(O)c3ccccc3)C4=O)C(O)=O,0.0
CN1CCN3C(C1)c2cccn2Cc4ccccc34,1.0
CN1N=N/N=C1/[S]CC=2C[S][C@@]3([H])N(C=2C(O)=O)C(=O)[C@@]3([H])NC(=O)[C@@](O)([H])C4=CC=CC=C4,0.0
CN1CCN3C(C1)c2ccccc2Cc4ccccc34,1.0
CN1CCN3C(C1)c2ccccc2Cc4cccnc34,1.0
CN1CCN(CC1)CC(=O)N3c2ccccc2C(=O)Nc4cccnc34,1.0
CN1CCN(CC1)CCC(=O)N3c2ccccc2Sc4ccc(cc34)C(F)(F)F,1.0
CN1CCN(CC1)c4cc3N(C)c2ccccc2Oc3nn4,1.0
CN1CCN(CC1)c3cc2n(cc(C(O)=O)c(=O)c2cc3F)c4ccc(F)cc4,
CN1CCN(CC1)c3c(F)cc2c(=O)c(cn(CCF)c2c3F)C(O)=O,
CN1CCN(CC1)C3Cc2ccccc2Sc4ccc(Cl)cc34,1.0
CN1CCN(CC1)C3=Nc2cscc2C(=CC#N)c4cscc34,1.0
CN1CCN(CC1)C3=Nc2ccccc2Sc4nccn34,1.0
CN1CCN(CC1)C3=Nc2ccccc2Oc4ccc(Cl)cc34,1.0
CN1CCN(CC1)C3=Nc2ccccc2Sc4ccc(C)cc34,1.0
CN1CCN(CC1)C3=Nc2ccccc2Nc4sc(C)cc34,1.0
CN1CCN(CC1)CC(=O)C4(O)CCC5C3CCC2=CC(=O)C=CC2(C)C3C(O)CC45C,0.0
CN1CCN(CC1)C3=Nc2ccccc2Cc4nc(C)nn34,1.0
CN1CCN(CC1)C3=Nc2ccccc2Cc4ccccc34,1.0
CN1CCN(CC1)CC(=O)[C@@]4(O)CC[C@@]5([H])[C@@]3([H])CCC2=CC(=O)C=C[C@@]2(C)[C@@]3([H])[C@@](O)([H])C[C@@]45C,0.0
CN1CCN(CC1)C3=Nc2cc(F)ccc2Nc4sc(C)cc34,0.0
CN1CCN(CC1)C3=Nc2cc(F)ccc2Cc4ccccc34,0.0
CN1CCN(CC1)C3=Nc2cc(Cl)ccc2Nc4ccccc34,1.0
CN1CCN(CC1)C3=NC2=C[S]C=C2/C(=C/C#N)C4=C[S]C=C34,1.0
CN1CCN(CC1)c2ccccc2Cc3ccccc3,1.0
CN1CCN(CC1)c2c(F)cc3c(=O)c(cn4CCSc2c34)C(O)=O,
CN1CCN(CC1)c2ncc(c(N)n2)c3cc(Cl)cc(Cl)c3Cl,0.0
CN1CCN(CC1)C3=Cc2cc(Cl)ccc2C(=CC#N)c4ccccc34,1.0
CN1CCN(CC1)C3=CC2=CC([Cl])=CC=C2/C(=C/C#N)C4=CC=CC=C34,1.0
CN1CCN(CC1)C1=Nc2ccccc2Sc2ccc(cc12)Cl,1.0
CN1CCN(CC1)C(c2ccccc2)c3ccc(Cl)cc3,1.0
CN1CCN(C=2N3NC(C)=N[C@@H]3Cc3c(N=2)cccc3)CC1,1.0
CN1CCCN(CC1)C(c2ccccc2)c3ccc(Cl)cc3,1.0
CN1CCCC1c2cccnc2,1.0
CN1CCN(CC1)C(=O)OC2N(C(=O)c3nccnc23)c4ccc(Cl)cn4,0.0
CN1CCCCC1CCN3c2ccccc2Sc4ccc(cc34)S(C)=O,1.0
CN1CCN(CC1)C=C5N=C4CN=C(c2ccccc2Cl)c3cc(ccc3N4C5=O)N(=O)=O,0.0
CN1CCN(CC1)C(=O)OC2N(C(=O)C3=C2SCCS3)c5ccc4ccc(Cl)nc4n5,1.0
CN1CCN(CC1)C=C5N=C4C/N=C(/C2=C/C=C/C=C2/[Cl])C3=CC(=CC=C3N4C5=O)N(=O)=O,0.0
CN1CCCC(C1)CN3c2ccccc2Sc4ccccc34,1.0
CN1CCCCC1CCN3c2ccccc2Sc4ccc(cc34)S(C)(=O)=O,1.0
CN1CCC3=C(CC1)c2ccccc2Oc4ccccc34,1.0
CN1CCC4(C)C1N(C)c5ccc(OC(=O)N3CCc2ccccc2C3)cc45,0.0
CN1CCC3=C(CC1)c2ccccc2N(C)c4ccccc34,1.0
CN1CCC3=C(C1)c2ccccc2Cc4ccccc34,1.0
CN1CCC3=C(CC1)C2=CC(C#N)=CC=C2[S]C4=CC=CC=C34,1.0
CN1CCC3(O)C(C1)c2cccc(C)c2Oc4ccccc34,1.0
CN1CCC=C(C1)C=NOC,1.0
CN1CCC2(C)CC(C1)Cc3ccc(O)cc23,1.0
CN1CCC23C(C1)C(CC(=O)N2)C4=C(O3)C=CC(=C4)Cl,1.0
CN1CCC24C3Oc5c(O)ccc(CC1C2C=CC3O)c45,1.0
CN1CCC(CC1)OC3c2ccccc2CCc4ccccc34,1.0
CN1CCC24C3Oc5c(OC(C)=O)ccc(CC1C2C=CC3OC(C)=O)c45,1.0
CN1CCC(CC1)=C3c2ccccc2Sc4ccccc34,1.0
CN1CCC(CC1)=C3c2ccccc2Oc4ccc(Cl)cc34,1.0
CN1CCC24C3Oc5c(O)ccc(CC1C2(O)CCC3O)c45,1.0
CN1CCC24C3Oc5c(O)ccc(CC1C2(O)CCC3=O)c45,1.0
CN1CCC(CC1)=C3c2ccccc2CCc4sccc34,1.0
CN1CCC(CC1)=C3c2ccccc2C(O)c4ccccc34,1.0
CN1CCC(C)(C1)CN3c2ccccc2Sc4ccccc34,1.0
CN1CC3C(C1)c2cc(Cl)ccc2Oc4ccccc34,1.0
CN1Cc2c([C@@H](c3ccccc3)OCC1)cccc2,1.0
CN1CC[C@@]2(C)C[C@@]([H])(C1)CC3=C/C=C(/O)C=C23,1.0
CN1C2CCC1CC(C2)OC(=O)C(O)c3ccccc3,0.0
CN1C2CCC1CC(C2)OC(=O)C(CO)c3ccccc3,1.0
CN1CC(CC#N)CC2C1Cc3c[nH]c4cccc2c34,1.0
CN1CC(CC2C1Cc3cn(C)c4cccc2c34)NS(=O)(=O)N(C)C,1.0
CN1C2CCC1CC(C2)OC(c3ccccc3)c4ccccc4,1.0
CN1CC[C@@]23C=4C=5C[C@@]1([H])[C@@]2([H])CCC[C@@]3([H])OC=4C(O)=CC=5,1.0
CN1C2CCC1CC(C2)OC(=O)C(C3=CC=CC=C3)O,0.0
CN1C2CCC1CC(C2)OC(=O)C(C)(CO)c3ccccc3,0.0
CN1C2CCC1CC(C2)NC(=O)N3CC(C)(C)c4ccccc34,0.0
CN1C[C@H]2N(c3c(cccc3)Cn3c2ccc3)CC1,1.0
CN1C[C@@H]2[C@H](Nc3c2cc(C)cc3)CC1,1.0
CN1C[C@H]2N(c3c(cccc3)Cc3c2cccc3)CC1,1.0
CN1C[C@@H]2N(c3ncccc3Cc3c2cccc3)CC1,1.0
CN1C(=O)OC(C)(C)C1=O,1.0
CN1C(CCC1=O)c2cccnc2,1.0
CN1C2CCC1CC(C2)NC(=O)c5cn(C3CCCCC3)c4ccccc4c5=O,
CN1C(=O)CC[C@@]1([H])C2=CC=CN=C2,1.0
CN1C[C@@]([H])(CC#N)C[C@@]2([H])C=4C=CC=C3NC=C(C[C@@]12[H])C3=4,1.0
CN1C(=O)CSC1=CC(=O)Nc2c(C)cccc2Cl,1.0
CN1C(=O)CC(C1=O)c2ccccc2,1.0
CN1C(CCCC1CC(=O)c2ccccc2)CC(O)c3ccccc3,1.0
CN1C(=O)CC(C)(C1=O)c1ccccc1,1.0
CN1[C@H](c2cnccc2)CCC1,1.0
CN1C(=O)C[S]/C1=C/C(=O)N/C2=C(/C)C=C/C=C2/[Cl],1.0
CN1C[C@@]([H])(C[C@@]2([H])C=4C=CC=C3N(C)C=C(C[C@@]12[H])C3=4)N[S](=O)(=O)N(C)C,1.0
CN1[C@@H](C)[C@@H](c2ccccc2)OCC1,1.0
CN1(=O)C2CCC1CC(C2)OC(=O)C(CO)c3ccccc3,
CN1[C@H](c2ccccc2)Cc2c(N=C1C)cccc2,1.0
CN1(=O)[C@@]2([H])CC[C@@]1([H])C[C@@]([H])(C2)OC(=O)[C@@]([H])(CO)C3=CC=CC=C3,
CN1[C@H]2[C@@H]3[C@](c4c(ccc(C)c4)C2)(CC1)CCCC3,1.0
CN1[C@@]2([H])CC[C@@]1([H])C[C@@]([H])(C2)OC(=O)[C@@]([H])(CO)C3=CC=CC=C3,1.0
CN[C@@]2([H])CC[C@@]([H])(C1=C/C=C(/[Cl])C([Cl])=C1)C3=CC=CC=C23,0.0
CN[C@@]2([H])C[C@@]([H])(C1=C/C=C(/[Cl])C([Cl])=C1)C3=CC=CC=C23,0.0
CN[C@@](C)([H])C/C1=C/C=CC=C1,1.0
CN1C(=NC(=O)C(=O)N1)SCC2=C(N3[C@@H]([C@@H](C3=O)NC(=O)/C(=N\OC)/C4=CSC(=N4)N)SC2)C(=O)O,0.0
CN(N=O)C(=O)NC1C(O)OC(CO)C(O)C1O,1.0
CN/C2=N/C1=C/C=C(/[Cl])C=C1C(=N(=O)C2)C3=CC=CC=C3,0.0
CN[C@@]1([H])[C@@](O)([H])[C@@]([H])(OC[C@@]1(C)O)O[C@@]3([H])[C@@](N)([H])C[C@@](N)([H])[C@@]([H])(O[C@@]2([H])OC(=CC[C@@]2(N)[H])CN)[C@@]3(O)[H],0.0
CN(CCCO/C1=C/C=C(/[Cl])C=C1[Cl])CC#C,1.0
CN(CCOC(c1ccccc1)c2ccccc2)CC=Cc3ccccc3,1.0
CN[C@@]1([H])[C@@](O)([H])[C@@](O)([H])[C@@]([H])(CO)O[C@@]1([H])O[C@@]2([H])[C@@]([H])(O[C@@](C)([H])[C@@]2(O)CO)O[C@@]3([H])[C@@](O)([H])[C@@](O)([H])[C@@]([H])(NC(N)=N)[C@@](O)([H])[C@@]3([H])NC(N)=N,0.0
CN(CCOC([H])(C1=CC=CC=C1)C2=CC=CC=C2)C/C=C/C3=C/C=CC=C3,1.0
CN[C@@]1([H])[C@@](O)([H])[C@@](O)([H])[C@@]([H])(CO)O[C@@]1([H])O[C@@]2([H])[C@@]([H])(O[C@@](C)([H])[C@@]2(O)C=O)O[C@@]3([H])[C@@](O)([H])[C@@](O)([H])[C@@]([H])(NC(N)=N)[C@@](O)([H])[C@@]3([H])NC(N)=N,0.0
CN(CC#C)C/C1=C/C=CC=C1,1.0
CN[C@@]3([H])[C@@](O)([H])[C@@]2([H])O[C@@]([H])(O[C@@]1([H])[C@@](N)([H])C[C@@](N)([H])[C@@](O)([H])[C@@]1(O)[H])[C@@](N)([H])C[C@@]2([H])O[C@@]3([H])O[C@@]4([H])O[C@@]([H])(CO)[C@@](N)([H])[C@@](O)([H])[C@@]4(O)[H],0.0
CN(C1CCCCC1N2CCCC2)C(=O)Cc3ccc(Cl)c(Cl)c3,1.0
CN(CCCN2c1ccccc1CCc3ccccc23)CC(=O)c4ccc(Cl)cc4,1.0
CN(Cc2cnc1nc(N)nc(N)c1n2)c3ccc(cc3)C(=O)NC(CCC(O)=O)C(O)=O,0.0
CN(C)N=Nc1[nH]cnc1C(N)=O,1.0
CN(C2CCC1(CCCO1)CC2N3CCCC3)C(=O)Cc4ccc(Cl)c(Cl)c4,0.0
CN(CCc2cc3cccc4CCc1ccccc1n2c34)Cc5ccccc5,1.0
CN(C1CCN(CC1)CC(O)COc2ccc(F)cc2)c4nc3ccccc3s4,1.0
CN(C)CCON=C2c1ccccc1CCc3ccccc23,1.0
CN(C)CCOC(c1ccccc1)c2ccccc2C(C)(C)C,1.0
CN(C)CCOC2=Cc1ccccc1Sc3ccc(Cl)cc23,1.0
CN(C/C2=C/N=C1/N=C(/N)N=C(N)C1=N2)C3=CC=C(C=C3)C(=O)N[C@@]([H])(CCC(O)=O)C(O)=O,0.0
CN(C)CCOC1(CC2CCC1(C)C2(C)C)Cc3ccccc3,1.0
CN(C)CCOC(c1ccccc1)c2ccccc2C,1.0
CN(C)CCOC(c1ccccc1)c2ccccc2,1.0
CN(C)CCO,1.0
CN(C)CCOC(c1ccccc1)c2ccc(Br)cc2,1.0
CN(C)CCOC(C)(c1ccccc1)c2ccccn2,1.0
CN(C)CCOC(=O)CCC1CCCCC1,1.0
CN(C)S(=O)(=O)c4ccc3Sc1ccccc1N(CCCN2CCC(CCO)CC2)c3c4,1.0
CN(C)CCOC(C)(c1ccccc1)c2ccc(Cl)cc2,1.0
CN(C)CCn1cnc2n(C)c(=O)n(C)c(=O)c12,
CN(C)CCN1CCN(C1=O)c2cccc(Cl)c2,1.0
CN(C)CCN2C(=O)c1ccccc1N(C)c3ccccc23,1.0
CN(C)CCN(Cc1cccs1)c2ccccn2,1.0
CN(C)CCN1C(=O)CC(Sc2ccccc12)c1ccccc1,1.0
CN(C)CCN(C)n2cc(c1ccccc1)c3ccccc23,0.0
CN(C)CCCN2Cc1ccccc1Cc3ccccc23,1.0
CN(C)CCCN2Cc1ccccc1C(=C)c3ccccc23,1.0
CN(C)CCCn2cc(c1ccccc1)c(n2)c3ccccc3,1.0
CN(C)CCn1nnnc1SCC2=C(N4C(SC2)C(NC(=O)Cc3csc(N)n3)C4=O)C(O)=O,1.0
CN(C)CCN1N=N/N=C1/[S]CC=2C[S][C@@]3([H])N(C=2C(O)=O)C(=O)[C@@]3([H])NC(=O)C/C4=C/[S]C(N)=N4,1.0
CN(C)CCCn2c1CCCCCCc1c3ccccc23,1.0
CN(C)CCCN2c1ccccc1Sc3cccnc23,1.0
CN(C)CCCN2c1ccccc1Sc3ccccc23,1.0
CN1CC(CC2C1Cc3c[nH]c4cccc2c34)C(=O)NC8(C)OC7(O)C5CCCN5C(=O)C(Cc6ccccc6)N7C8=O,1.0
CN(C)CCCN2c1ccccc1Sc3ccc(Cl)cc23,1.0
CN(C)CCCN2c1ccccc1Sc3ccc(cc23)C(F)(F)F,0.0
CN(C)CCCN2c1ccccc1CCc3ccccc23,1.0
CN(C)CCCN2c1ccccc1Sc3ccc(cc23)C(C)=O,1.0
CN(C)CCCN2c1ccccc1C=Cc3sccc23,1.0
CN(C)CCCN2c1ccccc1CCc3ccc(Cl)cc23,1.0
CN(C)CCCN2c1ccccc1C=Cc3ccccc23,1.0
CN(C)CCCn2c(=O)n(c1ccccc1)c3cc(Cl)ccc23,
CN(C)CCCn2c(=O)c1ccccc1c3ccccc23,
CN(C)CCCN2c1ccccc1C(C)(C)c3ccccc23,1.0
CN(C)CCCN2C1=CC=CC=C1CCC3=C/C=C(/C#N)C=C23,1.0
CN(C)CCCN1c2ccccc2CC(=O)c2ccccc12,1.0
CN(C)CCc1c[nH]c2cccc(OP(O)(O)=O)c12,1.0
CN(C)CCCC2c1ccccc1Nc3ccc(Cl)cc23,1.0
CN(C)CCC2(CCc1ccccc1C2=O)c3ccccc3,0.0
CN(C)CCC1(C=Cc2ccccc12)c3ccccc3,1.0
CN(C)CCCN2c1ccccc1C(=Nc3cccnc23)c4ccccc4,1.0
CN(C)CCC1(C)OCCC2=C1Cc3ccccc23,1.0
CN(C)CCC=C2c1ccccc1Sc3ccccc23,1.0
CN(C)CCC=C2c1ccccc1CSc3ccccc23,1.0
CN(C)CCC=C2c1ccccc1COc3ccccc23,1.0
CN(C)CCC=C2c1ccccc1CCc3ccccc23,1.0
CN(C)CCC(=O)COc1ccc(Cl)cc1,1.0
CN(C)CCC=C2c1ccccc1C=Cc3ccccc23,1.0
CN(C)CCC=C2c1ccccc1CNc3cc(Cl)ccc23,1.0
CN(C)CCC(C1CCCCC1)c2ccccc2,1.0
CN(C)CCC=C2c1ccccc1C(C)(C)c3ccccc23,1.0
CN(C)CCC(=O)CO/C1=C/C=C(/[Cl])C=C1,1.0
CN(C)CCC[C@@]1(OCC2=CC(C#N)=CC=C12)C3=C/C=C(/[F])C=C3,1.0
CN(C)CC2=Cc1ccccc1Sc3ccccc23,1.0
CN(C)CC=C(c1ccc(Br)cc1)c2cccnc2,1.0
CN(C)Cc3ccc(CSCCNc2nc(=O)c(Cc1ccc(C)nc1)c[nH]2)o3,
CN(C)Cc1oc(cc1)CSCCNC=1NC=C(CN1)Cc1cnc(cc1)C,1.0
CN(C)CC(Oc1ccccc1)Oc2ccccc2,1.0
CN(C)CC(O)C(c1ccccc1)c2cccc(Cl)c2,1.0
CN(C)CC1COC3(O1)c2ccccc2COc4ccccc34,0.0
CN(C)CC=1OC(=CC=1)C[S]CCN/C2=N/C=C(CN2)C/C3=C/N=C(/C)C=C3,1.0
CN(C)Cc3nnc4CN=C(c1ccccc1)c2cc(Cl)ccc2n34,0.0
CN(C)CC(CN2c1ccccc1Sc3ccccc23)N(C)C,1.0
CN(C)CC(=O)N2c1ccccc1Sc3ccccc23,1.0
CN(C)CC#C/C=C2/C1=CC=CC=C1C=CC3=CC=CC=C23,1.0
CN(C)CC(=O)C=C2c1ccccc1CCc3ccccc23,1.0
CN(C)C4C3CC2Cc1ccc(N)c(O)c1C(=O)C2=C(O)C3(O)C(=O)C(=C4O)C(N)=O,0.0
CN(C)C4C3CC2C(O)c1cccc(O)c1C(=O)C2=C(O)C3(O)C(=O)C(=C4O)C(N)=O,0.0
CN(C)C4C3CC2Cc1c(ccc(O)c1C(=O)C2=C(O)C3(O)C(=O)C(=C4O)C(N)=O)N(=O)=O,0.0
CN(C)C4C3CC2Cc1c(ccc(O)c1C(=O)C2=C(O)C3(O)C(=O)C(=C4O)C(N)=O)N(C)C,0.0
CN(C)C3CCc2[nH]c1c(F)cc(F)cc1c2C3,0.0
CN(C)C4C3CC2C(O)c1c(Cl)ccc(O)c1C(=O)C2=C(O)C3(O)C(=O)C(=C4O)C(N)=O,0.0
CN(C)C4C3C(O)C2C(=C)c1cccc(O)c1C(=O)C2=C(O)C3(O)C(=O)C(=C4O)C(N)=O,0.0
CN(C)C4C3C(O)C2C(=C)c1c(Cl)ccc(O)c1C(=O)C2=C(O)C3(O)C(=O)C(=C4O)C(N)=O,0.0
CN(C)C2C1CC4C(=C(O)C1(O)C(=O)C(=C2O)C(N)=O)C(=O)c3c(O)cccc3C4(C)O,0.0
CN(C)C2C1CC5C(=C(O)C1(O)C(=O)C(=C2O)C(=O)NCN3CCCC3)C(=O)c4c(O)cccc4C5(C)O,0.0
CN(C)C2C1CC5C(=C(O)C1(O)C(=O)C(=C2O)C(=O)NCN3CCN(CCO)CC3)C(=O)c4c(O)cccc4C5(C)O,0.0
CN(C)C2C1CC5C(=C(O)C1(O)C(=O)C(=C2O)C(=O)NCN3CCCC(C3)C(O)=O)C(=O)c4c(O)cccc4C5(C)O,0.0
CN(C)C2C1CC5C(=C(O)C1(O)C(=O)C(=C2O)C(=O)NCN3CCN(CC3)C(=N)NC(N)=N)C(=O)c4c(O)cccc4C5(C)O,0.0
CN(C)c2c(C)n(C)n(c1ccccc1)c2=O,
CN(C)c1cnccn1,1.0
CN(C)C2C1CC5C(=C(O)C1(O)C(=O)C(=C2O)C(=O)NC(N3CCN(CCO)CC3)C(O)=O)C(=O)c4c(O)cccc4C5(C)O,0.0
CN(C)C2C1CC4C(=C(O)C1(O)C(=O)C(=C2O)C(N)=O)C(=O)c3c(O)ccc(Cl)c3C4(C)O,0.0
CN(C)C1CCc2[nH]c3ccccc3c2C1,1.0
CN(C)C1=NC(=O)C(O1)c1ccccc1,0.0
CN(C)C/C=C(/C1=C/C=C(/[Br])C=C1)C2=CC=CN=C2,1.0
CN(C)C[C@@](O)([H])[C@@]([H])(C1=CC=CC=C1)C2=CC=CC([Cl])=C2,1.0
CN(C)C(C)(CO)Cc1ccc(Cl)c(Cl)c1,1.0
CN(C)C2C1CC4C(=C(O)C1(O)C(=O)C(=C2O)C(=O)NCO)C(=O)c3c(O)ccc(Cl)c3C4(C)O,0.0
CN(C)C(CCOc1cccc2ccccc12)c3ccccc3,1.0
CN(C)C(=O)CCNc1ccc(Br)cc1,1.0
CN(C)C(=O)COC2c1ccccc1CCc3ccccc23,1.0
CN(C)C2C1C(O)C4C(=C(O)C1(O)C(=O)C(=C2O)C(N)=O)C(=O)c3c(O)cccc3C4(C)O,0.0
CN(C)C(=O)OC3N=C(c1ccccc1)c2cc(Cl)ccc2N(C)C3=O,0.0
CN(C)C2C1CC4C(=C(O)C1(O)C(=O)C(=C2O)C(=O)NCNCCCCC(N)C(O)=O)C(=O)c3c(O)cccc3C4(C)O,0.0
CN(C)C(=O)Cc1c(nc2ccc(C)cn12)c3ccc(C)cc3,0.0
CN(C)C(=O)C2(CCN(CCCC(=O)c1ccc(F)cc1)CC2)c3ccc(Cl)cc3,1.0
CN(C)C(=O)c1nc(CNC(=O)CN)n(n1)c2ccc(Cl)cc2C(=O)c3ccccc3Cl,0.0
CN(C)C(=O)C(CCN1CCC(O)(CC1)c2ccc(Cl)cc2)(c3ccccc3)c4ccccc4,1.0
CN(C)[C@@]3([H])C(O)=C(C(=O)[C@@]4(O)C(O)=C2C(=O)C1=C(O)C=CC=C1[C@@](C)(O)[C@@]2([H])C[C@@]34[H])C(N)=O,0.0
CN(C)[C@@]3([H])C(O)=C(C(=O)[C@@]4(O)C(O)=C2C(=O)C1=C(O)C=CC=C1[C@@](C)(O)[C@@]2([H])C[C@@]34[H])C(=O)NCN5CCN(CCO)CC5,0.0
CN(C)[C@@]3([H])C(O)=C(C(=O)[C@@]4(O)C(O)=C2C(=O)C1=C(O)C=CC=C1[C@@](C)(O)[C@@]2([H])C[C@@]34[H])C(=O)NCN5CCCC5,0.0
CN(C)C2C1CC7C(=C(O)C1(O)C(=O)C(=C2O)C(=O)NCNC(C(=O)NC4C3SC(C)(C)C(N3C4=O)C(O)=O)c5ccccc5)C(=O)c6c(O)cccc6C7(C)O,0.0
CN(C)[C@@]3([H])C(O)=C(C(=O)[C@@]4(O)C(O)=C2C(=O)C1=C(O)C=CC=C1[C@@](C)(O)[C@@]2([H])C[C@@]34[H])C(=O)NCN5CCN(CC5)C(=N)NC(N)=N,0.0
CN(C)[C@@]3([H])C(O)=C(C(=O)[C@@]4(O)C(O)=C2C(=O)C1=C(O)C=CC=C1[C@@](C)(O)[C@@]2([H])C[C@@]34[H])C(=O)NCN5CCC[C@@]([H])(C5)C(O)=O,0.0
CN(C)[C@@]3([H])C(O)=C(C(=O)[C@@]4(O)C(O)=C2C(=O)C1=C(O)C=CC=C1[C@@](C)(O)[C@@]2([H])[C@@](O)([H])[C@@]34[H])C(N)=O,0.0
CN(C)[C@@]3([H])C(O)=C(C(=O)[C@@]4(O)C(O)=C2C(=O)C1=C(O)C=CC([Cl])=C1[C@@](C)(O)[C@@]2([H])C[C@@]34[H])C(N)=O,0.0
CN(C)[C@@]3([H])C(O)=C(C(=O)[C@@]4(O)C(O)=C2C(=O)C1=C(O)C=CC([Cl])=C1[C@@](C)(O)[C@@]2([H])C[C@@]34[H])C(=O)NCO,0.0
CN(C)[C@@]3([H])C(O)=C(C(=O)[C@@]4(O)C(O)=C2C(=O)C1=C(O)C=CC=C1[C@@](C)(O)[C@@]2([H])C[C@@]34[H])C(=O)N[C@@]([H])(N5CCN(CCO)CC5)C(O)=O,0.0
CN(C)[C@@]3([H])C(O)=C(C(=O)[C@@]4(O)C(O)=C2C(=O)C=1C(=CC=CC=1O)C(=C)[C@@]2([H])[C@@](O)([H])[C@@]34[H])C(N)=O,0.0
CN(C)[C@@]3([H])C(O)=C(C(=O)[C@@]4(O)C(O)=C2C(=O)C=1C(=CC=CC=1O)[C@@](O)([H])[C@@]2([H])C[C@@]34[H])C(N)=O,0.0
CN(C)[C@@]3([H])C(O)=C(C(=O)[C@@]4(O)C(O)=C2C(=O)C=1/C(=C(/[Cl])C=CC=1O)[C@@](O)([H])[C@@]2([H])C[C@@]34[H])C(N)=O,0.0
CN(C)[C@@]2([H])C(O)=C(C(=O)[C@@]3(O)C(O)=C1C(=O)C=4C(C[C@@]1([H])C[C@@]23[H])=C/C=C(/N)C=4O)C(N)=O,0.0
CN(C)[C@@]2([H])C(O)=C(C(=O)[C@@]3(O)C(O)=C1C(=O)C=4C(C[C@@]1([H])C[C@@]23[H])=C(C=CC=4O)N(C)C)C(N)=O,0.0
CN(C)[C@@]([H])(CCO/C1=C/C=CC2=CC=CC=C12)C3=CC=CC=C3,1.0
CN(C)(=O)CCCN2c1ccccc1CCc3ccccc23,
CN(C)[C@@]2([H])C(O)=C(C(=O)[C@@]3(O)C(O)=C1C(=O)C=4C(C[C@@]1([H])C[C@@]23[H])=C(C=CC=4O)N(=O)=O)C(N)=O,0.0
CN(C)(=O)CCC=C2c1ccccc1CCc3ccccc23,
CN(C)(=O)CCC=C2c1ccccc1C=Cc3c(Cl)cccc23,
CN(C(=O)CNCC(C)=C)c1ccc(Cl)cc1C(=O)c2ccccc2,1.0
CN(C(CN1CCCC1)c2ccccc2)C(=O)Cc3ccc(Cl)c(Cl)c3,1.0
CN(C)[C@@]2([H])C(O)=C(C(=O)[C@@]3(O)C(O)=C1C(=O)C=4C(C(=C)[C@@]1([H])[C@@](O)([H])[C@@]23[H])=C([Cl])C=CC=4O)C(N)=O,0.0
CN(C(=O)CNC(=O)CN)c1ccc(Cl)cc1C(=O)c2ccccc2Cl,0.0
CN(C(=O)CNC1CC1)c2ccc(Cl)cc2C(=O)c3ccccc3Cl,0.0
CN(C)[C@@]3([H])C(O)=C(C(=O)[C@@]4(O)C(O)=C2C(=O)C1=C(O)C=CC=C1[C@@](C)(O)[C@@]2([H])C[C@@]34[H])C(=O)NCN[C@@]([H])(C(=O)N[C@@]5([H])C(=O)N6[C@@]5([H])[S]C(C)(C)[C@@]6([H])C(O)=O)C7=CC=CC=C7,0.0
CN(C(=O)CNC(=O)C(N)CCCCN)c1ccc(Cl)cc1C(=O)c2ccccc2,0.0
CN(C(=O)CN(CCO)CCO)c1ccc(Cl)cc1C(=O)c2ccccc2Cl,0.0
CN(C(=O)C/C1=C/C=C(/[Cl])C([Cl])=C1)[C@@]3([H])CC[C@@]2(CCCO2)C[C@@]3([H])N4CCCC4,0.0
CN(C(=O)C/C1=C/C=C(/[Cl])C([Cl])=C1)[C@@]2([H])CCCC[C@@]2([H])N3CCCC3,1.0
CN(C(CN1CCC(O)C1)c2ccccc2)C(=O)C(c3ccccc3)c4ccccc4,1.0
ClCOC(=O)[C@]1(OC(=O)OCC)[C@]2(C)[C@@H]([C@@H]3[C@@H]([C@H](O)C2)[C@]2(C)C(=CC(=O)C=C2)CC3)CC1,0.0
CN(C(=O)C([H])(C1=CC=CC=C1)C2=CC=CC=C2)[C@@]([H])(CN3CC[C@@](O)([H])C3)C4=CC=CC=C4,1.0
ClCCNC(=O)N(CCCl)N=O,1.0
ClCCl,
ClCSC(=O)[C@]1(OC(=O)CC)[C@@H](C)C[C@H]2[C@@]1(C)C[C@H](O)[C@@]1(F)[C@@]3(C)C([C@H](F)C[C@H]21)=CC(=O)C=C3,0.0
ClCCN(N=O)C(=O)NC1CCCCC1,1.0
ClCCC(=O)NCCc1ccccc1,1.0
ClCCC2NC(=O)c1ccccc1O2,1.0
ClCCC(=O)NCc1ccccc1,1.0
ClCC[C@H]1Oc2c(C(=O)N1)cccc2,1.0
ClCCOC1=CC=2[C@@](C)([C@@]3(F)[C@H](O)C[C@@]4(C)[C@@]5(C(=O)CC(=O)C)OC(C)(C)O[C@H]5C[C@H]4[C@@H]3CC=2C#N)CC1,0.0
ClCCOC1=CC=2[C@@](C)([C@]3(F)[C@@H](O)C[C@]4(C)[C@@]5(C(=O)COC(=O)C)OC(C)(C)O[C@H]5C[C@@H]4[C@H]3CC=2C=O)CC1,0.0
ClCC(=O)[C@]1(O)[C@@H](C)C[C@H]2[C@@]1(C)C[C@H](O)[C@@]1(F)[C@@]3(C)C([C@H](F)C[C@H]21)=CC(=O)C=C3,0.0
ClCC(=O)[C@]1(OC(=O)CC)[C@@H](C)C[C@H]2[C@@]1(C)C[C@H](O)[C@@]1(F)[C@@]3(C)C(=CC(=O)C=C3)CC[C@H]21,0.0
ClCC(=O)[C@@]12[C@]3(C)[C@@H]([C@@H]4[C@@](F)([C@@H](O)C3)[C@@]3(C)C(=CC(=O)CC3)CC4)C[C@@H]1OC(C)(C)O2,0.0
ClCC(=O)[C@@]1(O)[C@@H](C)C[C@H]2[C@]1(C)CC(=O)[C@@]1(F)[C@@]3(C)C(=CC(=O)C=C3)CC[C@H]21,0.0
ClCC(=O)[C@@]1(OC(=O)CCC)[C@@H](C)C[C@H]2[C@]1(C)CC(=O)[C@@]1(F)[C@@]3(C)C(=CC(=O)C=C3)CC[C@H]21,0.0
ClCC(=O)[C@@]12[C@@]3(C)[C@@H]([C@@H]4[C@@](Cl)([C@@H](Cl)C3)[C@@]3(C)C([C@@H](F)C4)=CC(=O)C=C3)C[C@@H]1OC(C)(C)O2,0.0
ClCC(=O)[C@@]1(OC(=O)c2occc2)[C@H](C)C[C@@H]2[C@@]1(C)C[C@H](O)[C@]1(Cl)[C@]3(C)C(=CC(=O)C=C3)CC[C@@H]21,0.0
ClCC(=O)[C@@]1(O)[C@@H](C)C[C@H]2[C@]1(C)C[C@H](O)[C@@]1(F)[C@@]3(C)C(=CC(=O)C=C3)CC[C@H]21,0.0
Clc5ccc4Sc1ccccc1N(CCCN2CCC3(CC2)NC(=O)CS3)c4c5,1.0
Clc5ccc4n(C1CCN(CC1)CC3COc2ccccc2O3)c(=O)[nH]c4c5,
Clc5ccc4n(C3CCN(CCCn1c(=O)[nH]c2ccccc12)CC3)c(=O)[nH]c4c5,
Clc5ccc4Sc1ccccc1C(=CC2CN3CCC2CC3)c4c5,1.0
Clc4ccc3Oc1ccccc1N=C(N2CCNCC2)c3c4,1.0
Clc4ccc3OC12CCNCC1C(CC(=O)N2)c3c4,1.0
Clc4cccc(N3CCN(CCCCOc2ccc1CCC(=O)Nc1c2)CC3)c4Cl,1.0
Clc6ccc5CCc1ccccc1N(CCCN2CCC4(CC2)N3CCCCC3NC4=O)c5c6,1.0
Clc4ccc3NC(=O)CN1CCOC1(c2ccccc2Cl)c3c4,0.0
Clc4ccc3N(CC1CC1)C(=O)CN=C(c2ccccc2)c3c4,0.0
Clc3cnn(CCCCN1CCN(CC1)c2ncccn2)c3,0.0
Clc4ccc3N(CCOCC1CC1)C(=O)CN=C(c2ccccc2)c3c4,1.0
Clc4ccc(OCC(=O)OCCNC23CC1CC(CC(C1)C2)C3)cc4,0.0
Clc4ccc(OCC(=O)N1CCN(CC1)Cc3ccc2OCOc2c3)cc4,1.0
Clc3ccc2NCCC(=O)N(c1ccccc1)c2c3,1.0
Clc3ccc2NC(=O)CN=C(c1ccccc1Cl)c2c3,0.0
Clc3ccc2NC(=O)CN=C(c1ccccc1)c2c3,0.0
Clc3ccc2NC(=O)CN=C(C1=CCCCC1)c2c3,0.0
Clc3ccc2NC(=O)CN(=C(c1ccccc1)c2c3)=O,1.0
Clc3ccc2N=C(CN=C(c1ccccc1Cl)c2c3)NOCC=C,0.0
Clc3ccc(COC(Cn1ccnc1)c2ccc(Cl)cc2Cl)c(Cl)c3,0.0
Clc2cccc3NC(=O)CN=C(c1ccccc1)c23,0.0
Clc3ccc2N(CCN=C(c1ccccc1Cl)c2c3)C4=NC(=O)CO4,0.0
Clc3ccc2N=C(CN(=C(c1ccccc1)c2c3)=O)NCC4CC4,1.0
Clc2ccc(OCC1=NCCN1)cc2Cl,1.0
Clc2cc1NC(=O)Cc1cc2CCN3CCN(CC3)c4nsc5ccccc45,1.0
Clc1nc2nc(N3[C@H](OC(=O)N4CCN(C)CC4)C=4SCCSC=4C3=O)ccc2cc1,1.0
Clc2ccc1ccc(nc1n2)N6C(CC(=O)N3CCC4(CC3)OCCO4)c5ccccc5C6=O,0.0
Clc1nc2nc(N3[C@@H](OC(=O)N4CCN(C(=O)CC)CC4)C=4SCCSC=4C3=O)ccc2cc1,1.0
Clc1nc2nc(N3[C@H](CC(=O)N4CCC5(OCCO5)CC4)c4c(C3=O)cccc4)ccc2cc1,0.0
Clc1nc2nc(N3[C@@H](CC(=O)CCC(C)C)c4c(C3=O)cccc4)ccc2cc1,0.0
Clc1nc(N2CCN(CCCCN3C(=O)CCC3)CC2)cc(C(F)(F)F)c1,0.0
Clc1cccc(Cl)c1N=C2NCCO2,1.0
Clc1cccc(Cl)c1N=C2NCCN2,1.0
Clc1ccccc1C2=NCC(=O)Nc3ccc(cc23)N(=O)=O,0.0
Clc1cccc(c1)N4CCN(CCCn3nc2ccccn2c3=O)CC4,
Clc1cnc(N2[C@H](OC(=O)N3CCN(C)CC3)c3nccnc3C2=O)cc1,0.0
Clc1ccc2NC(=O)CC(=O)N(c3ccccc3)c2c1,0.0
Clc1ccc(OCC(=O)CCN(C)C)cc1,1.0
Clc1cccc(c1)N4CCN(CCCn3c(=O)[nH]c2ccccc2c3=O)CC4,
Clc1ccc(OC[C@@H](O)COC(=O)N)cc1,1.0
Clc1ccccc1C4=NCc3nnc(C2CCCCC2)n3c5sc(Br)cc45,0.0
Clc1ccc2c(c1)C(=NCc3nncn23)c4ccccc4,0.0
Clc1ccc(nn1)N2CCN(CC2)CC=Cc3ccccc3,1.0
Clc1ccc(cc1)C3CN(CC(=O)N2CCNC(=O)C2)C(=O)C3,1.0
Clc1ccc(cc1)C12CC2C(=O)NC1=O,0.0
Clc1ccc(cc1)C(=O)NCCN2CCOCC2,1.0
Clc1ccc(cc1)C(OCCN2CCOCC2)c3ccccc3,1.0
Clc1ccc(cc1)C(=O)NCCCN2CCOCC2,1.0
Clc1ccc(OC(C(=O)N[C@H](C(=O)N[C@@H]2C(=O)N3[C@H](C(=O)O)C(C)(C)S[C@H]23)c2ccccc2)(C)C)cc1,0.0
Clc1ccc(cc1)C3C2CCC(C2)C34CCC(=N4)N5CCOCC5,0.0
Clc1ccc(CC(OC(=O)[C@H](N)C)(C)C)cc1,1.0
Clc1ccc(C2([C@@H](N(C)C)CC(C)C)CCC2)cc1,1.0
Clc1ccc(N[C@@H]2/C(=N/C(C)C)/C=C3N(c4ccc(Cl)cc4)c4c(NC3=C2)cccc4)cc1,1.0
Clc1ccc([C@H]2CN(CC(=O)N3CC(=O)NCC3)C(=O)C2)cc1,1.0
Clc1ccc([C@H](N2CCN(CCOCCO)CC2)c2ccccc2)cc1,1.0
Clc1ccc([C@H](N2CCN(CCOCCOCCO)CC2)c2ccccc2)cc1,1.0
CN(C)C1C2CC3C(=C(O)C2(O)C(=O)C(=C1O)C(=O)NCN(C)CCN(C)CNC(=O)C1=C(O)C(C2CC4C(=C(O)C2(O)C1=O)C(=O)c1c(cccc1C4(C)O)O)N(C)C)C(=O)c1c(cccc1C3(C)O)O,0.0
Clc1ccc([C@H](N2CCN(CCOCC(=O)O)CC2)c2ccccc2)cc1,1.0
Clc1ccc([C@H](N2CCN(C)CCC2)c2ccccc2)cc1,1.0
Clc1ccc([C@](O)(CC(O)(C)C)C)cc1,1.0
Clc1ccc([C@](O)(C(O)(C)C)C)cc1,0.0
Clc1ccc([C@H](N2CCN(C)CC2)c2ccccc2)cc1,1.0
Clc1ccc([C@](O[C@@H](CN(C)C)C)(C)c2ccccc2)cc1,1.0
Clc1ccc([C@@H]2S(=O)(=O)CCC(=O)N2C)cc1,1.0
Clc1ccc([C@]2(O)[N@@]3[C@@H](NCC3)c3c2cccc3)cc1,0.0
Clc1ccc([C@@]23C(=O)NC(=O)[C@@H]2C3)cc1,0.0
Clc1ccc([C@@](OCCN(C)C)(C)c2ccccc2)cc1,1.0
Clc1ccc(/C(=N/OCCN)/CCCCOC)cc1,1.0
Clc1ccc([C@@H](OCCN2CCOCC2)c2ccccc2)cc1,1.0
Clc1ccc([C@H](N2CCN(Cc3ccc(C(C)(C)C)cc3)CC2)c2ccccc2)cc1,1.0
Clc1ccc([C@@](O)(c2ncccc2)C2=NCCN2)cc1,0.0
Clc1cc2nccc(N[C@@H](CCCN(CC)CC)C)c2cc1,1.0
Clc1cc2NCc3c(/C(=C\CCN(C)C)/c2cc1)cccc3,1.0
Clc1ccc([C@@H]2[C@]3(N=C(N4CCOCC4)CC3)[C@H]3C[C@@H]2CC3)cc1,0.0
Clc1cc2S(=O)(=O)N(C)c3c([C@H](NCCCCCCC(=O)O)c2cc1)cccc3,1.0
Clc1cc2NC(=O)N(C3CCN(C[C@@H]4Oc5c(OC4)cccc5)CC3)c2cc1,1.0
Clc1cc2N(CCCN3CCN(CCOC(=O)C)CC3)c3c(Sc2cc1)cccc3,1.0
Clc1cc2C(c3ccccc3)=N[C@H](OC(=O)N(C)C)C(=O)N(C)c2cc1,0.0
Clc1cc2C(c3ccccc3)=N[C@H](O)C(=O)Nc2cc1,0.0
Clc1cc2C(c3ccccc3)=N[C@H](O)C(=O)N(C)c2cc1,0.0
Clc1cc2N(CCCN3CCC(O)([C@H]4C(=O)OCC4)CC3)c3c(Sc2cc1)cccc3,1.0
Clc1cc2C(c3ccccc3)=N[C@@H](OC(=O)C(C)(C)C)C(=O)Nc2cc1,0.0
Clc1cc2C(c3c(F)cccc3)=NCC(=O)N(C[C@@H](O)CO)c2cc1,0.0
Clc1cc2c(cc1)CCN1C(=O)C(c3ccccc3)=CC(C(=O)N3C[C@H](OCC)CC3)=C21,1.0
Clc1cc2C(c3c(F)cccc3)=N[C@H](O)c3n(c(C)nc3)-c2cc1,0.0
Clc1cc2C(c3c(F)cccc3)=N[C@H](O)C(=O)N(C)c2cc1,0.0
COC(C5Cc4cc3cc(OC2CC(OC1CC(O)C(O)C(C)O1)C(O)C(C)O2)c(C)c(O)c3c(O)c4C(=O)C5OC8CC(OC7CC(O)C(OC6CC(C)(O)C(O)C(C)O6)C(C)O7)C(O)C(C)O8)C(=O)C(O)C(C)O,0.0
Clc1cc2C(c3c(F)cccc3)=N[C@@H](O)C(=O)N(CCO)c2cc1,0.0
Clc1cc2C(c3c(F)cccc3)=N[C@@H](O)C(=O)N(CCC#N)c2cc1,0.0
Clc1cc2c([C@H](C)n3cncc3)noc2cc1,1.0
Clc1cc2N(CCCN3CCC4(C(=O)N[C@H]5[N@@]4CCCC5)CC3)c3c(cccc3)CCc2cc1,1.0
Clc1cc2C(c3c(F)cccc3)=N[C@@H](C(=O)OCC)C(=O)Nc2cc1,0.0
Clc1cc2[C@H]3[N@](CC(=O)N(C)c2cc1)CCc1c3cccc1,1.0
Clc1cc2[C@H](c3ccccc3)[C@@H]3[C@H](CN(C)C3)Cc2cc1,1.0
Clc1cc2c(/C(=C\C#N)/c3c(C(N4CCN(C)CC4)=C2)cccc3)cc1,1.0
Clc1cc2[C@](C)(c3ccccc3)OC(NCC)=Nc2cc1,1.0
Clc1cc2[C@]3(c4ccccc4)O[C@@H](C)C[N@@]3CC(=O)Nc2cc1,0.0
CN(C)[C@@]3([H])C(O)=C(C(=O)[C@@]4(O)C(O)=C2C(=O)C1=C(O)C=CC=C1[C@@](C)(O)[C@@]2([H])C[C@@]34[H])C(=O)NCN(C)CCN(C)CNC(=O)C6=C(O)[C@@]([H])(N(C)C)[C@@]5([H])C[C@@]8([H])C(=C(O)[C@@]5(O)C6=O)C(=O)C7=C(O)C=CC=C7[C@@]8(C)O,0.0
Clc1cc2[C@]3(c4ccccc4)OC(C)=CC(=O)N3CC(=O)N(C)c2cc1,1.0
Clc1cc2[C@@H]3[C@H](c4c(Oc2cc1)cccc4)CNC3,1.0
Clc1cc2[C@@H]3[C@H](c4c(Oc2cc1)cccc4)CN(C)C3,1.0
Clc1cc2[C@@H]3[C@@H]4[C@](Oc2cc1)(NC(=O)C3)CCNC4,1.0
Clc1cc2[C@@H]3[C@@H](c4c(Oc2cc1)cccc4)CNCC3,1.0
Clc1cc2[C@@H]3[C@@H](c4c(Oc2cc1)cccc4)CN(C)CC3,1.0
Clc1cc2[C@@H](N(O)CC(NC)=Nc2cc1)c1ccccc1,0.0
Clc1cc2[C@@H](N(O)CC(=O)Nc2cc1)c1ccccc1,1.0
Clc1cc2[C@@H](N3CCN(C)CC3)Cc3c(Sc2cc1)cccc3,1.0
Clc1cc2[C@@H](N(O)CC(NCC3CC3)=Nc2cc1)c1ccccc1,0.0
Clc1cc2[C@@H](N(C(=O)N)CC(=O)N(C)c2cc1)c1ccccc1,1.0
Clc1cc2[C@@H](CCCN(C)C)c3c(Nc2cc1)cccc3,1.0
Clc1cc2[C@@H](c3ccccc3)SC(NCC)=Nc2cc1,1.0
Clc1cc2[C@@H](CCCN3CCN(CCCO)CC3)c3c(Sc2cc1)cccc3,1.0
Clc1cc2/C(=C/CCN(C)C)/c3c(Sc2cc1)cccc3,1.0
Clc1cc2/C(=C/CCN3CCN(CCO)CC3)/c3c(Sc2cc1)cccc3,1.0
Clc1cc(O[C@H]2[C@@]3(O[C@@H](C)C(=O)N3)CCCC2)ccc1,1.0
Clc1cc2[C@@]3(c4c(F)cccc4)OCC[N@]3CC(=O)N(CCO)c2cc1,1.0
Clc1cc(NC(=O)NC=2N(C)CC(=O)N=2)ccc1,1.0
Clc1cc2/C(=C/CCN3CCN(CCO)CC3)/c3c(cccc3)COc2cc1,1.0
Clc1cc2/C(=C/CCN3CCN(CCC(=O)NC)CC3)/c3c(Sc2cc1)cccc3,1.0
Clc1cc(C(=O)[C@@H](NC(C)(C)C)C)ccc1,1.0
Clc1cc([C@](O)(C(O)(C)C)C)ccc1,1.0
Clc1cc2/C(=C/[C@H]3C4CCN(C3)CC4)/c3c(Sc2cc1)cccc3,1.0
Clc1cc([C@@H]([C@@H](O)CN(C)C)c2ccccc2)ccc1,1.0
Clc1cc(C(=O)c2c(F)cccc2)c(N(C(=O)CN([C@H](CC#N)C)C)C)cc1,0.0
Clc1cc(C(=O)c2ccccc2)c(N(C(=O)CNC(=O)[C@@H](N)CCCCN)C)cc1,0.0
Clc1cc(N2CCN(CCCN3C(=O)N4[C@@H](N3)C=CC=C4)CC2)ccc1,0.0
Clc1c2c(/C(=C\CC[N+]([O-])(C)C)/c3c(cccc3)C=C2)ccc1,1.0
Clc1c2[C@@H](N(C)C)CCCc2c(OC)cc1,1.0
Clc1c2C(=O)N(C)Cc3c([C-]4[N+H]=C([C@](O)(CO)C)ON4)ncn3-c2ccc1,0.0
Clc1cc2c([nH]c3[C@@H]4[N@](C[C@H]5[C@@H]([C@@H](C(=O)OC)[C@H](OC)[C@@H](OC(=O)c6cc(OC)c(OC)c(OC)c6)C5)C4)CCc23)cc1,1.0
Clc1c2C(=O)N(C)Cc3c(-c4nc(C(CO)(CO)C)on4)ncn3-c2ccc1,0.0
Clc1c(O)ccc([C@@H](N)C(=O)N[C@@H]2C(=O)N3C(C(=O)O)=C(C)CS[C@@H]23)c1,0.0
Clc1c(O)cc2[C@H](c3c4OCCc4ccc3)CN(C)CCc2c1,1.0
Clc1c(NC)cc(OC)c(C(=O)N[C@H]2[C@@H](C)N(Cc3ccccc3)CC2)c1,1.0
Clc1c(N)nc(N)c(C(=O)N[C-]([N+H3])N)n1,1.0
Clc1c(N2C(=O)[C@@H](c3ccccc3)CC2=O)ccc(S(=O)(=O)N)c1,1.0
Clc1c2[C@@H](O)[C@@H]3C(C(=O)c2c(O)cc1)=C(O)[C@@]1(O)C(=O)C(C(=O)N)=C(O)[C@@H](N(C)C)[C@@H]1C3,0.0
Clc1c2C(=C)[C@H]3[C@@H](O)[C@H]4[C@@H](N(C)C)C(O)=C(C(=O)N)C(=O)[C@]4(O)C(O)=C3C(=O)c2c(O)cc1,0.0
Clc1c(-n2c(C(=O)N[C@@H]3C(=O)N4[C@@H](C(=O)O)C(C)(C)S[C@H]34)c(C)cn2)c(Cl)ccc1,0.0
Clc1c2[C@](O)(C)[C@H]3C(C(=O)c2c(O)cc1)=C(O)[C@]1(O)C(=O)C(C(=O)N)=C(O)[C@@H](N(C)C)[C@H]1C3,0.0
Clc1c(N)cc(OCC2CC2)c(C(=O)N[C@@H]2C3CCN(C2)CC3)c1,1.0
Clc1c(Cl)ccc(N(C(=O)CC)[C@@H]2[C@@H](N(C)C)CCC2)c1,1.0
Clc1c(Cl)cccc1[C@@H]1C(C(=O)OCC)=C(C)NC(C)=C1C(=O)OC,1.0
Clc1c(Cl)ccc(CC(=O)N2[C@H](CN3CCCC3)CCCC2)c1,1.0
Clc1c(N)cc(OC)c(C(=O)N[C@@H]2[C@@H](OC)CN(CCCOc3ccc(F)cc3)CC2)c1,1.0
Clc1c2[C@@](O)(C)[C@H]3C(C(=O)c2c(O)cc1)=C(O)[C@]1(O)C(=O)C(C(=O)NCO)=C(O)[C@H](N(C)C)[C@H]1C3,0.0
Clc1c(Cl)ccc(CC(=O)N2[C@H](CN3CCCC3)c3sccc3CC2)c1,1.0
Clc1c(Cl)ccc(CC(=O)N2[C@H](CN3CCCC3)c3nc[nH]c3CC2)c1,1.0
Clc1c(Cl)ccc(CC(=O)N2[C@H](CN3CCCC3)c3n(ncn3)CC2)c1,1.0
Clc1c(Cl)ccc(CC(=O)N2[C@H](CN3CCCC3)c3n(ccn3)CC2)c1,1.0
Clc1c(Cl)ccc(CC(=O)N2[C@H](CN3CCCC3)c3c(scc3)CC2)c1,1.0
Clc1c(Cl)ccc(CC(=O)N2[C@H](CN3CCCC3)c3c(occ3)CC2)c1,1.0
Clc1c(Cl)ccc(CC(=O)N2[C@H](CN3CCCC3)c3c(cccc3)CC2)c1,1.0
Clc1c(Cl)ccc(CC(=O)N2[C@H](CN3C[C@H](O)CC3)c3nc[nH]c3CC2)c1,1.0
Clc1c(Cl)ccc(CC(=O)N2[C@@H](CN3CCCC3)CN(C)CC2)c1,1.0
Clc1c(Cl)ccc(CC(=O)N2[C@H](CN3C[C@H](O)CC3)c3c(occ3)CC2)c1,1.0
Clc1c(Cl)ccc(CC(=O)N2[C@H](CN3C[C@H](O)CC3)c3n(ccn3)CC2)c1,0.0
Clc1c(Cl)ccc(CC(=O)N2[C@@H](CN3CCCC3)CN(C(=O)OCCC)CC2)c1,1.0
Clc1c(Cl)ccc(CC(=O)N2[C@@H](CN3CCCC3)CN(C(=O)OCC)CC2)c1,1.0
Clc1c(Cl)ccc(CC(=O)N2[C@@H](CN3CCCC3)CN(C(=O)OC)CC2)c1,1.0
Clc1c(Cl)ccc(CC(=O)N2[C@@H](CN3CCCC3)CN(C(=O)C)CC2)c1,1.0
Clc1c(Cl)ccc(CC(=O)N2[C@@H](CN3CCCC3)CC(C)(C)CC2)c1,1.0
Clc1c(Cl)ccc(CC(=O)N([C@H](C(C)C)CN2CCCC2)C)c1,1.0
Clc1c(Cl)ccc(C[C@](N(C)C)(CO)C)c1,1.0
Clc1c(Cl)ccc([C@H]2S(=O)(=O)CCC(=O)N2C)c1,1.0
Clc1c(Cl)ccc(CC(=O)N2[C@@H](CN3C[C@H](O)CC3)CN(CCO)CC2)c1,0.0
Clc1c(Cl)ccc(CC(=O)N2[C@@H](CN3C[C@H](O)CC3)CN(C(=O)C)CC2)c1,1.0
Clc1c(Cl)ccc(CC(=O)N([C@@H](CN2CCCC2)c2ccccc2)C)c1,1.0
Clc1c(Cl)ccc(CC(=O)N2[C@@H](CN3CCCC3)C[C@]3(C(=O)NC(=O)N3)CC2)c1,0.0
Clc1c(Cl)ccc([C@H]2c3c([C@H](NC)CC2)cccc3)c1,0.0
Clc1c(Cl)cc2c(n(CCN)nc2)c1,1.0
Clc1c(Cl)ccc(CC(=O)N(C)[C@@H]2[C@@H](N3CCCC3)C[C@]3(OCCC3)CC2)c1,0.0
Clc1c(Cl)ccc([C@@H]2c3c([C@H](NC)C2)cccc3)c1,0.0
Clc1c(Cl)ccc([C@H](OC)C(=O)N[C@H]2C(=O)N3[C@H](C(=O)O)C(C)(C)S[C@H]23)c1,0.0
Clc1c(Cl)ccc([C@@H]2c3c(cc(OC)cc3)CN(C)C2)c1,1.0
Clc1c(Cl)ccc([C@@]2(O)[C@@H](NC(C)C)C3CCC2CC3)c1,1.0
Clc1c(C2=NC[C@H](CO)N(C)c3c2cc(Cl)cc3)cccc1,0.0
Clc1c(C2=N[C@H](O)C(=O)Nc3c2nc(Cl)cc3)cccc1,0.0
Clc1c(C2=N[C@H](C)C(=O)Nc3c2cc([N+](=O)[O-])cc3)cccc1,0.0
Clc1c(-c2c(C(=O)N[C@@H]3C(=O)N4[C@@H](C(=O)O)C(C)(C)S[C@@H]34)c(C)on2)cccc1,0.0
Clc1c(-c2c(C(=O)N[C@H]3C(=O)N4[C@@H](C(=O)O)C(C)(C)S[C@H]34)c(C)on2)c(F)ccc1,0.0
Clc1c(-c2c(C(=O)N[C@H]3C(=O)N4C(C(=O)O)=C(COC(=O)C)CS[C@H]34)c(C)on2)cccc1,1.0
Clc1c(-c2c(C(=O)N[C@@H]3C(=O)N4[C@@H](C(=O)O)C(C)(C)S[C@@H]34)c(C)on2)c(Cl)ccc1,0.0
Clc1c(C2=N[C@@H](O)C(=O)Nc3c2cc(Cl)cc3)cccc1,0.0
Clc1c([C@H](O)[C@@H]2C(OC)=CC(=O)O2)cccc1,0.0
Clc1c([N+](=O)[O-])c2NC(=O)C(=O)Nc2cc1Cl,0.0
Clc1c(C2=N[C@@H](O)C(=O)N(C)c3c2cc(Cl)cc3)cccc1,0.0
Clc1c([C@]2(NC)C(=O)CCCC2)cccc1,1.0
Clc1c(C(=O)c2c(N3[C@H](CNC(=O)CN)N=C(C(=O)N(C)C)N3)ccc(Cl)c2)cccc1,0.0
Clc1c([C@]2(O)c3c(N4C2=NCCC4)cccc3)cccc1,0.0
Clc1c([C@@H](OCc2c(Cl)cc(Cl)cc2)Cn2cncc2)ccc(Cl)c1,0.0
Clc1c(C2=NCC=3N(C(=O)/C(=C/N4CCN(C)CC4)/N=3)c3c2cc([N+](=O)[O-])cc3)cccc1,0.0
Clc1c([C@]23OC[C@H](C)[N@]2CC(=O)Nc2c3cc(Cl)cc2)cccc1,0.0
ClC=C(Cl)Cl,
ClC1=N[C@H](N)c2ncn([C@@H]3O[C@H](CO)[C@H](O)C3)c2N1,0.0
Clc1c([C@@]23OCC[N@@]2CC(=O)Nc2c3cc(Cl)cc2)cccc1,0.0
ClC[C@@H](O)Cn1c(C)ncc1[N+](=O)[O-],1.0
ClC(Cl)Cl,
ClC1=C(C(=O)O)N2C(=O)[C@@H](NC(=O)[C@H](N)c3ccccc3)[C@@H]2SC1,0.0
ClC1=C(C(=O)O)N2C(=O)[C@@H](NC(=O)[C@H](N)c3ccccc3)[C@@H]2CC1,0.0
ClC(Cl)C(=O)N[C@H]([C@H](O)c1ccc(S(=O)(=O)C)cc1)CO,1.0
ClC(Cl)C(=O)N[C@H]([C@H](O)c1ccc(C(=O)C)cc1)CO,1.0
ClC(Cl)C(=O)N[C@H]([C@H](O)c1ccc(S(=O)(=O)C)cc1)CF,0.0
ClC(Cl)(Cl)COC(=O)OCC(Cl)(Cl)Cl,1.0
ClC(Cl)C(=O)N[C@H]([C@H](O)c1ccc([N+](=O)[O-])cc1)CO,0.0
ClC(Cl)C(=O)N[C@@H]([C@H](O)C1CCC([N+](=O)[O-])CC1)CO,1.0
ClC(Cl)(Cl)[C@H](O[C@@H](CC(O)(C)C)C)O,0.0
ClC(Cl)(Cl)[C@H](O[C@H](CO[C@@H](O)C(Cl)(Cl)Cl)COc1c(C)cccc1)O,0.0
ClC=1C=2[C@@](C)([C@H]3[C@@H](O)C[C@@]4(C)[C@](O)(C(=O)CO)CC[C@H]4[C@@H]3C=1)C=CC(=O)C=2,0.0
ClC(Cl)(Cl)[C@H](OCC(CO[C@H](O)C(Cl)(Cl)Cl)(CO[C@@H](O)C(Cl)(Cl)Cl)CO[C@@H](O)C(Cl)(Cl)Cl)O,1.0
ClC=1C(=O)C(Cl)=CN(CC(=O)N[C@@H]2C(=O)N3C(C(=O)O)=C(CSc4sc(C)nn4)CS[C@H]23)C=1,0.0
ClC(Cl)(Cl)[C@@H](O)NC(=O)OCC,0.0
ClC(Cl)(Cl)[C@@H]1O[C@H]2[C@@H](O)[C@H]([C@@H](O)CO)O[C@@H]2O1,0.0
ClC(Cl)(Cl)[C@@H](O)NC(=O)NC,1.0
ClC(=Cn1cncn1)c2ccc(Cl)cc2Cl,1.0
Cl[C@H](F)C(F)(F)OC(F)F,1.0
ClC=1C(=O)C=C2[C@H](F)C[C@H]3[C@@](F)([C@@H](O)C[C@]4(C)[C@@](O)(C(=O)CO)[C@@H](C)C[C@H]34)[C@]2(C)C=1,0.0
ClC(Cl)(Cl)[C@H](O)N1C(=O)C(c2ccccc2)(c2ccccc2)NC1,0.0
Clc1c([C@]2(Cn3cncc3)O[C@@H](COc3ccc(N4CCN(C(=O)C)CC4)cc3)CO2)ccc(Cl)c1,1.0
Cl[C@H]([C@@H](NC(=O)[C@H]1N(C)C[C@@H](CCC)C1)[C@@H]1[C@@H](O)[C@H](O)[C@@H](O)[C@@H](SC)O1)C,0.0
Cl[C@H]([C@@H](NC(=O)[C@@H]1NC[C@@H](CCCCC)C1)[C@H]1[C@H](O)[C@@H](O)[C@H](O)[C@@H](SC)O1)C,0.0
Cl[C@H]([C@H](NC(=O)[C@H]1N(C)C[C@@H](CCC)C1)[C@@H]1[C@@H](O)[C@H](O)[C@@H](OP(=O)(O)O)[C@H](SC)O1)C,0.0
Cl[C@H]1[C@]2(Cl)[C@]3(C)C(=CC(=O)C=C3)CC[C@H]2[C@H]2[C@](C)([C@](O)(C(=O)CO)CC2)C1,0.0
ClC(Cl)(Cl)[C@@H](OCCOCCOC[C@H]1O[C@H](O[C@@H]2[C@@H](OCCOCCO[C@H](O)C(Cl)(Cl)Cl)[C@H](O)[C@H](O)O[C@H]2COCCO[C@H](O)C(Cl)(Cl)Cl)[C@@H](O)[C@@H](O[C@@H](O)C(Cl)(Cl)Cl)C1)O,1.0
Cl[C@]12[C@H](F)C[C@@]3(C)[C@H](C(=O)CO)[C@H](C)C[C@H]3[C@@H]1C[C@@H](F)C=1[C@]2(C)C=CC(=O)C=1,0.0
Cl[C@]12[C@H](O)C[C@@]3(C)[C@](O)(C(=O)CO)[C@H](C)C[C@H]3[C@@H]1CCC=1[C@]2(C)C=CC(=O)C=1,0.0
Cl[C@H]1[C@]2(Cl)[C@]3(C)C(=CC(=O)C=C3)CC[C@H]2[C@H]2[C@](C)([C@](OC(=O)CCC)(C(=O)COC(=O)CCC)[C@@H](C)C2)C1,0.0
Cl[C@@H]1C=2[C@](C)([C@H]3C(=O)C[C@@]4(C)[C@](O)(C(=O)COC(=O)C)CC[C@H]4[C@@H]3C1)C=CC(=O)C=2,0.0
Cl[C@]12[C@H](O)C[C@@]3(C)[C@](OC(=O)CCC)(C(=O)COC(=O)C)[C@@H](C)C[C@H]3[C@@H]1CCC=1[C@]2(C)C=CC(=O)C=1,0.0
Cl[C@]12[C@@H](O)C[C@@]3(C)[C@@](OC(=O)CC)(C(=O)COC(=O)CC)[C@@H](C)C[C@H]3[C@@H]1CCC=1[C@]2(C)C=CC(=O)C=1,0.0
Cl[C@@H](OC(F)F)C(F)(F)F,1.0
Cl[C@@H]1C=2[C@](C)([C@H]3C(=O)C[C@@]4(C)[C@](O)(C(=O)CO)CC[C@H]4[C@@H]3C1)C=CC(=O)C=2,0.0
Cl[C@@H]1[C@@H]2[C@H]([C@@H](O)C[C@@]3(C)[C@](O)(C(=O)CO)[C@H](C)C[C@@H]23)[C@]2(C)C(=CC(=O)C=C2)C1,0.0
Cl[C@@H]1[C@@]2(Cl)[C@@]3(C)C(=CC(=O)C=C3)CC[C@@H]2[C@@H]2[C@@](C)([C@@](O)(C(=O)CC(=O)C)CC2)C1,0.0
Cl[C@@]1(F)C(F)(F)[C@@]1(F)OC,0.0
Cl/C=C/[C@@](O)(C#C)CC,0.0
Cl/C(=C\N1NC=NC1)/c1c(Cl)cc(Cl)cc1,0.0
Cl[C@@H]1[C@H]2[C@H]([C@@H](O)C[C@@]3(C)[C@](OC(=O)CC)(C(=O)COC(=O)CC)[C@@H](C)C[C@H]23)[C@@]2(C)C(=CC(=O)C=C2)C1,0.0
Cl[C@@]12[C@@H](O)C[C@]3(C)[C@@H](C(=O)COC(=O)C)[C@@H](C)C[C@@H]3[C@H]1C[C@H](F)C=1[C@@]2(C)C=CC(=O)C=1,0.0
CCSc4ccc3Sc1ccccc1N(CCCN2CCN(C)CC2)c3c4,1.0
Cl[C@@]12[C@@H](O)C[C@]3(C)[C@@H](C(=O)CO)[C@@H](C)C[C@@H]3[C@H]1C[C@H](F)C=1[C@@]2(C)C=CC(=O)C=1,0.0
Cl[C@@]12[C@@H](O)C[C@]3(C)[C@@H](C(=O)COC(=O)C(C)(C)C)[C@@H](C)C[C@@H]3[C@H]1C[C@H](F)C=1[C@@]2(C)C=CC(=O)C=1,0.0
Cl[C@@H]1[C@@]2(Cl)[C@@]3(C)C([C@@H](F)C[C@@H]2[C@@H]2[C@](C)([C@@]4(C(=O)CO)OC(C)(C)O[C@H]4C2)C1)=CC(=O)C=C3,0.0
CCS(=O)(=O)CCn1c(C)ncc1N(=O)=O,1.0
CCS(=O)(=O)c1ccc(F)cc1,1.0
CCOCC,1.0
CCS(=O)(=O)C(C)(C)S(=O)(=O)CC,1.0
CCS(=O)(=O)CCN2C(=O)CN=C(c1ccccc1F)c3cc(Cl)ccc23,0.0
Cl[C@@H]1[C@@]2(Cl)[C@@]3(C)C([C@@H](F)C[C@@H]2[C@@H]2[C@](C)([C@@]4(C(=O)CF)OC(C)(C)O[C@H]4C2)C1)=CC(=O)C=C3,0.0
CCOc1ccccc1OCC2CNCCO2,1.0
CCOC2c1ccccc1N(C)C(=O)c3ccccc23,1.0
CCOc1ccc(NC(C)=O)cc1,1.0
CCSC3(CCC4C2CCC1=CC(=O)C=CC1(C)C2(F)C(O)CC34C)SC,0.0
CCOC(N)=O,1.0
CCOc1ccccc1OC(C2CNCCO2)c3ccccc3,1.0
CCOc2ccc1ccccc1c2C(=O)NC4C3SC(C)(C)C(N3C4=O)C(O)=O,0.0
CCOC(=O)OCCC(SC(=O)OCC)=C(C)N(Cc1cnc(C)nc1N)C=O,1.0
CCOC1CCN(C1)C(=O)c4cc(c2ccccc2)c(=O)n5CCc3ccc(Cl)cc3c45,
CCOC(=O)OCCC([S]C(=O)OCC)=C(C)N(C/C1=C/N=C(/C)N=C1N)C=O,1.0
CCOc1cc(N)c(cc1C(=O)NC2CCN(CC2)CC3CCC=CC3)N(=O)=O,1.0
CCOC4CC2(C)C(CCC3C1CCC(C(C)=O)C1(C)CC(C23)N(C)C)CC4O,1.0
CCOC(=O)OC(C)OC(=O)C1N3C(SC1(C)C)C(N=CN2CCCCCC2)C3=O,0.0
CCOC(=O)OC3(CCC4C2CCC1=CC(=O)C=CC1(C)C2C(O)CC34C)C(=O)OCCl,0.0
CCOC(=O)OC3(CCC4C2CCC1=CC(=O)C=CC1(C)C2C(O)CC34C)C(=O)COC(=O)CC,0.0
CCOC(=O)O[C@@]3(CC[C@@]4([H])[C@@]2([H])CCC1=CC(=O)C=C[C@@]1(C)[C@@]2([H])[C@@](O)([H])C[C@@]34C)C(=O)OC[Cl],0.0
CCOC(=O)NNC(C)c1ccccc1,1.0
CCOC(=O)NC(O)C(Cl)(Cl)Cl,0.0
CCOC(=O)Nc2ccc(NCc1ccc(F)cc1)cc2N,1.0
CCOC(=O)O[C@@]3(CC[C@@]4([H])[C@@]2([H])CCC1=CC(=O)C=C[C@@]1(C)[C@@]2([H])[C@@](O)([H])C[C@@]34C)C(=O)COC(=O)CC,0.0
CCOC(=O)O[C@@](C)([H])OC(=O)[C@@]3([H])N2C(=O)[C@@]([H])(N=CN1CCCCCC1)[C@@]2([H])[S]C3(C)C,0.0
CCOC(=O)N(Cc1ccccc1)C2CC2,1.0
CCOC(=O)N(CCN(C)C)c1cccc(c1)C(F)(F)F,0.0
CCOC(=O)N2CCC(=O)N(c1ccccc1)c3cc(Cl)ccc23,1.0
CCOC(=O)N1CCC(CC1)=C3c2ccc(Cl)cc2CCc4cccnc34,1.0
CCOC(OCC)C(=O)OCC(=O)C5(O)CC(OC1CC(N)C(O)C(C)O1)c4c(O)c3C(=O)c2c(OC)cccc2C(=O)c3c(O)c4C5,0.0
CCOC(=O)c2cnc1n(CC)ncc1c2NN=C(C)C,0.0
CCOC(=O)CC(O)CC(O)C=CC3=C(c1ccc(F)cc1)c2ccccc2OC34CCCC4,0.0
CCOC(=O)C3N=C(c1ccccc1F)c2cc(Cl)ccc2NC3=O,0.0
CCOC(=O)OC1C(CC(C)OC1OC1C(C)C(OC2CC(C)(OC)C(O)C(C)O2)C(C)C(=O)OC(CC)C(C)(O)C(O)C(C)C(=O)C(C)CC1(C)O)N(C)C,0.0
CCOC(=O)c1ncn2c1CN(C)C(=O)c3cc(F)ccc23,0.0
CCOC(=O)C2(CCN(CCc1ccc(N)cc1)CC2)c3ccccc3,1.0
CCOC(=O)C2(CCN(CCCNc1ccccc1)CC2)c3ccccc3,1.0
CCOC(=O)c1cncn1C(C)c2ccccc2,1.0
CCOC(=O)O[C@@]1([H])[C@@]([H])(C[C@@](C)([H])O[C@@]1([H])O[C@@]3([H])[C@@](C)([H])[C@@]([H])(O[C@@]2([H])C[C@@](C)(OC)[C@@](O)([H])[C@@](C)([H])O2)[C@@](C)([H])C(=O)O[C@@]([H])(CC)[C@@](C)(O)[C@@](O)([H])[C@@](C)([H])C(=O)[C@@](C)([H])C[C@@]3(C)O)N(C)C,0.0
CCOC(=O)c2[nH]c1cc(OC)c(OC)cc1c2CCN3CCN(CC3)c4ccccc4,0.0
CCOC(=O)c1cncn1C(C)c1ccc(cc1)F,0.0
CCOC(=O)C1=C(C)NC(=C(C1c2cccc(Cl)c2Cl)C(=O)OC)C,1.0
CCOC(=O)C1(CCN(C)CC1)c2ccccc2,1.0
CCOC(=O)C1(CCN(C)CC1)c2cccc(O)c2,1.0
CCOC(=O)C1(CCC=CC1N(C)C)c2ccccc2,1.0
CCOC(=O)C1=C(C)NC(=C(C1c2cccc(c2)N(=O)=O)C(=O)OC)C,1.0
CCOC(=O)C(CCc1ccccc1)NC(C)C(=O)N2CCCC2C(O)=O,0.0
CCOC(=O)C[C@@](O)([H])C[C@@](O)([H])C=C/C3=C(/C1=C/C=C(/[F])C=C1)C2=CC=CC=C2O[C@@]34CCCC4,0.0
CCO,1.0
CCNCc1c(CSC)cnc(C)c1O,1.0
CCNCC(O)c1cccc(O)c1,1.0
CCO/C2=C/C=C1C=CC=C/C1=C2/C(=O)N[C@@]3([H])C(=O)N4[C@@]3([H])[S]C(C)(C)[C@@]4([H])C(O)=O,0.0
CCOC(=O)CCC(=O)OC1C(CC(C)OC1OC1C(C)C(OC2CC(C)(OC)C(O)C(C)O2)C(C)C(=O)OC(CC)C(C)(O)C(O)C(C)C(=O)C(C)CC1(C)O)N(C)C,0.0
CCOC(=O)CCC(=O)O[C@@]1([H])[C@@]([H])(C[C@@](C)([H])O[C@@]1([H])O[C@@]3([H])[C@@](C)([H])[C@@]([H])(O[C@@]2([H])C[C@@](C)(OC)[C@@](O)([H])[C@@](C)([H])O2)[C@@](C)([H])C(=O)O[C@@]([H])(CC)[C@@](C)(O)[C@@](O)([H])[C@@](C)([H])C(=O)[C@@](C)([H])C[C@@]3(C)O)N(C)C,0.0
CCO[C@@]4([H])C[C@@]2(C)[C@@]([H])(CC[C@@]3([H])[C@@]1([H])CC[C@@]([H])(C(C)=O)[C@@]1(C)C[C@@]([H])(N(C)C)[C@@]23[H])C[C@@]4(O)[H],1.0
CCNC2C1CCC(C1)C2c3ccccc3,1.0
CCNC1=NC(=O)C(O1)c2ccccc2,1.0
CCO[C@@]1([H])CCN(C1)C(=O)C=4/C=C(/C2=C/C=CC=C2)C(=O)N5CCC3=C/C=C(/[Cl])C=C3C=45,1.0
CCNC1(CCCCC1=O)c2cccs2,1.0
CCNC[C@@](O)([H])C1=CC=CC(O)=C1,1.0
CCNC2=Nc1ccc(Cl)cc1C(S2)c3ccccc3,1.0
CCNC1(CCCCC1)c2ccccc2,1.0
CCNC2=Nc1ccc(Cl)cc1C(C)(O2)c3ccccc3,1.0
CCNC(Cc1ccccc1)C2CCCO2,1.0
CCNC(=O)C=C/C1=C/C=CC([Br])=C1,1.0
CCNC(=O)C=Cc1cccc(Br)c1,1.0
CCNC2CC(N)C(OC1OC(=CCC1N)CN)C(O)C2OC3OCC(C)(O)C(NC)C3O,0.0
CCNC(=O)N3CCN(CCCC(c1ccc(F)cc1)c2ccc(F)cc2)CC3,1.0
CCNC(=O)N(CCCN(C)C)C(=O)C4CC1C(Cc2c[nH]c3cccc1c23)N(CC=C)C4,1.0
CCNC(=O)N(CCCN(C)C)C(=O)[C@@]2([H])C[C@@]1([H])C=4C=CC=C3NC=C(C[C@@]1([H])N(CC=C)C2)C3=4,1.0
CCN4CCc3[nH]c2cc(F)c1scc(C)c1c2c3C4,1.0
CCOC([H])(OCC)C(=O)OCC(=O)[C@@]5(O)C[C@@]([H])(O[C@@]1([H])C[C@@](N)([H])[C@@](O)([H])[C@@](C)([H])O1)C4=C(O)C=3C(=O)C2=C(OC)C=CC=C2C(=O)C=3C(O)=C4C5,0.0
CCN4CCN(C(=O)NC(C(=O)NC2C1SC(C)(C)C(N1C2=O)C(O)=O)c3ccccc3)C(=O)C4=O,0.0
CCn3nnn(CCN1CCC(C(C)C1)N(C(=O)COC)c2ccccc2F)c3=O,
CCN4CCN(C(=O)N[C@@]([H])(C(=O)N[C@@]1([H])C(=O)N2[C@@]1([H])[S]C(C)(C)[C@@]2([H])C(O)=O)C3=CC=CC=C3)C(=O)C4=O,0.0
CCn2nc(C)c3NC(=O)CN=C(c1ccccc1)c23,1.0
CCn2cc(C(O)=O)c(=O)c3ccc(Cc1ccccc1)nc23,
CCn2cc(C(O)=O)c(=O)c3cc(F)c(N1CCNC(C)C1)c(F)c23,
CCN3N=NN(CCN2CC[C@@]([H])(N(C(=O)COC)C1=CC=C/C=C1/[F])[C@@](C)([H])C2)C3=O,1.0
CCn2c1c(CCSC1(C)CCN(C)C)c3ccccc23,1.0
CCN1CCCC1CNC(=O)c2cc(ccc2OC)S(N)(=O)=O,1.0
CCN1CCCC1CNC(=O)c2cc(ccc2OC)C(C)=O,1.0
CCN1CCCC1CNC(=O)c2cc(ccc2OC)S(=O)(=O)CC,1.0
CCn1cc(C(O)=O)c(=O)c2ccc(C)nc12,
CCN2CC(CCN1CCOCC1)C(C2=O)(c3ccccc3)c4ccccc4,1.0
CCN1CCCC1CNC(=O)c2c(OC)ccc(Br)c2OC,1.0
CCN1CCCC1CNC(=O)c2cc(c(N)cc2OC)S(=O)(=O)CC,1.0
CCN1CCN(CC1)c4cc(c2ccc(F)cc2)c3CCCCCCc3n4,0.0
CCN1CCC(C1)=C(c2ccccc2)c3ccccc3,1.0
CCn1cc(C(O)=O)c(=O)c2cc(F)c(nc12)N3CCNCC3,
CCn1cc(C(O)=O)c(=O)c2cc(F)c(cc12)N3CCNCC3,
CCN1C(=O)NC(C1=O)c2ccccc2,1.0
CCn1cc(C(O)=O)c(=O)c2cc(F)c(cc12)N3CCN(C)CC3,
CCN[C@@]([H])(C/C1=C/C=CC=C1)[C@@]2([H])CCCO2,1.0
CCN(CCO)CCn2c(Cc1ccccc1)nc3n(C)c(=O)n(C)c(=O)c23,
CCN(CC)CCOC1(CCCCC1)c2ccc(Cl)cc2,1.0
CCN(CC)CCOC(=O)C(O)(c1ccccc1)c2ccccc2,1.0
CCN(CC)CCNC(=O)COc1ccc(OC)cc1,1.0
CCN5CCN(C(=O)NC(C(=O)NC2C1SCC(=C(N1C2=O)C(O)=O)CSc3nnnn3C)c4ccc(O)cc4)C(=O)C5=O,0.0
CCN(CC)CCNC(=O)COc1ccc(Cl)cc1,1.0
CCN(CC)CCNC(=O)c1cc(Cl)cc(Cl)c1OC,1.0
CCN(CC)S(=O)(=O)NC4CC1C(Cc2c[nH]c3cccc1c23)N(C)C4,1.0
CCN[C@@]2([H])C[C@@](N)([H])[C@@]([H])(O[C@@]1([H])OC(=CC[C@@]1(N)[H])CN)[C@@](O)([H])[C@@]2([H])O[C@@]3([H])OC[C@@](C)(O)[C@@]([H])(NC)[C@@]3(O)[H],0.0
CCN(CC)CCOC(=O)C1N3C(SC1(C)C)C(NC(=O)c2c(OC)cccc2OC)C3=O,0.0
CCN(CC)CCNC(=O)c1cc(ccc1OC)S(C)(=O)=O,1.0
CCN(CC)CCNC(=O)c1cc(Br)c(N)cc1OC,1.0
CCN(CC)CCn1cnc2n(C)c(=O)n(C)c(=O)c12,
CCN(CC)CCOC(=O)[C@@]3([H])N2C(=O)[C@@]([H])(NC(=O)C1=C(OC)C=C/C=C1/OC)[C@@]2([H])[S]C3(C)C,0.0
CCN(CC)CCCC(C)Nc1ccnc2cc(Cl)ccc12,1.0
CCN(CC)CC=C1C2=C(C=C(C=C2)Cl)NC3=CC=CC=C31,1.0
CCN(CC)CCN2C(=O)CN=C(c1ccccc1F)c3cc(Cl)ccc23,0.0
CCN(CC)CCC(=O)N2c1ccccc1Sc3ccc(cc23)C(F)(F)F,1.0
CCN(CC)CC(=O)Oc1ccc(NC(C)=O)cc1,1.0
CCN(CC)CC(=O)Nc1c(C)cccc1C,1.0
CCN(CC)c2ccc(NC(=O)c1ccccc1N)c(C)c2,1.0
CCN(CC)C(C)CN1c2ccccc2Sc2ccccc12,1.0
CCN(CC)CC(=O)OCC(=O)C3(O)CCC4C2CCC1=CC(=O)CCC1(C)C2C(O)CC34C,0.0
CCN(CC)CC(=O)OCC(=O)C3(O)CCC4C2CCC1=CC(=O)C=CC1(C)C2C(O)CC34C,0.0
CCN(CC)C(=S)SSC(=S)N(CC)CC,1.0
CCN(CC)CC(=O)OCC(=O)[C@@]3(O)CC[C@@]4([H])[C@@]2([H])CCC1=CC(=O)C=C[C@@]1(C)[C@@]2([H])[C@@](O)([H])C[C@@]34C,0.0
CCN(CC)CC(=O)OCC(=O)[C@@]3(O)CC[C@@]4([H])[C@@]2([H])CCC1=CC(=O)CC[C@@]1(C)[C@@]2([H])[C@@](O)([H])C[C@@]34C,0.0
CCN(CC)C(=O)Nc1ccc(OCC(O)CNC(C)(C)C)c(c1)C(C)=O,1.0
CCN(CC)C(=O)N3CCN(CCCc2nc1n(C)c(=O)n(C)c(=O)c1n2C)CC3,
CCN(CC)C(=O)NC4CC1C(Cc2c[nH]c3cccc1c23)N(C)C4,1.0
CCN(CC)C(=O)NC2CN(C)C1Cc3c[nH]c4cccc(C1=C2)c34,1.0
CCN(CC)C(=O)CNC(=O)c1cc(OC)c(OC)c(OC)c1,1.0
CCN(CC)C(=O)N[C@@]2([H])C[C@@]1([H])C=4C=CC=C3NC=C(C[C@@]1([H])N(C)C2)C3=4,1.0
CCN(CC)C(=O)C2C1CC(C=C1)C2C(=O)N(CC)CC,1.0
CCN(CC)C(=O)c1cccnc1,1.0
CCN(CC)C(=O)C3CN2CCc1cc(OC)c(OC)cc1C2CC3OC(C)=O,1.0
CCN(CC)C(=O)C1(CC1CN)c2ccccc2,1.0
CCN(CC)C(=O)[C@@]2([H])[C@@]1([H])C[C@@]([H])(C=C1)[C@@]2([H])C(=O)N(CC)CC,1.0
CCN(CC)[S](=O)(=O)N[C@@]2([H])C[C@@]1([H])C=4C=CC=C3NC=C(C[C@@]1([H])N(C)C2)C3=4,1.0
CCN(C)C(=O)Oc1cccc(c1)C(C)N(C)C,1.0
CCN(C(C)=O)C1=CC=CC(=C1)C2=CC=N/C3=C(/C#N)C=NN23,0.0
CCCSc2ccc1[nH]c(NC(=O)OC)nc1c2,1.0
CCCSc1ccccc1N4CCN(CCCCn3c(=O)[nH]c2ccccc2c3=O)CC4,
CCCOC(=O)Cc1ccc(OCC(=O)N(CC)CC)c(OC)c1,1.0
CCCOC(=O)c1cncn1C(C)c2ccccc2,1.0
CCCO,1.0
CCN(CC)C(C)=NN=Cc1c(O)c2c3C(=O)C4(C)OC=CC(OC)C(C)C(OC(C)=O)C(C)C(O)C(C)C(O)C(C)C=CC=C(C)C(=O)Nc1c(O)c2c(O)c(C)c3O4,0.0
CCCNCC(O)COc1ccccc1C(=O)CCc2ccccc2,1.0
CCCNC(=O)N1CC(OC1=O)c2ccccc2,1.0
CCN(CC)C(=O)COc2cc1NC(=O)C(=CC=CC(C)C(O)C(C)C(O)C(C)C(OC(C)=O)C(C)C(OC)C=COC4(C)Oc3c(C)c(O)c(c1O)c2c3C4=O)C,0.0
CCN(CC)C(=O)CO/C2=C/C=1NC(=O)C(C)=CC=C[C@@](C)([H])[C@@](O)([H])[C@@](C)([H])[C@@](O)([H])[C@@](C)([H])[C@@]([H])(OC(C)=O)[C@@](C)([H])[C@@]([H])(OC)C=CO[C@@]4(C)O/C3=C(/C)C(O)=C(C=1O)C2=C3C4=O,0.0
CCN(CC)C1=NC3=C([S]1)C=2NC(=O)C(C)=CC=C[C@@](C)([H])[C@@](O)([H])[C@@](C)([H])[C@@](O)([H])[C@@](C)([H])[C@@]([H])(OC(C)=O)[C@@](C)([H])[C@@]([H])(OC)C=CO[C@@]5(C)O/C4=C(/C)C(O)=C(C=2O)C3=C4C5=O,0.0
CCN(CC)c1nc3c(s1)c2NC(=O)C(=CC=CC(C)C(O)C(C)C(O)C(C)C(OC(C)=O)C(C)C(OC)C=COC5(C)Oc4c(C)c(O)c(c2O)c3c4C5=O)C,0.0
CCCN1CCCC1CNC(=O)c2cc(ccc2OC)S(N)(=O)=O,1.0
CCCNC(=O)c4ccc3Sc1ccccc1N(CCN2CCCC2)c3c4,1.0
CCCN2CC(CC3Cc1c(O)cccc1CC23)NS(=O)(=O)N(CC)CC,1.0
CCCNC(=O)C4=CC=C3[S]C1=CC=CC=C1N(CCN2CCCC2)C3=C4,1.0
CCCN1CCC(=CC1)c2c[nH]c3ccc(Cl)cc23,1.0
CCCN(CCC)S(=O)(=O)c1ccc(cc1)C(O)=O,1.0
CCCN(CCC)CCc1cccc2NC(=O)Cc12,1.0
CCCN(CCC)CCc1ccc(O)c2NC(=O)Cc12,1.0
CCCN1CC(CSC)CC2C1Cc3c[nH]c4cccc2c34,1.0
CCCN1CC(CC2C1CC3=C(C2)C(=CC=C3)O)NS(=O)(=O)N(CC)CC,1.0
CCCN(CCC)CCc1ccc(c2c1CC(N2)=C)O,1.0
CCCN(CCC)CC/C2=C/C=C(/O)C=1NC(=C)CC=12,1.0
CCCN(C(CC)C(=O)N(C)C)C(=O)C=CC,1.0
CCCl,1.0
CCCN(C(=O)C=CC)[C@@]([H])(CC)C(=O)N(C)C,1.0
CCCN(CCC)C1Cc2cccc3cc(O)cc(C1)c23,1.0
CCCN(c1ccncc1)n2ccc3ccccc23,1.0
CCCN(CCCCN1C(=O)CC2(CCCC2)CC1=O)C3CC4=C(C=CC=C4OC)OC3,1.0
CCCN(CCC)C(=O)Cc1c(nc2ccc(Cl)cn12)c3ccc(Cl)cc3,0.0
CCCCSc1ccc(cc1)C(SCCN(C)C)c2ccccc2,1.0
CCN(CC)C(=NN=CC1=C2C(=C3C(=C1O)C4=C(C(=C3O)C)OC(C4=O)(OC=CC(C(C(C(C(C(C(C(C=CC=C(C(=O)N2)C)C)O)C)O)C)OC(=O)C)C)OC)C)O)C,0.0
CCCCOCC(CN1C(=O)NC(=O)C(CC)(C1=O)c2ccccc2)OC(N)=O,1.0
CCCCNCC2COc1ccccc1O2,1.0
CCCCNCC2COc1cccc(OCC)c1O2,1.0
CCCCNC(=O)OCC(C)(CCC)COC(N)=O,1.0
CCCCNc1c(cnc2n(CC)ncc12)C(=O)OCC,0.0
CCCCNc1c(C(=O)OCC)c(C)nc2n(CC)ncc12,1.0
CCCCCNCC(N)=O,1.0
CCCCn2c(=O)n(CCCC)c1ncn(CC(C)=O)c1c2=O,
CCCCOCC(CN1C(=O)N(CC(COCCCC)OC(N)=O)C(=O)C(CC)(C1=O)c2ccccc2)OC(N)=O,1.0
CCCCN=C(c1cc(Cl)ccc1O)c2ccccc2Cl,0.0
CCCCCCSc1nsnc1C1=CCCN(C)C1,1.0
CCCCOC(=O)C(=O)C3C(C)CC4C2CC(F)C1=CC(=O)C=CC1(C)C2C(O)CC34C,0.0
CCCCCCOc1nsnc1C2=CCCN(C)C2,1.0
CCCCOC(=O)C(=O)[C@@]3([H])[C@@](C)([H])C[C@@]4([H])[C@@]2([H])C[C@@]([F])([H])C1=CC(=O)C=C[C@@]1(C)[C@@]2([H])[C@@](O)([H])C[C@@]34C,0.0
CCCCOC(=O)C(=O)[C@@]3([H])[C@@](C)([H])C[C@@]4([H])[C@@]2([H])C[C@@]([F])([H])C1=CC(=O)C=C[C@@]1(C)[C@@]2([H])[C@@](O)([H])C[C@@]34C,0.0
CCCCCCCCCNc1ncnc2[nH]ccc12,1.0
CCCCCCCCCCOc1c(OC)cc(cc1OC)C(N)=O,1.0
CCCCCCN1CCC(CC1)(C(=O)N(C)CC)c2ccccc2,1.0
CCCCCCCNC(=O)Oc3ccc2N(C)C1N(C)CCC1(C)c2c3,1.0
CCCCCNC12C=CC(=O)C3Oc4c(O)ccc5CC1N(C)CCC23c45,1.0
CCCCCN[C@@]12C=CC(=O)[C@@]3([H])O/C4=C(/O)C=CC=5C[C@@]1([H])N(C)CC[C@@]23C4=5,1.0
CCCCCCCCCC1(C)OCC(COC(N)=O)O1,1.0
CCCCCCCCCC(=O)OC2(CCN(CCCC(=O)c1ccc(F)cc1)CC2)c3ccc(Cl)cc3,1.0
CCCCCCC(C)NN,1.0
CCCCCCCCCC(=O)OC2(CCN(CCCC(=O)c1ccc(F)cc1)CC2)c3ccc(Br)cc3,1.0
CCCCCCCCCCCCCCCC(=O)OCCC4CCN(CCCN2c1ccccc1Sc3ccc(cc23)S(=O)(=O)N(C)C)CC4,0.0
CCCCCCCCCCCCCCCCCC(=O)OCC(=O)OCC(=O)C3(O)CCC4C2CCC1=CC(=O)C=CC1(C)C2C(O)CC34C,0.0
CCCCCCC,1.0
CCCCCCC(C)(C)c3cc(O)c2C1CC(=O)CCC1C(C)(C)Oc2c3,1.0
CCCCCCCCCCCCCCCCCC(=O)OCC(=O)OCC(=O)[C@@]3(O)CC[C@@]4([H])[C@@]2([H])CCC1=CC(=O)C=C[C@@]1(C)[C@@]2([H])[C@@](O)([H])C[C@@]34C,0.0
CCCCCCC(C)(C)C3=CC(O)=C1C(OC(C)(C)[C@@]2([H])CCC(=O)C[C@@]12[H])=C3,1.0
CCCCCC(N)C(O)(c1ccccc1)c2ccccc2,1.0
CCCCCC1CNC(C1)C(=O)NC(C(C)Cl)C2OC(SC)C(O)C(O)C2O,0.0
CCCCCCC(=O)OCCN4CCN(CCCN2c1ccccc1Sc3ccc(cc23)C(F)(F)F)CC4,1.0
CCCCCC(=O)CCC2(C)C3Cc1ccc(O)cc1C2(C)CCN3C,1.0
CCCCCC(=NOCCN)c1ccc(C)c(N)c1,1.0
CCCCCC,1.0
CCCCCC(=O)CC[C@@]2(C)[C@@]3([H])CC1=C/C=C(/O)C=C1[C@@]2(C)CCN3C,1.0
CCCCCCCCCCCCCC(=O)OC2C=CC3C4Cc5ccc(OCc1ccccc1)c6OC2C3(CCN4C)c56,1.0
CCCCCCCCCCCCCC(=O)O[C@@]2([H])C=C[C@@]3([H])[C@@]4([H])CC5=C/C=C(/OC/C1=C/C=CC=C1)C=6O[C@@]2([H])[C@@]3(CCN4C)C5=6,1.0
CCCCCC(=O)OCC(=O)C3C(C)CC4C2CC(F)C1=CC(=O)C=CC1(C)C2C(O)CC34C,0.0
CCCCCC(C)C(C)c4cc(OC(=O)CCCN1CCCCCC1)c3C2=C(CCC(C)C2)C(C)(C)Oc3c4,1.0
CCCCCC(=O)OCC(=O)[C@@]3([H])[C@@](C)([H])C[C@@]4([H])[C@@]2([H])C[C@@]([F])([H])C1=CC(=O)C=C[C@@]1(C)[C@@]2([H])[C@@](O)([H])C[C@@]34C,0.0
CCCCC1(CCOC(N)=O)C(=O)NC(=O)NC1=O,0.0
CCCCC(CC)CNC(=O)CC(C)O,1.0
CCCCC/C(=N/OCCN)C1=C/C=C(/C)C(N)=C1,1.0
CCCCC1C(=O)N(N(C1=O)c2ccccc2)c3ccccc3,1.0
CCCCC3CC(=O)C2(O)OC1C(NC)C(O)C(NC)C(O)C1OC2O3,0.0
CCCCc2oc1ccccc1c2C(=O)c3cc(I)c(OCCN(CC)CC)c(I)c3,1.0
CCCCc1nc(Cl)c(CO)n1Cc2ccc(cc2)c3ccccc3c4nnn[nH]4,0.0
CCCCC(=O)OC3(CCC4C2CCC1=CC(=O)CCC1(C)C2C(O)CC34C)C(=O)CO,0.0
CCCCC,1.0
CCCCC(=O)OC3(CCC4C2CCC1=CC(=O)C=CC1(C)C2C(O)CC34C)C(=O)CO,0.0
CCCCC(=O)OC3(CCC4C2CC(F)C1=CC(=O)C=CC1(C)C2C(O)CC34C)C(=O)CO,0.0
CCCCC(=O)O[C@@]3(CC[C@@]4([H])[C@@]2([H])CCC1=CC(=O)C=C[C@@]1(C)[C@@]2([H])[C@@](O)([H])C[C@@]34C)C(=O)CO,0.0
CCCC1OC1(CC)C(N)=O,1.0
CCCCC(=O)O[C@@]3(CC[C@@]4([H])[C@@]2([H])C[C@@]([F])([H])C1=CC(=O)C=C[C@@]1(C)[C@@]2([H])[C@@](O)([H])C[C@@]34C)C(=O)CO,0.0
CCCCC(=O)OC3(C(C)CC4C2CCC1=CC(=O)C=CC1(C)C2(F)C(O)CC34C)C(=O)CO,0.0
CCCC1CC(N(C)C1)C(=O)NC(C(C)O)C2OC(SC)C(O)C(O)C2O,0.0
CCCCC(=O)O[C@@]3(C(=O)CO)[C@@](C)([H])C[C@@]4([H])[C@@]2([H])CCC1=CC(=O)C=C[C@@]1(C)[C@@]2([F])[C@@](O)([H])C[C@@]34C,0.0
CCCC1CC(N(C)C1)C(=O)NC(C(C)Cl)C2OC(SC)C(O)C(O)C2O,0.0
CCCC1(CCN(C)CC1C)c2cccc(O)c2,1.0
CCCC1(C)COB(OC1)c2ccc(C)cc2,0.0
CCCC(CCC)C(O)=O,1.0
CCCC1CC(N(C)C1)C(=O)NC(C(C)Cl)C1OC(SC)C(OP(O)(O)=O)C(O)C1O,0.0
CCCC(CCC)C(N)=O,1.0
CCCC(N1CCCC1)C(=O)c2ccc(C)cc2,1.0
CCCC(CCC)C(=O)OCOC(=O)C(C)(C)C,1.0
CCCC(CCC)(CCC)C(N)=O,1.0
CCCC(Cc1ccccc1)N2CCCC2,1.0
CCCC(CC)C1(CC)C(=O)NC(=S)NC1=O,0.0
CCCC(CC)C1(CC)C(=O)NC(=O)NC1=O,0.0
CCCC[C@@]3([H])CC(=O)[C@@]2(O)O[C@@]1([H])[C@@]([H])(NC)[C@@](O)([H])[C@@]([H])(NC)[C@@](O)([H])[C@@]1([H])O[C@@]2([H])O3,0.0
CCCC(C)CC,1.0
CCCC(C)C1(CC=C)C(=O)NC(=S)NC1=O,1.0
CCCC(C)C1(CC)C(=O)NC(=S)NC1=O,0.0
CCCC(C)C1(CC=C)C(=O)NC(=O)NC1=O,1.0
CCCC(C)C1(CCSC)C(=O)NC(=S)NC1=O,0.0
CCCC(C)C1(C=C)C(=O)NC(=O)NC1=O,1.0
CCCC(C)C1(CC)C(=O)NC(=O)NC1=O,0.0
CCCC5OC4CC3C2CCC1=CC(=O)C=CC1(C)C2C(O)CC3(C)C4(O5)C(=O)CO,0.0
CCCC(C)(COC(N)=O)COC(N)=O,1.0
CCCC5OC4CC3C2CC(F)C1=CC(=O)CCC1(C)C2(F)C(O)CC3(C)C4(O5)C(=O)CO,0.0
CCCC5OC4CC3C2CC(F)C1=CC(=O)C=CC1(C)C2(F)C(O)CC3(C)C4(O5)C(=O)OC(C)OC(=O)OCC,0.0
Clc1c([C@@]2(CN3NC=NC3)O[C@H](COc3ccc(N4CCN(c5ccc(N6C(=O)N([C@@H](CC)C)N=C6)cc5)CC4)cc3)CO2)ccc(Cl)c1,0.0
CCCC(=O)OCC(=O)C3(OC(=O)CCC)C(C)CC4C2CCC1=CC(=O)C=CC1(C)C2(Cl)C(Cl)CC34C,0.0
CCCC(=O)OC3(CCCC4C2CCC1=CC(=O)C=CC1(C)C2C(O)CC34C)C(C)=O,0.0
CCCC(=O)OCC(=O)[C@@]3(OC(=O)CCC)[C@@](C)([H])C[C@@]4([H])[C@@]2([H])CCC1=CC(=O)C=C[C@@]1(C)[C@@]2([Cl])[C@@]([Cl])([H])C[C@@]34C,0.0
CCCC(C)(O)C1CC23C=CC1(OC)C4Oc5c(O)ccc6CC2N(C)CCC34c56,1.0
CCCC(C)(O)C1CC23C=CC1(OC)C4Oc5c(O)ccc6CC2N(CCC34c56)CC=C,1.0
CCCC(C)(O)C1CC23C=CC1(OC)C4Oc5c(OC(C)=O)ccc6CC2N(C)CCC34c56,1.0
CCCC(C)(C1CC23C=CC1(C4C25CCN(C3CC6=C5C(=C(C=C6)O)O4)CC=C)OC)O,1.0
CCCC(=O)OC3(CCC4C2CCC1=CC(=O)CCC1(C)C2C(O)CC34C)C(=O)COC(=O)CC,0.0
CCCC(=O)OC3(CCC4C2CCC1=CC(=O)CCC1(C)C2C(O)CC34C)C(=O)CO,0.0
CCCC(=O)OC3(CCC4C2CC(F)C1=CC(=O)C=CC1(C)C2(F)C(O)CC34C)C(=O)COC(C)=O,0.0
CCCC(=O)OC3(CCC4C2CC(C)C1=CC(=O)CCC1(C)C2C(O)CC34C)C(=O)COC(C)=O,0.0
CCCC(=O)O[C@@]3(CCC[C@@]4([H])[C@@]2([H])CCC1=CC(=O)C=C[C@@]1(C)[C@@]2([H])[C@@](O)([H])C[C@@]34C)C(C)=O,0.0
CCCC(=O)OC3(C(C)CC4C2CCC1=CC(=O)C=CC1(C)C2(F)C(=O)CC34C)C(=O)CCl,0.0
CCCC(=O)O[C@@]3(CC[C@@]4([H])[C@@]2([H])CCC1=CC(=O)CC[C@@]1(C)[C@@]2([H])[C@@](O)([H])C[C@@]34C)C(=O)CO,0.0
CCCC(=O)O[C@@]3(CC[C@@]4([H])[C@@]2([H])CCC1=CC(=O)CC[C@@]1(C)[C@@]2([H])[C@@](O)([H])C[C@@]34C)C(=O)COC(=O)CC,0.0
CCCC(=O)Nc1ccc(OCC(O)CNC(C)C)c(c1)C(C)=O,1.0
CCCC(=O)OC3(C(C)CC4C2CCC1=CC(=O)C=CC1(C)C2(Cl)C(O)CC34C)C(=O)COC(C)=O,0.0
CCCC(=O)O[C@@]3(CC[C@@]4([H])[C@@]2([H])C[C@@](C)([H])C1=CC(=O)CC[C@@]1(C)[C@@]2([H])[C@@](O)([H])C[C@@]34C)C(=O)COC(C)=O,0.0
CCCC(=O)N(C)Cc1c(nc2ccccn12)c3ccc(Cl)cc3,1.0
CCCC(=O)c4ccc3Sc1ccccc1N(CCCN2CCN(C)CC2)c3c4,1.0
CCCC(=O)O[C@@]3(CC[C@@]4([H])[C@@]2([H])C[C@@]([F])([H])C1=CC(=O)C=C[C@@]1(C)[C@@]2([F])[C@@](O)([H])C[C@@]34C)C(=O)COC(C)=O,0.0
CCCC(=O)O[C@@]3(C(=O)COC(C)=O)[C@@](C)([H])C[C@@]4([H])[C@@]2([H])CCC1=CC(=O)C=C[C@@]1(C)[C@@]2([Cl])[C@@](O)([H])C[C@@]34C,0.0
CCCC(=O)O[C@@]3(C(=O)C[Cl])[C@@](C)([H])C[C@@]4([H])[C@@]2([H])CCC1=CC(=O)C=C[C@@]1(C)[C@@]2([F])C(=O)C[C@@]34C,0.0
CCC5(CC)OC4CC3C2CCC1=CC(=O)C=CC1(C)C2(F)C(O)CC3(C)C4(O5)C(=O)CO,0.0
CCC4OC(=O)C(C)C(OC1CC(C)(OC)C(O)C(C)O1)C(C)C(OC2OC(C)CC(C2O)N(C)C)C(C)(O)CC(C)C3NC(COCCOC)OC(C3C)C4(C)O,1.0
CCC3OC(=O)C(C)C(OC1CC(C)(OC)C(O)C(C)O1)C(C)C(OC2OC(C)CC(C2O)N(C)C)C(C)(O)CC(C)CN(C)C(C)C(O)C3(C)O,0.0
CCC3OC(=O)C(C)C(OC1CC(C)(OC)C(O)C(C)O1)C(C)C(OC2OC(C)CC(C2O)N(C)C)C(C)(O)CC(C)C(=O)C(C)C(O)C3C,0.0
CCC3OC(=O)C(C)C(OC1CC(C)(OC)C(O)C(C)O1)C(C)C(OC2OC(C)CC(C2O)N(C)C)C(C)(O)CC(C)C(=O)C(C)C(O)C3(C)O,0.0
CCC3OC(=O)C(C)C(OC1CC(C)(OC)C(O)C(C)O1)C(C)C(OC2OC(C)CC(C2O)N(C)C)C(C)(O)CC(C)C(=NOCOCCOC)C(C)C(O)C3(C)O,0.0
CCC3OC(=O)C(C)C(OC1CC(C)(OC)C(O)C(C)O1)C(C)C(OC2OC(C)CC(C2O)N(C)C)C(C)(O)CC(C)C(=NOC)C(C)C(O)C3(C)O,0.0
CCC5NC(=O)C(NC(=O)c1ncccc1O)C(C)OC(=O)C(NC(=O)C2CC(=O)CCN2C(=O)C(Cc3ccc(cc3)N(C)C)N(C)C(=O)C4CCCN4C5=O)c6ccccc6,0.0
CCC7(O)CC(OC3CC(C(OC2CC(O)C(OC1CCC(=O)C(C)O1)C(C)O2)C(C)O3)N(C)C)c6c(O)c5C(=O)c4c(O)cccc4C(=O)c5cc6C7C(=O)OC,1.0
CCc3nn(CCCN1CCN(CC1)c2cccc(Cl)c2)c(=O)n3CC,
CCc3nn(CCCN1CCN(CC1)c2cccc(Cl)c2)c(=O)n3CCOc4ccccc4,
CCc3ccc2Sc1ccccc1N(CC(C)CN(C)C)c2c3,1.0
CCc3cc2C(=NCc1nnc(C)n1c2s3)c4ccccc4Cl,0.0
CCC3OC(=O)C(C)C(OC1CC(C)(OC)C(O)C(C)O1)C(C)C(OC2OC(C)CC(C2O)N(C)C)C(C)(O)CC(C)(F)C(=O)C(C)C(O)C3(C)O,0.0
CCC3OC(=O)C(C)C(OC1CC(C)(OC)C(O)C(C)O1)C(C)C(OC2OC(C)CC(C2O)N(C)C)C(C)(CC(C)C(=O)C(C)C(O)C3(C)O)OC,0.0
CCC3CN2CCc1cc(OC)c(OC)cc1C2CC3CC4NCCc5cc(OC)c(OC)cc45,1.0
CCC3(O)CCN2CCc1ccc(C)cc1C2C3,1.0
CCc2cc1C(=NCC(=O)N(C)c1s2)c3ccccc3Cl,0.0
CCc2c(OC)nc1nc(cn1c2C)c3noc(C)n3,0.0
CCc2c(OC)nc1nc(cn1c2C)C(=O)c3ccccc3,0.0
CCc2c(C)[nH]c3CCC(CN1CCOCC1)C(=O)c23,1.0
CCc2c(C)[nH]c3CC1CCN(C)CC1C(=O)c23,1.0
CCC2C(=NN=C(c1ccc(OC)c(OC)c1)c3cc(OC)c(OC)cc23)C,1.0
CCC24CCN(CC1CCC1)C(Cc3ccc(O)cc23)C4(C)C,1.0
CCC24CCN(CC1CC1)C(Cc3ccc(O)cc23)C4(C)C,1.0
CCC24CCN(CC1(O)CC1)C(Cc3ccc(O)cc23)C4(C)C,1.0
CCc1nc(N)nc(N)c1c2ccc(Cl)cc2,0.0
CCC2(C(=O)NC(=O)N(C(=O)c1ccccc1)C2=O)c3ccccc3,0.0
CCC1OC(=O)C(C)C(OC2CC(C)(OC)C(O)C(C)O2)C(C)C(OC2OC(C)CC(C2OC(=O)CC)N(C)C)C(C)(O)CC(C)C(=O)C(C)C(O)C1(C)O,0.0
CCC1CN(C)CCC1(OC(=O)CC)c2ccccc2,1.0
CCc1ccccc1n3c(C)nc2ccccc2c3=O,
CCc1ccccc1,1.0
CCc1cc(ccn1)C(N)=S,1.0
CCC1CC(=O)C2Oc5c(OC)ccc6CC3C1C2(CCN3CC4CC4)c56,1.0
CCC1NC(=O)C(C(O)C(C)CC=CC)N(C)C(=O)C(C(C)C)N(C)C(=O)C(CC(C)C)N(C)C(=O)C(CC(C)C)N(C)C(=O)C(C)NC(=O)C(C)NC(=O)C(CC(C)C)N(C)C(=O)C(NC(=O)C(CC(C)C)N(C)C(=O)CN(C)C1=O)C(C)C,0.0
CCC1C(=O)NC(=O)C1(C)c2ccccc2,1.0
CCC1(OCC(O1)C2CCCCN2)c3ccccc3,1.0
CCC1(O)C(=O)OCc5c1cc3n(Cc4cc2c(CN(C)C)c(O)ccc2nc34)c5=O,
CCC1(NCC(=O)NC1=O)c2ccccc2,0.0
CCC1(NC(=O)N(C)C1=O)c2ccccc2,1.0
CCC1(N(C)C(=O)NC1=O)c1ccccc1,1.0
CCC1(CCC(C)C)C(=O)NC(=O)NC1=O,0.0
CCC1C(C(C(C(=NOC)C(CC(C(C(C(C(C(=O)O1)C)OC2CC(C(C(O2)C)O)(C)OC)C)OC3C(C(CC(O3)C)N(C)C)O)(C)O)C)C)O)(C)O,0.0
CCC1(CCC(=O)NC1=O)c2ccccc2,1.0
CCC1(CCC(=O)NC1=O)c2ccc(N)cc2,1.0
CCC1(CC)C(=O)NCC(C)C1=O,0.0
CCC1(CC)C(=O)NC=CC1=O,0.0
CCC1(CC)C(=O)NC=C(C)C1=O,0.0
CCC9(O)CC3CN(CCc1c([nH]c2ccccc12)C(C3)(C(=O)OC)c4cc5c(cc4OC)N(C)C6C(O)(C(O)C7(CC)C=CCN8CCC56C78)C(N)=O)C9,0.0
CCC1(CC)C(=O)NC(=O)NC1=O,1.0
CCC1(CC)C(=O)NC(=O)N(C)C1=O,1.0
CCC1(C)OC(=O)N(C)C1=O,1.0
CCC1(C)CC(=O)NC1=O,1.0
CCC1(C)CC(=O)NC(=O)C1,0.0
CCC1(CC)C(=O)NC(=O)N(C1=O)c2ccccc2,0.0
CCC1(C(=O)NCNC1=O)c2ccccc2,0.0
CCC1(C(=O)NC(=O)NC1=O)c2ccccc2,0.0
CCC1(C(=O)NC(=O)NC1=O)C2=CCCCCC2,0.0
CCC1(C(=O)NC(=O)NC1=O)C2=CCCCC2,0.0
CCC1(C(=O)NC(=O)N(C)C1=O)c1ccccc1,0.0
CCC=C(C)C1(CC)C(=O)NC(=O)NC1=O,0.0
CCC1(C(=O)N(COC)C(=O)N(COC)C1=O)c2ccccc2,1.0
CCC=2C=C/C=C(/N=C(/C)NC=1C=C(C=CC=1)CC)C=2,1.0
CCC=C(C(=O)NC2C1SCC(=C(N1C2=O)C(O)=O)COC(N)=O)c3csc(N)n3,0.0
CCC1NC(=O)C(NC(=O)c2ncccc2O)C(C)OC(=O)C(NC(=O)C2CC(=O)CCN2C(=O)C(Cc2ccccc2)N(C)C(=O)C2CCCN2C1=O)c1ccccc1,0.0
CCC[C@@]1([H])C[C@@]([H])(N(C)C1)C(=O)N[C@@]([H])([C@@](C)(O)[H])[C@@]2([H])O[C@@]([H])([S]C)[C@@](O)([H])[C@@](O)([H])[C@@]2(O)[H],0.0
CCC[C@@]5([H])O[C@@]4([H])C[C@@]3([H])[C@@]2([H])CCC1=CC(=O)C=C[C@@]1(C)[C@@]2([H])[C@@](O)([H])C[C@@]3(C)[C@@]4(O5)C(=O)CO,0.0
CCC(Oc1ccccc1)C(=O)NC3C2SC(C)(C)C(N2C3=O)C(O)=O,0.0
CCC[C@@]5([H])O[C@@]4([H])C[C@@]3([H])[C@@]2([H])C[C@@]([F])([H])C1=CC(=O)CC[C@@]1(C)[C@@]2([F])[C@@](O)([H])C[C@@]3(C)[C@@]4(O5)C(=O)CO,0.0
CCC(OC(N)=O)C1CCCCC1,1.0
CCC(O)C(CC(C)N(C)C)(c1ccccc1)c2ccccc2,1.0
CCC(OC(C)=O)C(CC(C)N(C)C)(c1ccccc1)c2ccccc2,1.0
CCC[C@@]5([H])O[C@@]4([H])C[C@@]3([H])[C@@]2([H])C[C@@]([F])([H])C1=CC(=O)C=C[C@@]1(C)[C@@]2([F])[C@@](O)([H])C[C@@]3(C)[C@@]4(O5)C(=O)O[C@@](C)([H])OC(=O)OCC,0.0
CCC(O)(C=CCl)C#C,0.0
CCC(O)(COC(N)=O)c1ccccc1,1.0
CCC(N1CCCC1=O)C(N)=O,1.0
CCC(N(CC)C(=O)C=CC)C(=O)N(C)C,1.0
CCC(N)Cc1c[nH]c2ccccc12,1.0
CCC1NC(=O)C2CCCN2C(=O)C(Cc2ccccc2)NC(=O)C(CC(C)C)NC(=O)C(CCCN)NC(=O)C(NC(=O)C2CCCN2C(=O)C(Cc2ccccc2)NC(=O)C(CC(C)C)NC(=O)C(CCCN)NC1=O)C(C)C,0.0
CCC(CO)NCCNC(CC)CO,1.0
CCC(CC)(CC=C)C(N)=O,1.0
CCC(C)CC,1.0
CCC(CC)(CNC(=O)CCCO)c1cccc(OC)c1,1.0
CCC(C)C1(CC=C)C(=O)NC(=O)NC1=O,1.0
CCC(C)C1(CC)C(=O)NC(=O)NC1=O,0.0
CCC(C)C(CC)C(N)=O,1.0
CCC(C)C(CC)C(=O)NC(N)=O,1.0
CCC9(O)CC3CN(CCc1c([nH]c2ccccc12)C(C3)(C(=O)OC)c4cc5c(cc4OC)N(C)C6C(O)(C(OC(C)=O)C7(CC)C=CCN8CCC56C78)C(=O)OC)C9,0.0
CCC(C)C(C)(COC(N)=O)COC(N)=O,1.0
CCC(C)C(C)(COC(N)=O)COC(=O)NC(C)C,1.0
CCC9(O)CC3CN(CCc1c([nH]c2ccccc12)C(C3)(C(=O)OC)c4cc5c(cc4OC)N(C=O)C6C(O)(C(OC(C)=O)C7(CC)C=CCN8CCC56C78)C(=O)OC)C9,0.0
CCC(C)=O,1.0
CCC(C)(CC)OC(N)=O,1.0
CCC(C)(S(=O)(=O)CC)S(=O)(=O)CC,1.0
CCC(C)(C)O,1.0
CCC(C)C(=O)OC1CC(O)C=C2C=CC(C)C(CCC(O)CC(O)CC(O)=O)C12,0.0
CCC(C)C(=O)OC2CCC=C3C=CC(C)C(CCC1CC(O)CC(=O)O1)C23,0.0
CCC(C)(C)C,1.0
CCC(C)(C)C(=O)O[C@@]2([H])C[C@@](C)([H])C=C3C=C[C@@](C)([H])[C@@]([H])(CC[C@@]1([H])C[C@@](O)([H])CC(=O)O1)[C@@]23[H],0.0
CCC(C)(C)C(=O)OC2CC(C)C=C3C=CC(C)C(CCC1CC(O)CC(=O)O1)C23,0.0
CCC(C(=O)OCCN1CCOC(C1C)c2ccccc2)c3ccccc3,1.0
CCC[C@@](C)(O)[C@@]1([H])C[C@@]23C=C[C@@]1(OC)[C@@]4([H])O/C5=C(/OC(C)=O)C=CC=6C[C@@]2([H])N(C)CC[C@@]34C5=6,1.0
CCC(Br)(CC)C(=O)NC(N)=O,0.0
CCC(C(=O)NC(N)=O)c1ccccc1,1.0
CCC(Br)(C(C)C)C(N)=O,1.0
CCC(Br)(CC)C(=O)NC(=O)NC(C)=O,0.0
CCC8(O)CC(OC4CC(C(OC3CC2OC1CC(=O)C(C)OC1OC2C(C)O3)C(C)O4)N(C)C)c7c(O)c6C(=O)c5c(O)cccc5C(=O)c6c(O)c7C8OC9CC(C(O)C(C)O9)N(C)C,1.0
CCC(=O)OCC(=O)C3(OC(=O)CC)C(C)CC4C2CCC1=CC(=O)C=CC1(C)C2(F)C(O)CC34C,0.0
CCC(=O)OCC(=O)C3(OC(=O)CC)C(C)CC4C2C(Cl)CC1=CC(=O)C=CC1(C)C2C(O)CC34C,0.0
CCC(=O)OCC(=O)C3(OC(=O)CC)C(C)CC4C2CCC1=CC(=O)C=CC1(C)C2(Cl)C(O)CC34C,0.0
CCC(=O)OCC(=O)C14OC(C)(C)OC1CC5C3CC(F)C2=CC(=O)C=CC2(C)C3(F)C(O)CC45C,0.0
CCC(NC(=O)C1CCCN1C(=O)C(Cc1ccccc1)NC(=O)C(CC(C)C)NC(=O)C(CCCN)NC(=O)C(CC)NC(=O)C1CCCN1C(=O)C(Cc1ccccc1)NC(=O)C(N)CC(C)C)C(=O)NC(CCCN)C=O,1.0
CCC(=O)OCC(=O)[C@@]3(OC(=O)CC)[C@@](C)([H])C[C@@]4([H])[C@@]2([H])CCC1=CC(=O)C=C[C@@]1(C)[C@@]2([Cl])[C@@](O)([H])C[C@@]34C,0.0
CCC(=O)OCC(=O)[C@@]3(OC(=O)CC)[C@@](C)([H])C[C@@]4([H])[C@@]2([H])CCC1=CC(=O)C=C[C@@]1(C)[C@@]2([F])[C@@](O)([H])C[C@@]34C,0.0
CCC(=O)OCC(=O)[C@@]3(OC(=O)CC)[C@@](C)([H])C[C@@]4([H])[C@@]2([H])[C@@]([Cl])([H])CC1=CC(=O)C=C[C@@]1(C)[C@@]2([H])[C@@](O)([H])C[C@@]34C,0.0
CCC(=O)OC3(CCC4C2CCC1=CC(=O)CCC1(C)C2C(O)CC34C)C(=O)COC(C)=O,0.0
CCC(=O)OC3(CCC4C2CC(C)C1=CC(=O)C=CC1(C)C2C(O)CC34C)C(=O)COC(C)=O,0.0
CCC(=O)OCC(=O)[C@@]14OC(C)(C)O[C@@]1([H])C[C@@]5([H])[C@@]3([H])C[C@@]([F])([H])C2=CC(=O)C=C[C@@]2(C)[C@@]3([F])[C@@](O)([H])C[C@@]45C,0.0
CCC(=O)OC3(C(C)CC4C2CCC1=CC(=O)C=CC1(C)C2(F)C(O)CC34C)C(=O)COC,0.0
CCC(=O)OC3(C(C)CC4C2CCC1=CC(=O)C=CC1(C)C2(F)C(O)CC34C)C(=O)CCl,0.0
CCC(=O)OC3CC(=O)OC(C)CC=CC=CC(O)C(C)CC(CC=O)C(OC2OC(C)C(OC1CC(C)(O)C(OC(=O)CC)C(C)O1)C(C2O)N(C)C)C3OC,1.0
CCC(=O)OC3(C(C)CC4C2CC(F)C1=CC(=O)C=CC1(C)C2(F)C(O)CC34C)C(=O)SCF,0.0
CCC(=O)OC1(CCN(C)CC1C)c2ccccc2,1.0
CCC(=O)OC3(C(C)CC4C2CC(F)C1=CC(=O)C=CC1(C)C2(F)C(O)CC34C)C(=O)SC,0.0
CCC(=O)OC3(C(C)CC4C2CC(F)C1=CC(=O)C=CC1(C)C2(F)C(O)CC34C)C(=O)SCCl,0.0
CCC(=O)OC(Cc1ccccc1)(C(C)CN(C)C)c2ccccc2,1.0
CCC(=O)OC(CC1=CC=CC=C1)(C2=CC=CC=C2)C(C)CN(C)C.Cl,1.0
CCC(=O)O[C@@]3(CC[C@@]4([H])[C@@]2([H])CCC1=CC(=O)CC[C@@]1(C)[C@@]2([H])[C@@](O)([H])C[C@@]34C)C(=O)COC(C)=O,0.0
CCC(=O)O[C@@]3(CC[C@@]4([H])[C@@]2([H])C[C@@](C)([H])C1=CC(=O)C=C[C@@]1(C)[C@@]2([H])[C@@](O)([H])C[C@@]34C)C(=O)COC(C)=O,0.0
CCC(=O)O[C@@]3(C(=O)C[Cl])[C@@](C)([H])C[C@@]4([H])[C@@]2([H])CCC1=CC(=O)C=C[C@@]1(C)[C@@]2([F])[C@@](O)([H])C[C@@]34C,0.0
CCC(=O)O[C@@]3(C(=O)COC)[C@@](C)([H])C[C@@]4([H])[C@@]2([H])CCC1=CC(=O)C=C[C@@]1(C)[C@@]2([F])[C@@](O)([H])C[C@@]34C,0.0
CCC(=O)Nc1ccc(O)cc1,1.0
CCC(=O)OC1C(C)C(C)OC(=O)C(C)C(OC2CC(OC)C(OC(=O)CC)C(C)O2)C(C)C(OC2OC(C)CC(C2O)N(C)C)C(C)CC2(CO2)C(=O)C1C,1.0
CCC(=O)O[C@@]3(C(=O)[S]C[F])[C@@](C)([H])C[C@@]4([H])[C@@]2([H])C[C@@]([F])([H])C1=CC(=O)C=C[C@@]1(C)[C@@]2([F])[C@@](O)([H])C[C@@]34C,0.0
CCC(=O)N(C1CCN(CC1)CCc2ccccc2)c3ccccc3,1.0
CCC(=O)O[C@@]3(C(=O)[S]C[Cl])[C@@](C)([H])C[C@@]4([H])[C@@]2([H])C[C@@]([F])([H])C1=CC(=O)C=C[C@@]1(C)[C@@]2([F])[C@@](O)([H])C[C@@]34C,0.0
CCC(=O)N1CCN(CC1)C(=O)OC2N(C(=O)C3=C2SCCS3)c5ccc4ccc(Cl)nc4n5,1.0
CCC(=O)N(c1ccccc1)C3(CCN(CCn2nnn(CC)c2=O)CC3)COC,
CCC(=O)O[C@@]3(C(=O)[S]C)[C@@](C)([H])C[C@@]4([H])[C@@]2([H])C[C@@]([F])([H])C1=CC(=O)C=C[C@@]1(C)[C@@]2([F])[C@@](O)([H])C[C@@]34C,0.0
CCC(=O)N(c1ccccc1)C3(CCN(CCc2cccs2)CC3)COC,1.0
CCC(=O)N(c1ccccc1F)C3(CCN(CCn2nnn(CC)c2=O)CC3)c4ccccc4,
CCC(=O)N(c1ccccc1)C2(CCN(CCC(=O)OC)CC2)C(=O)OC,1.0
CCC(C(=O)NCC=CC=C(C)C(OC)C(C)C1OC(C=CC=CC=C(C)C(=O)C2=C(O)C=CN(C)C2=O)C(O)C1O)C1(O)OC(C=CC=CC)C(C)(C)C(OC2OC(C)C(OC3OC(C)C(OC)C(O)C3OC)C(OC)C2O)C1O,0.0
CCC(=O)N(C1CCCC1N(C)C)c2ccc(Cl)c(Cl)c2,1.0
CCC(=O)N(/C1=C/C=C(/[Cl])C([Cl])=C1)[C@@]2([H])CCC[C@@]2([H])N(C)C,1.0
CCC(=O)N(c1ccccc1)C3(CCN(CCc2ccccc2)CC3C)C(=O)OC,1.0
CCC(=O)N(c1ccccc1)C3(CCN(CCc2ccccc2)CC3)C(=O)OC,1.0
CCC(C(=O)NCC=CC=C(C)C(C(C)C1C(C(C(O1)C=CC=CC=C(C)C(=O)C2=C(C=CN(C2=O)C)O)O)O)OC)C3(C(C(C(C(O3)C=CC=CC)(C)C)OC4C(C(C(C(O4)C)OC5C(C(C(C(O5)C)OC)O)OC)OC)O)O)O,0.0
CCC(=O)C1(CCN(C)CC1)c2cccc(O)c2,1.0
CCC(=O)c3ccc2Sc1ccccc1N(CC(C)N(C)C)c2c3,1.0
CCC(=O)C(CCN(C)C)(c1ccccc1)c2ccccc2,1.0
CCC(=O)C2(CCN(CCCC(=O)c1ccc(F)cc1)CC2)N3CCCCC3,1.0
CCC(=O)C(CC(C)N(C)C)(c1ccccc1)c2ccccc2,1.0
CCC(=O)c4ccc3Sc1ccccc1N(CCCN2CCN(CCO)CC2)c3c4,1.0
CCC(=O)C(C(C)CN(C)C)(c1ccccc1)c2ccccc2,1.0
CCC(=CC)C(=O)NC(N)=O,1.0
CCC#C[C@@](C)([H])[C@@]1(CC=C)C(=O)NC(=O)N(C)C1=O,1.0
CCC(=O)C3(C)C(C)CC4C2CCC1=CC(=O)C=CC1(C)C2C(O)CC34C,0.0
CCC(=O)C1(O)CCC2C3CCC4=CC(=O)CCC4(C)C3C(O)CC21C,0.0
CCC(=C(c1ccccc1)c2ccc(OCCN(C)C)cc2)c3ccccc3,1.0
CCC(=O)[C@@]3(O)CC[C@@]4([H])[C@@]2([H])CCC1=CC(=O)CC[C@@]1(C)[C@@]2([H])[C@@](O)([H])C[C@@]34C,0.0
CCC(=O)[C@@]3(C)[C@@](C)([H])C[C@@]4([H])[C@@]2([H])CCC1=CC(=O)C=C[C@@]1(C)[C@@]2([H])[C@@](O)([H])C[C@@]34C,0.0
CC5(C)SC4C(NC(=O)C23CC1CC(CC(N)(C1)C2)C3)C(=O)N4C5C(O)=O,0.0
Cc5nc(C)c4CCC(=O)N(Cc1ccc(cc1)c2ccccc2c3nnn[nH]3)c4n5,0.0
CC5(C)SC4C(NC(=O)C(NC(=O)c2cnc1cccnc1c2O)c3ccccc3)C(=O)N4C5C(O)=O,0.0
CC5(C)SC4C(NC(=O)C(NC(=O)Cc1ccc(cc1)C2=NCCCN2)c3ccccc3)C(=O)N4C5C(O)=O,0.0
CC5(C)SC4C(NC(=O)C(C(=O)Oc2ccc1CCCc1c2)c3ccccc3)C(=O)N4C5C(O)=O,0.0
CC5(C)SC4C(NC(=O)C(NC(=O)c1ccc([nH]c1=O)c2ccc(cc2)S(=O)(=O)N(CCO)CCO)c3ccc(O)cc3)C(=O)N4C5C(O)=O,
CC5(C)SC4C(NC(=O)C(NC(=O)Nc2cnc(Nc1ccc(cc1)S(N)(=O)=O)nc2O)c3ccc(O)cc3)C(=O)N4C5C(O)=O,0.0
CC5(OC4CC3C2CCC1=CC(=O)C=CC1(C)C2(F)C(O)CC3(C)C4(O5)C(=O)CO)c6ccccc6,0.0
CC5(C)OC4CC3C2CCC1CC(=O)CCC1(C)C2(F)C(O)CC3(C)C4(O5)C(=O)CO,0.0
CC5(C)OC4CC3C2CCC1=CC(=O)C=CC1(C)C2C(O)CC3(C)C4(O5)C(=O)CO,0.0
CC5(C)OC4CC3C2CCC1=CC(=O)CCC1(C)C2(F)C(O)CC3(C)C4(O5)C(=O)CCl,0.0
CC5(C)OC4CC3C2CCC1=CC(=O)C=CC1(C)C2(F)C(O)CC3(C)C4(O5)C(=O)CO,0.0
CC5(C)OC4CC3C2CC(F)C1=CC(=O)C=CC1(C)C2C(O)CC3(C)C4(O5)C(=O)CO,0.0
CC5(C)OC4CC3C2CC(F)C1=CC(=O)CCC1(C)C2C(O)CC3(C)C4(O5)C(=O)CO,0.0
CC5(C)OC4CC3C2CC(F)C1=CC(=O)C=CC1(C)C2(F)C(O)CC3(C)C4(O5)C(=O)COC(=O)C6CC6,0.0
CC5(C)OC4CC3C2CC(F)C1=CC(=O)C=CC1(C)C2(F)C(O)CC3(C)C4(O5)C(=O)CO,0.0
CC5(C)OC4CC3C2CC(F)C1=CC(=O)C=CC1(C)C2(Cl)C(Cl)CC3(C)C4(O5)C(=O)CO,0.0
CC5(C)OC4CC3C2CC1=CC(=O)C=CC1(C)C2(F)C(O)CC3(C)C4(O5)C(=O)COC(=O)c7cc6ccccc6o7,0.0
CC5(C)OC4CC3C2CC(F)C1=CC(=O)C=CC1(C)C2(Cl)C(Cl)CC3(C)C4(O5)C(=O)CF,0.0
CC5(C)OC4CC3C2CC(F)C1=CC(=O)C=CC1(C)C2(Cl)C(Cl)CC3(C)C4(O5)C(=O)CCl,0.0
CC5(C)O[C@@]4([H])C[C@@]3([H])[C@@]2([H])CCC1=CC(=O)CC[C@@]1(C)[C@@]2([F])[C@@](O)([H])C[C@@]3(C)[C@@]4(O5)C(=O)C[Cl],0.0
CC5(C)O[C@@]4([H])C[C@@]3([H])[C@@]2([H])CCC1=CC(=O)C=C[C@@]1(C)[C@@]2([H])[C@@](O)([H])C[C@@]3(C)[C@@]4(O5)C(=O)CO,0.0
CC5(C)O[C@@]4([H])C[C@@]3([H])[C@@]2([H])CCC1=CC(=O)C=C[C@@]1(C)[C@@]2([F])[C@@](O)([H])C[C@@]3(C)[C@@]4(O5)C(=O)CO,0.0
CC5(C)O[C@@]4([H])C[C@@]3([H])[C@@]2([H])C[C@@]([F])([H])C1=CC(=O)CC[C@@]1(C)[C@@]2([H])[C@@](O)([H])C[C@@]3(C)[C@@]4(O5)C(=O)CO,0.0
CC5(C)O[C@@]4([H])C[C@@]3([H])[C@@]2([H])CC[C@@]1([H])CC(=O)CC[C@@]1(C)[C@@]2([F])[C@@](O)([H])C[C@@]3(C)[C@@]4(O5)C(=O)CO,0.0
CC5(C)O[C@@]4([H])C[C@@]3([H])[C@@]2([H])C[C@@]([F])([H])C1=CC(=O)C=C[C@@]1(C)[C@@]2([H])[C@@](O)([H])C[C@@]3(C)[C@@]4(O5)C(=O)CO,0.0
CC5(C)O[C@@]4([H])C[C@@]3([H])[C@@]2([H])C[C@@]([F])([H])C1=CC(=O)C=C[C@@]1(C)[C@@]2([F])[C@@](O)([H])C[C@@]3(C)[C@@]4(O5)C(=O)COC(=O)[C@@]6([H])CC6,0.0
CC5(C)O[C@@]4([H])C[C@@]3([H])[C@@]2([H])C[C@@]([F])([H])C1=CC(=O)C=C[C@@]1(C)[C@@]2([F])[C@@](O)([H])C[C@@]3(C)[C@@]4(O5)C(=O)CO,0.0
CC5(C)O[C@@]4([H])C[C@@]3([H])[C@@]2([H])CC1=CC(=O)C=C[C@@]1(C)[C@@]2([F])[C@@](O)([H])C[C@@]3(C)[C@@]4(O5)C(=O)COC(=O)C7=CC6=CC=CC=C6O7,0.0
CC5(C)O[C@@]4([H])C[C@@]3([H])[C@@]2([H])C[C@@]([F])([H])C1=CC(=O)C=C[C@@]1(C)[C@@]2([Cl])[C@@]([Cl])([H])C[C@@]3(C)[C@@]4(O5)C(=O)CO,0.0
CC5(C)O[C@@]4([H])C[C@@]3([H])[C@@]2([H])C[C@@]([F])([H])C1=CC(=O)C=C[C@@]1(C)[C@@]2([Cl])[C@@]([Cl])([H])C[C@@]3(C)[C@@]4(O5)C(=O)C[F],0.0
CC5(C)O[C@@]4([H])C[C@@]3([H])[C@@]2([H])C[C@@]([F])([H])C1=CC(=O)C=C[C@@]1(C)[C@@]2([Cl])[C@@]([Cl])([H])C[C@@]3(C)[C@@]4(O5)C(=O)C[Cl],0.0
Cc4nnc(SCC1=C(N3C(SC1)C(NC(=O)Cn2cc(Cl)c(=O)c(Cl)c2)C3=O)C(O)=O)s4,
Cc4nnc(SCC1=C(N3C(SC1)C(NC(=O)Cn2cnnn2)C3=O)C(O)=O)s4,1.0
CC5(C)[S][C@@]1([H])N(C(=O)[C@@]1([H])NC(=O)[C@@]([H])(NC(=O)C3=CN=C2C=CC=N/C2=C3/O)C4=CC=CC=C4)[C@@]5([H])C(O)=O,0.0
CC5(C)[S][C@@]1([H])N(C(=O)[C@@]1([H])NC(=O)[C@@]([H])(NC(=O)N/C3=C/N=C(/N/C2=C/C=C(C=C2)[S](N)(=O)=O)N=C3O)C4=C/C=C(/O)C=C4)[C@@]5([H])C(O)=O,0.0
CC5(C)[S][C@@]1([H])N(C(=O)[C@@]1([H])NC(=O)[C@@]([H])(C(=O)O/C3=C/C=C2CCCC2=C3)C4=CC=CC=C4)[C@@]5([H])C(O)=O,0.0
Cc4nnc(SCC1=C(N3C(SC1)C(NC(=O)C(O)c2ccccc2)C3=O)C(O)=O)s4,1.0
CC4CN(CCCn2c1ccccc1c3ccccc23)CC(C)N4,1.0
Cc4ccc3n1CCNC2CCCc(c12)c3c4,1.0
Cc4nnc(SCC1=C(N3C(SC1)C(NC(=O)C(N)c2ccc(O)cc2)C3=O)C(O)=O)s4,1.0
CC5(C)[S][C@@]1([H])N(C(=O)[C@@]1([H])NC(=O)[C@@]([H])(NC(=O)C/C2=C/C=C(C=C2)C3=NCCCN3)C4=CC=CC=C4)[C@@]5([H])C(O)=O,0.0
Cc4cccc(C=NN1CCN(CC1)C(c2ccccc2)c3ccccc3)n4,1.0
CC5(C)[S][C@@]1([H])N(C(=O)[C@@]1([H])NC(=O)[C@@]([H])(NC(=O)C2=CC=C(NC2=O)C3=CC=C(C=C3)[S](=O)(=O)N(CCO)CCO)C4=C/C=C(/O)C=C4)[C@@]5([H])C(O)=O,0.0
CC4CC3C2CCC1=CC(=O)C=CC1(C)C2C(=O)CC3(C)C4(O)C(=O)CO,0.0
CC4CC3C2CCC1=CC(=O)C=CC1(C)C2(F)C(O)CC3(C)C4C(=O)CO,0.0
CC4CC3C2CCC1=CC(=O)C=CC1(C)C2(F)C(O)CC3(C)C4(O)C(C)=O,0.0
CC4CC3C2CCC1=CC(=O)C=CC1(C)C2(F)C(O)CC3(C)C4(O)C(=O)COC(C)=O,0.0
CC4CC3C2CCC1=CC(=O)C=CC1(C)C2(F)C(O)CC3(C)C4(O)C(=O)CCl,0.0
CC4CC3C2CCC1=CC(=O)C=CC1(C)C2(F)C(O)CC3(C)C4(C)C(=O)CO,0.0
CC4CC3C2CCC1=CC(=O)C=CC1(C)C2(F)C(O)CC3(C)C4(OC(=O)c5ccco5)C(=O)COC(C)=O,0.0
CC4CC3C2CCC1=CC(=O)C=CC1(C)C2(F)C(=O)CC3(C)C4(O)C(=O)CCl,0.0
CC4CC3C2CCC1=CC(=O)C=CC1(C)C2(F)C(O)CC3(C)C4(OC(=O)c5ccccc5)C(=O)CO,0.0
CC4CC3C2CC(F)C1=CC(=O)C=CC1(C)C2C(O)CC3(C)C4C(=O)CO,0.0
CC4CC3C2CCC1=CC(=O)C=CC1(C)C2(Cl)C(O)CC3(C)C4(O)C(=O)CO,0.0
CC4CC3C2CC(F)C1=CC(=O)C=CC1(C)C2C(O)CC3(C)C4(O)C(=O)CO,0.0
CC4CC3C2CCC1=CC(=O)C=CC1(C)C2(Cl)C(O)CC3(C)C4(OC(=O)c5ccco5)C(=O)CCl,0.0
CC4CC3C2CC(F)C1=CC(=O)C=CC1(C)C2(F)C(O)CC3(C)C4C(=O)CO,0.0
CC4CC3C2CC(F)C1=CC(=O)C=CC1(C)C2C(O)CC3(C)C4(O)C(=O)COC(C)=O,0.0
CC4CC3C2CC(F)C1=CC(=O)C=CC1(C)C2(F)C(O)CC3(C)C4C(=O)COC(=O)C(C)(C)C,0.0
CC4CC3C2CC(F)C1=CC(=O)C=CC1(C)C2(F)C(O)CC3(C)C4(O)C(=O)SCF,0.0
CC4CC3C2CC(F)C1=CC(=O)C=CC1(C)C2(F)C(O)CC3(C)C4(O)C(=O)CO,0.0
CC4CC3C2CC(F)C1=CC(=O)C=CC1(C)C2(Cl)C(O)CC3(C)C4C(=O)COC(C)=O,0.0
CC4CC3C2CC(F)C1=CC(=O)C=CC1(C)C2(F)C(O)CC3(C)C4(OC(C)=O)C(=O)COC(C)=O,0.0
CC4CC3C2CC(F)C1=CC(=O)C=CC1(C)C2(F)C(O)CC3(C)C4(O)C(=O)CCl,0.0
CC4CC3C2CC(F)C1=CC(=O)C=CC1(C)C2(F)C(O)CC3(C)C4(O)C(=O)COC(=O)C(C)(C)C,0.0
CC4CC3C2CC(F)C1=CC(=O)C=CC1(C)C2(Cl)C(O)CC3(C)C4C(=O)COC(=O)C(C)(C)C,0.0
CC4CC3C2CC(F)C1=CC(=O)C=CC1(C)C2(Cl)C(O)CC3(C)C4C(=O)CO,0.0
CC4CC3C2CC(F)C1=CC(=O)C=CC1(C)C2(Cl)C(F)CC3(C)C4C(=O)CO,0.0
CC4CC3C2CC(F)C1=CC(=O)C(=CC1(C)C2(F)C(O)CC3(C)C4(O)C(=O)CO)Cl,0.0
CC4CC3C2CC(F)(F)C1=CC(=O)C=CC1(C)C2(F)C(O)CC3(C)C4(O)C(=O)COC(C)=O,0.0
CC4CC3C2C(Cl)CC1=CC(=O)C=CC1(C)C2C(O)CC3(C)C4(O)C(=O)CO,0.0
CC4(C)SC3C(NC(=O)c2nc1ccccc1nc2C(O)=O)C(=O)N3C4C(O)=O,0.0
CC4CC(=C)CC25CCN(CC1CCC1)C(Cc3ccc(O)cc23)C45,0.0
CC4(C)SC3C(NC(=O)C(Oc1ccccc1)c2ccccc2)C(=O)C3C4C(O)=O,0.0
CC4(C)SC3C(NC(=O)C(NC(=O)N1CCN(C1=O)S(C)(=O)=O)c2ccccc2)C(=O)N3C4C(O)=O,0.0
CC4(C)SC3C(NC(=O)C(NC(=O)CNC(=N)c1ccncc1)c2ccccc2)C(=O)N3C4C(O)=O,0.0
CC4(C)SC3C(NC(=O)C(N=Cc1ccco1)c2ccc(O)cc2)C(=O)N3C4C(O)=O,0.0
CC4(C)SC3C(NC(=O)C(NC(=O)C(C)(C)Oc1ccc(Cl)cc1)c2ccccc2)C(=O)N3C4C(O)=O,0.0
CC4(C)SC3C(NC(=O)C(C(=O)Oc1ccccc1)c2ccccc2)C(=O)N3C4C(O)=O,0.0
CC4CC3C2C=C(C)C1=Cc5c(CC1(C)C2C(O)CC3(C)C4(O)C(=O)COC(C)=O)cnn5c6ccccc6,0.0
CC4(C)SC3C(N1C(=O)C(NC1(C)C)c2ccccc2)C(=O)N3C4C(O)=O,0.0
CC4(C)SC3C(N1C(=O)C(NC1(C)C)c2ccc(O)cc2)C(=O)N3C4C(O)=O,0.0
CC4(C)[S][C@@]3([H])[C@@]([H])(NC(=O)[C@@]([H])(O/C1=C/C=CC=C1)C2=CC=CC=C2)C(=O)[C@@]3([H])[C@@]4([H])C(O)=O,0.0
CCC(C)n7ncn(c1ccc(cc1)N2CCN(CC2)c6ccc(OCC4COC(Cn3cncn3)(O4)c5ccc(Cl)cc5Cl)cc6)c7=O,
CC4(C)[S][C@@]1([H])N(C(=O)[C@@]1([H])NC(=O)C3=NC2=CC=CC=C2/N=C3/C(O)=O)[C@@]4([H])C(O)=O,0.0
CC3OC1(CCCCC1Oc2cccc(Cl)c2)NC3=O,1.0
CC4(C)[S][C@@]1([H])N(C(=O)[C@@]1([H])NC(=O)[C@@]([H])(NC(=O)CNC(=N)C2=CC=NC=C2)C3=CC=CC=C3)[C@@]4([H])C(O)=O,0.0
CC4(C)[S][C@@]1([H])N(C(=O)[C@@]1([H])NC(=O)[C@@]([H])(N=C/C2=C/C=CO2)C3=C/C=C(/O)C=C3)[C@@]4([H])C(O)=O,0.0
CC4(C)[S][C@@]1([H])N(C(=O)[C@@]1([H])N2C(=O)[C@@]([H])(NC2(C)C)C3=CC=CC=C3)[C@@]4([H])C(O)=O,0.0
CC4(C)[S][C@@]1([H])N(C(=O)[C@@]1([H])NC(=O)[C@@]([H])(C(=O)O/C2=C/C=CC=C2)C3=CC=CC=C3)[C@@]4([H])C(O)=O,0.0
CC4(C)[S][C@@]1([H])N(C(=O)[C@@]1([H])NC(=O)[C@@]([H])(NC(=O)C(C)(C)O/C2=C/C=C(/[Cl])C=C2)C3=CC=CC=C3)[C@@]4([H])C(O)=O,0.0
CC4(C)[S][C@@]1([H])N(C(=O)[C@@]1([H])N2C(=O)[C@@]([H])(NC2(C)C)C3=C/C=C(/O)C=C3)[C@@]4([H])C(O)=O,0.0
Cc3nnc4CN=C(c1ccccc1Cl)c2cc(Cl)ccc2n34,0.0
Cc3nnc4CN=C(c1ccccc1Cl)c2cc(Br)sc2n34,0.0
Cc3nnc4CN=C(c1ccccc1)c2cc(Cl)ccc2n34,0.0
CC3N=C(c1ccccc1Cl)c2cc(ccc2NC3=O)N(=O)=O,0.0
Cc3ncc4CN=C(c1ccccc1F)c2cc(Cl)ccc2n34,0.0
Cc3ncc4CN=C(c1ccccc1Cl)c2cc(Cl)ccc2n34,0.0
CC3CN2CC(=O)Nc1ccc(Cl)cc1C2(O3)c4ccccc4,0.0
Cc3ccnc4N(C1CC1)c2ncccc2C(=O)Nc34,1.0
CC3CC2C1CCC(O)(C(C)=O)C1(C)CC(O)C2(F)C4(C)C=CC(=O)C=C34,0.0
CC3CC2C1CCC(C(O)=O)C1(C)CC(O)C2C4(C)CCC(=O)C=C34,0.0
CC3CC2C1CCC(C(C)=O)C1(C)CC(O)C2C4(C)C=CC(=O)C=C34,0.0
CC3CC2C1CCC(O)(C(=O)COC(C)=O)C1(C)CC(O)C2C4(C)C=CC(=O)C=C34,0.0
CC3CC2C1CCC(O)(C(=O)CO)C1(C)CC(O)C2C4(C)C=CC(=O)C=C34,0.0
CC3CC2C1CCC(OC(C)=O)(C(C)=O)C1(C)CC(O)C2(F)C4(C)C=CC(=O)C=C34,0.0
CC3CC2C1CCC(O)(C(=O)COC(=O)CCC(O)=O)C1(C)CC(O)C2C4(C)C=CC(=O)C=C34,0.0
Cc3cc(CCN1CCN(CC1)c2cccc(Cl)c2)n[nH]3,1.0
CC4CC3C2C=C(C)C1=Cc6c(CC1(C)C2C(O)CC3(C)C4(O)C(=O)COC(=O)c5cccc(c5)S(O)(=O)=O)cnn6c7ccccc7,0.0
CC34CCC1C(CCc2cc(O)ccc12)C3CCC4O,0.0
CC34CCC1C(CCC2=CC(=O)CCC12C)C3CCC4O,0.0
CC3CC1=C(CCC(=O)C1)C4CCC2(C)C(CCC2(O)C#C)C34,0.0
CC34CC(O)C1C(CCC2=CC(=O)CCC12C)C3CCC4C(=O)CO,0.0
CC3C2C(O)C1C(N(C)C)C(=C(C(N)=O)C(=O)C1(O)C(=C2C(=O)c4c(O)cccc34)O)O,0.0
CC34CC(O)C1C(CCC2=CC(=O)C=CC12C)C3CCC4(O)C(=O)COC(=O)CCC(O)=O,0.0
CC34CC(O)C1(F)C(CCC2=CC(=O)CCC12C)C3CCC4(O)C(=O)CO,0.0
CC34CC(O)C1(F)C(CCC2=CC(=O)C=CC12C)C3CCC4(O)C(=O)CO,0.0
CC3(Cn1ccnn1)C(N2C(CC2=O)S3(=O)=O)C(O)=O,1.0
CC34Cc2cnn(c1ccc(F)cc1)c2C=C3CCC5C4CCC6(C)C5CCC6(O)C#C,0.0
CC3(C)SC2C(NC(=O)CSc1ccccc1)C(=O)N2C3C(O)=O,0.0
CC34CC(O)C1(F)C(CCC2=CC(=O)C=CC12C)C3CC(O)C4(O)C(=O)CO,0.0
CC34CC(O)C1(F)C(CCC2=CC(=O)C=CC12C)C3CC(=C)C4(O)C(=O)CO,0.0
CC3(C)SC2C(NC(=O)COc1ccccc1)C(=O)N2C3C(O)=O,0.0
CC34CC(O)C1(F)C(CCC2=CC(=O)C=CC12C)C3CC5OC(OC45C(=O)CO)C=C,0.0
CC3(C)SC2C(NC(=O)Cc1ccccc1)C(=O)N2C3C(O)=O,0.0
CC34CC(Cl)C1(Cl)C(CCC2=CC(=O)C=CC12C)C3CCC4(O)C(=O)CO,0.0
CC3(C)SC2C(NC(=O)C1(N)CCCCC1)C(=O)N2C3C(O)=O,0.0
CC35CC(O)C1(F)C(CCC2=CC(=O)C=CC12C)C3CC6Cc4ccccc4CC56C(=O)CO,0.0
CC3(C)SC2C(NC(=O)C(N=C)c1ccccc1)C(=O)N2C3C(O)=O,0.0
CC3(C)SC2C(NC(=O)C(NS(O)(=O)=O)c1ccccc1)C(=O)N2C3C(O)=O,0.0
CC3(C)SC2C(NC(=O)C(N)c1ccccc1)C(=O)N2C3C(O)=O,0.0
CC3(C)SC2C(NC(=O)C(N)C1=CCC=CC1)C(=O)N2C3C(O)=O,0.0
CC3(C)SC2C(NC(=O)C(N)c1ccc(O)cc1)C(=O)N2C3C(O)=O,0.0
CC3(C)SC2C(NC(=O)C(c1ccccc1)S(O)(=O)=O)C(=O)N2C3C(O)=O,0.0
CC3(C)SC2C(NC(=O)C(C(O)=O)c1ccsc1)C(=O)N2C3C(O)=O,0.0
CC3(C)SC2C(NC(=O)C(C)(C)Oc1ccccc1)C(=O)N2C3C(O)=O,0.0
CC3(C)SC2C(NC(=O)C(C(O)=O)c1ccccc1)C(=O)N2C3C(O)=O,0.0
CC3(C)SC2C(N=CN1CCCCCC1)C(=O)N2C3C(O)=O,0.0
CC3(C)OC2COC1(COS(N)(=O)=O)OC(C)(C)OC1C2O3,1.0
CC3(C)CN(CCN1CCN(C1=O)c2cccc(Cl)c2)C3,1.0
CC3(C)O[C@@]2([H])CO[C@@]1(CO[S](N)(=O)=O)OC(C)(C)O[C@@]1([H])[C@@]2([H])O3,1.0
CC3(C)SC2C(NC(=O)C(N)c1ccccc1)C(=O)N2C3C(=O)OC4OC(=O)c5ccccc45,0.0
CC3(C)[S][C@@]1([H])N(C(=O)[C@@]1([H])NC(=O)CO/C2=C/C=CC=C2)[C@@]3([H])C(O)=O,0.0
CC3(C)CC(=O)N(CCCCN1CCN(CC1)c2ncccn2)C(=O)C3,1.0
CC3(C)[S][C@@]1([H])N(C(=O)[C@@]1([H])NC(=O)C[S]/C2=C/C=CC=C2)[C@@]3([H])C(O)=O,0.0
CC3(C)[S][C@@]1([H])N(C(=O)[C@@]1([H])NC(=O)C/C2=C/C=CC=C2)[C@@]3([H])C(O)=O,0.0
CC3(C)[S][C@@]1([H])N(C(=O)[C@@]1([H])NC(=O)[C@@]2(N)CCCCC2)[C@@]3([H])C(O)=O,0.0
CC3(C)[S][C@@]1([H])N(C(=O)[C@@]1([H])NC(=O)[C@@](N)([H])C2=CCC=CC2)[C@@]3([H])C(O)=O,0.0
CC3(C)SC2C(NC(=O)C(N)c1ccccc1)C(=O)N2C3C(=O)OCOC(=O)C5N4C(CC4=O)S(=O)(=O)C5(C)C,0.0
CC3(C)[S][C@@]1([H])N(C(=O)[C@@]1([H])NC(=O)[C@@](N)([H])C2=CC=CC=C2)[C@@]3([H])C(O)=O,0.0
CC3(C)[S][C@@]1([H])N(C(=O)[C@@]1([H])NC(=O)[C@@](N)([H])C2=C/C=C(/O)C=C2)[C@@]3([H])C(O)=O,0.0
CC3(C)[S][C@@]1([H])N(C(=O)[C@@]1([H])NC(=O)[C@@]([H])(N=C)C2=CC=CC=C2)[C@@]3([H])C(O)=O,0.0
CC3(C)[S][C@@]1([H])N(C(=O)[C@@]1([H])NC(=O)[C@@]([H])(N[S](O)(=O)=O)C2=CC=CC=C2)[C@@]3([H])C(O)=O,0.0
CC3(C)[S][C@@]1([H])N(C(=O)[C@@]1([H])N=CN2CCCCCC2)[C@@]3([H])C(O)=O,0.0
CC3(C)[S][C@@]1([H])N(C(=O)[C@@]1([H])NC(=O)[C@@]([H])(C(O)=O)C2=CC=CC=C2)[C@@]3([H])C(O)=O,0.0
CC3(C)[S][C@@]1([H])N(C(=O)[C@@]1([H])NC(=O)[C@@]([H])(C(O)=O)C=2C=C[S]C=2)[C@@]3([H])C(O)=O,0.0
CC2Oc1ccccc1CC2N(C)C,1.0
CC3(C)[S][C@@]1([H])N(C(=O)[C@@]1([H])NC(=O)[C@@](N)([H])C2=CC=CC=C2)[C@@]3([H])C(=O)O[C@@]4([H])OC(=O)C5=CC=CC=C45,0.0
Cc2ncc(CSSCc1cnc(C)c(O)c1CO)c(CO)c2O,1.0
Cc2nn(C)c3NCCN=C(c1cccc(Cl)c1)c23,1.0
Cc2onc(c1ccccc1Cl)c2C(=O)NC4C3SC(C)(C)C(N3C4=O)C(O)=O,0.0
Cc2onc(c1ccccc1)c2C(=O)NC4C3SC(C)(C)C(N3C4=O)C(O)=O,0.0
Cc2nc1ccccc1c(=O)n2c3ccccc3Cl,
Cc2cn(C1OC(CO)C=C1)c(=O)[nH]c2=O,
Cc2nc1SCCn1c(=O)c2CCN3CCC(CC3)C(=O)c4ccc(F)cc4,
Cc2cccc(Cc1c[nH]cn1)c2C,1.0
Cc2cccc(OC1CCNCC1O)c2C,1.0
CC2CCN(CCCC(=O)c1ccc(F)cc1)CC2,1.0
CC3(C)[S][C@@]1([H])N(C(=O)[C@@]1([H])NC(=O)[C@@](N)([H])C2=CC=CC=C2)[C@@]3([H])C(=O)OCOC(=O)[C@@]5([H])N4C(=O)C[C@@]4([H])[S](=O)(=O)C5(C)C,0.0
CC2COc3c(N1CCN(C)CC1)c(F)cc4c(=O)c(cn2c34)C(O)=O,
Cc2cc(=O)n(c1ccccc1)n2C,
Cc2cc(C)cc(OCC1CNC(=O)O1)c2,1.0
Cc2cc(NC(=O)c1c(C)cccc1C)no2,1.0
Cc2nc1c(C)cccn1c(=O)c2CCN3CCC(CC3)c4noc5cc(F)ccc45,
Cc2nc1CCCCn1c(=O)c2CCN3CCC(CC3)c4noc5cc(F)ccc45,
CC2C3Cc1ccc(O)cc1C2(C)CCN3C,1.0
CC2C3Cc1ccc(O)cc1C2(C)CCN3CC=C(C)C,1.0
CC2C3Cc1ccc(O)cc1C2(C)CCN3CC4CC4,1.0
Cc2c1C(=NCC(=O)Nc1cn2C)c3ccccc3,1.0
CC2C3Cc1ccc(O)cc1C2(C)CCN3CCc4ccccc4,0.0
CC2c1ccccc1C(CCCN(C)C)c3cc(ccc23)C(F)(F)F,0.0
CC2(C)SC1C(NC(=O)CSCC=C)C(=O)N1C2C(O)=O,0.0
CC2C(NC(=O)C(=NOC(C)(C)C(O)=O)c1csc(N)n1)C(=O)N2S(O)(=O)=O,1.0
CC2(CC(=O)N(CN1CCOCC1)C2=O)c3ccccc3,1.0
CC2(C)SC1C(NC(=O)CCCC(N)C(O)=O)C(=O)N1C2C(O)=O,0.0
CC2C1CC(OC(C)=O)C=CC(=CCC(O)C=CC(=CC(NC(=O)C(C)=O)C(C)(C(=O)O1)C2=O)C)C,0.0
CC2(C)C(NCC(=NOCC(O)=O)c1csc(N)n1)C(=O)N2OS(O)(=O)=O,1.0
CC2(C)[S][C@@]1([H])N(C(=O)[C@@]1([H])NC(=O)CCC[C@@](N)([H])C(O)=O)[C@@]2([H])C(O)=O,0.0
CC1OC1P(O)(O)=O,1.0
Cc1onc(c1)NS(=O)(=O)c1ccc(cc1)N,1.0
CC2(C)[S][C@@]1([H])N(C(=O)[C@@]1([H])NC(=O)C[S]CC=C)[C@@]2([H])C(O)=O,0.0
CC1OC(C)OC(C)O1,1.0
Cc1oc(=O)oc1COC(=O)C2N4C(SC2(C)C)C(NC(=O)C(N)c3ccccc3)C4=O,
Cc1onc(c1C(=O)NC3C2SC(C)(C)C(N2C3=O)C(O)=O)c4c(F)cccc4Cl,0.0
Cc1onc(c1C(=O)NC3C2SC(C)(C)C(N2C3=O)C(O)=O)c4c(Cl)cccc4Cl,0.0
CC1OC(=O)N(CC=C)C1=O,1.0
Cc1ncsc1CCCl,1.0
CC1NCCOC1c2ccccc2,1.0
Cc1nccnc1N2CCCCC2,1.0
Cc1ncc(N(=O)=O)n1CCO,1.0
Cc1ncc(N(=O)=O)n1CC(O)CCl,1.0
CC1NC(=O)COC1c2ccccc2,1.0
CC1OC(CC(N)C1O)OC4CC(O)(Cc5c(O)c3C(=O)c2ccccc2C(=O)c3c(O)c45)C(C)=O,0.0
CC1COC2(N1CC(=O)Nc3ccc(Cl)cc23)c4ccccc4Cl,0.0
CC1OC(CC(N)C1O)OC4CC(O)(Cc5c(O)c3C(=O)c2ccccc2C(=O)c3c(O)c45)C(=O)CO,0.0
CC1OC(CC(N)C1O)OC4CC(O)(Cc5c(O)c3C(=O)c2cccc(O)c2C(=O)c3c(O)c45)C(C)=O,0.0
Cc1cnn(c1C(=O)NC3C2SC(C)(C)C(N2C3=O)C(O)=O)c4c(Cl)cccc4Cl,0.0
CC1CN(CC(C)N1)c4c(F)c(N)c3c(=O)c(cn(C2CC2)c3c4F)C(O)=O,
Cc1ccccc1OCC(COC(O)C(Cl)(Cl)Cl)OC(O)C(Cl)(Cl)Cl,0.0
CC1CN(C)CC2Cc3c(OC12O)ccc4ccccc34,0.0
Cc1ccsc1C(=CCCN2CCCC(C2)C(O)=O)c3sccc3C,1.0
Cc1ccccc1C,1.0
Cc1ccccc1n3c(C)nc2ccccc2c3=O,
CC1CCCC1,1.0
Cc1ccccc1,1.0
Cc1ccccc1n4c(C=Cc2ccccn2)nc3ccccc3c4=O,
Cc1ccccc1N3CCN(CCCOc2ccccn2)CC3,1.0
Cc1cccc(c1)N2CC(CO)OC2=O,1.0
Cc1cccc(C)c1NC2=NCCCS2,1.0
CC1CCCCC1(N1CCCCC1)c1sccc1,1.0
Cc1cccc(C)c1,1.0
Cc1cccc(C)c1NC(=O)CN2CCCC2=O,1.0
Cc1cccc(c1)N2CCN(CC2)CCc3cc(C)[nH]n3,1.0
Cc1cccc(C)c1NC(=O)c2ccc(N)cc2,1.0
Cc1ccc(C)cc1,1.0
Cc1ccc(cc1)C(=O)c2cc(O)c(O)c(c2)N(=O)=O,0.0
Cc1ccc(c(c1)N1CCNCC1)Cc1ccccc1,1.0
Cc1ccc(cc1)C3(O)CCN(CCCC(=O)c2ccc(F)cc2)CC3,1.0
CC2OC(=O)CC(O)CC(O)CC(O)CCC(O)C(O)CC3(O)CC(O)C(C(CC(OC1OC(C)C(O)C(N)C1O)C=CC=CC=CC=CC=CC=CC=CC(C)C(O)C2C)O3)C(O)=O,0.0
Cc1ccc(cc1)S(=O)(=O)CCN3C(=O)CN=C(c2ccccc2Cl)c4cc(Cl)ccc34,0.0
Cc1cc2c(n3c4[C@H](NCC3)CCCc24)cc1,1.0
Cc1cc(no1)C(=O)NNCc2ccccc2,1.0
CC1CC(CC(C)(C)C1)OC(=O)C2CCC(=O)N2,0.0
Cc1cc(nnc1NCCN2CCOCC2)c3ccccc3,1.0
Cc1cc(C)c(=O)[nH]n1,
Cc1cc(nnc1NCCN1CCOCC1)c1ccc(cc1)O,1.0
Cc1cc(Br)cc(C(N)=O)c1O,0.0
Cc1cc(=O)oc2cc(O)ccc12,
CC1C(O1)P(=O)(O)O,1.0
CC1C(OCCN1C)c2ccccc2,1.0
CC1CC2C3CC(F)(F)C4=CC(=O)C=C[C@]4(C)C3(F)C(O)CC2(C)C1(O)C(=O)CO,0.0
CC1CC2C3CC(C4=CC(=O)C=CC4(C3(C(CC2(C1(C(=O)CO)O)C)O)F)C)(F)F,0.0
CC1C3N(CCC1(C)c2cc(O)ccc2C3=O)CC4CC4,0.0
CC1C(C(=O)N1OCC(=O)O)NC(=O)C(=NOC)C2=CSC(=N2)N,0.0
Cc1c(O)cccc1C(=O)NC(CSc2ccccc2)C(O)CN4CC3CCCCC3CC4C(=O)NC(C)(C)C,1.0
Cc1cc(O)c(cn1)C(=O)NC(C(=O)NC3C2SCC(=C(N2C3=O)C(O)=O)CSc4nnnn4C)c5ccc(O)cc5,0.0
CC1C(C(CC(O1)OC2CC(CC3=C2C(=C4C(=C3O)C(=O)C5=C(C4=O)C(=CC=C5)O)O)(C(=O)C)O)[NH3+])O,0.0
CC1C(O)CCC2(C)C1CCC3(C)C2C(O)CC4C(C(CC34C)OC(C)=O)=C(CCC=C(C)C)C(O)=O,0.0
CC13NC(Cc2ccccc12)c4ccccc34,0.0
CC13CCCCCC(Cc2ccc(O)cc12)C3N,1.0
CC14CCC(=O)C=C1CCC5C3CCC(O)(C(=O)COC(=O)CCC2CCCC2)C3(C)CC(O)C45,0.0
CC14CCC(=O)C=C1CCC5C2CCC(C(=O)CO)C23CC(OC3O)C45,0.0
CC13CCC(O)CC1CCC4C2CCC(C(=O)CO)C2(C)CC(=O)C34,0.0
CC13CCC(=O)C=C1CCC4C2CCC(O)(C(=O)CS)C2(C)CC(O)C34,0.0
CC13CC2CC(C)(C1)CC(N)(C2)C3,1.0
CC13CCC(=O)C=C1CCC4C2CCC(O)(C(=O)CO)C2(C)CC(O)C34,0.0
CC13CCC(=O)C=C1CCC4C2CCC(O)(C(=O)COC(=O)CCC(O)=O)C2(C)CC(O)C34,0.0
CC13CCC(=O)C=C1CCC4C2CCC(O)(C(=O)CO)C2(C)CC(=O)C34,0.0
CC13CCC(=O)C=C1C=CC4C2CC(=C)C(O)(C(=O)CO)C2(C)CC(O)C34,0.0
CC13C=CC(=O)C=C1CCC4C2CCC(O)(C(=O)CO)C2(C)CC(=O)C34,0.0
CC13C=CC(=O)C1C(=O)CCC4C2CCC(O)(C(=O)CO)C2(C)CC(O)C34,0.0
CC13C=CC(=O)C=C1CCC4C2CCC(O)(C(=O)CO)C2(C)CC(O)C34,0.0
CC1C(=O)NC(C(=O)OC(C(=O)NC(C(=O)OC(C(=O)NC(C(=O)OC(C(=O)NC(C(=O)OC(C(=O)NC(C(=O)OC(C(=O)NC(C(=O)O1)C(C)C)C(C)C)C(C)C)C)C(C)C)C(C)C)C(C)C)C)C(C)C)C(C)C)C(C)C,1.0
CC13C=CC(=O)C=C1CCC4C2CC(=C)C(O)(C(=O)CO)C2(C)CC(O)C34,0.0
CC13C=CC(=O)C=C1C(F)CC4C2CCC(O)(C(=O)CO)C2(C)CC(O)C34,0.0
CC12CC(N)C1CN(C2)c4nc3n(cc(C(O)=O)c(=O)c3cc4F)C5CC5,
CC12CCC(=O)C=C1CCC3C2CCC4(C)C3CCC4(O)C(=O)CO,0.0
CC1=NN(C(=O)C1)c2ccccc2,1.0
CC13C=CC(=O)C=C1C(=CC4C2CCC(O)(C(=O)CO)C2(C)CC(O)C34)Cl,0.0
CC13C=CC(=O)C=C1C(Cl)CC4C2CCC(O)(C(=O)CO)C2(C)CC(=O)C34,0.0
CC12CC(O)C3(F)C(CC(F)C4=CC(=O)C=CC43C)C2CC(O)C1(O)C(=O)CO,0.0
CC1=C(N3C(SC1)C(NC(=O)C(N)c2cccc(NS(C)(=O)=O)c2)C3=O)C(O)=O,0.0
CC1=C(N3C(SC1)C(NC(=O)C(N)c2ccccc2)C3=O)C(=O)OCC(=O)OC(C)(C)C,0.0
CC1=C(N4C(SC1)C(NC(=O)Cc2ccc(cc2)C3=NCCCN3)C4=O)C(O)=O,0.0
CC1=C(N3C(SC1)C(NC(=O)C(N)c2ccc(O)cc2)C3=O)C(O)=O,0.0
CC1=C(N3C(SC1)C(NC(=O)C(N)c2ccc(O)c(Cl)c2)C3=O)C(O)=O,0.0
CC1=NC(=CC=C1)C=NN2CCN(CC2)C(C3=CC=CC=C3)C4=CC=CC=C4,1.0
CC1=C(N3C(SC1)C(NC(=O)C(N)C2=CCC=CC2)C3=O)C(O)=O,0.0
CC1(C)OC(=O)Nc2ccc(Br)cc12,0.0
CC1(C)OC(=O)NC1=O,1.0
CC1(C)C2CCC1(C)C(=O)C2,1.0
CC1(C)NC(=O)C(O1)C=Cc2ccccc2,1.0
CC1OC(=O)C(NC(=O)C2CC(=O)CCN2C(=O)C(Cc2ccc(cc2)N(C)C)N(C)C(=O)C2CCCN2C(=O)C(C)NC(=O)C1NC(=O)c1ncccc1O)c1ccccc1,0.0
CC1(C(C(=O)N1OS(=O)(=O)O)NC(=O)C(=NOCC(=O)O)C2=CSC(=N2)N)C,1.0
CC=CC1=C(N3C(SC1)C(NC(=O)C(N)c2ccc(O)cc2)C3=O)C(O)=O,0.0
CC=CC1=C(N2C(C(C2=O)NC(=O)C(C3=CC=C(C=C3)O)N)SC1)C(=O)O,0.0
CC1(CCC2C3CC4=C5C2(C1OC5=C(C=C4)O)CCN3C)O,1.0
CC=2O/N=C(/C1=C/C=CC=C1)C=2C(=O)N[C@@]3([H])C(=O)N4[C@@]3([H])[S]C(C)(C)[C@@]4([H])C(O)=O,0.0
CC=2O/N=C(/C1=C/C=C/C=C1/[Cl])C=2C(=O)N[C@@]3([H])C(=O)N4[C@@]3([H])[S]C(C)(C)[C@@]4([H])C(O)=O,0.0
CC12CC(C3(C(C1CC4C2(CC5=CC=CC=C5C4)C(=O)CO)CCC6=CC(=O)C=CC63C)F)O,0.0
CC=1C=CC=C4C=1OC2=CC=CC=C2[C@@]3(O)CCNC[C@@]34[H],1.0
CC=1C=C[S]C=1/C(=C/CCN2CCC[C@@]([H])(C2)C(O)=O)C=3[S]C=CC=3C,1.0
CC=1ON=C(C=1C(=O)N[C@@]2([H])C(=O)N3[C@@]2([H])[S]C(C)(C)[C@@]3([H])C(O)=O)C4=C([Cl])C=C/C=C4/[Cl],0.0
CC=1OC(=O)OC=1COC(=O)[C@@]4([H])N3C(=O)[C@@]([H])(NC(=O)[C@@](N)([H])C2=CC=CC=C2)[C@@]3([H])[S]C4(C)C,0.0
CC=1C[S][C@@]2([H])N(C=1C(O)=O)C(=O)[C@@]2([H])NC(=O)[C@@](N)([H])C3=CCC=CC3,0.0
CC=1C[S][C@@]2([H])N(C=1C(O)=O)C(=O)[C@@]2([H])NC(=O)[C@@](N)([H])C3=C/C=C(/O)C=C3,0.0
CC=1C[S][C@@]2([H])N(C=1C(O)=O)C(=O)[C@@]2([H])NC(=O)C/C3=C/C=C(C=C3)C4=NCCCN4,0.0
CC=1C(C)=CC(=NC=1C)C(C)(C)[S]C(C)(C)CNC=2NC=CC=2N(=O)=O,0.0
CC=1C[S][C@@]2([H])N(C=1C(O)=O)C(=O)[C@@]2([H])NC(=O)[C@@](N)([H])C3=CC=CC(N[S](C)(=O)=O)=C3,0.0
CC=1C[S][C@@]2([H])N(C=1C(=O)OCC(=O)OC(C)(C)C)C(=O)[C@@]2([H])NC(=O)[C@@](N)([H])C3=CC=CC=C3,0.0
CC[S][C@@]3(CC[C@@]4([H])[C@@]2([H])CCC1=CC(=O)C=C[C@@]1(C)[C@@]2([F])[C@@](O)([H])C[C@@]34C)[S]C,0.0
CC=CC1OC34CCC(O1)(C(=O)COC(=O)c2ccncc2)C3(C)CC(O)C5C4CCC6=CC(=O)CCC56C,0.0
CC[C@@]4([H])CC(=O)[C@@]1([H])O/C2=C(/OC)C=CC=3C[C@@]5([H])N(CC[C@@]1(C2=3)[C@@]45[H])C[C@@]6([H])CC6,1.0
CC[C@@]3([H])OC(=O)[C@@](C)([H])[C@@]([H])(O[C@@]1([H])C[C@@](C)(OC)[C@@](O)([H])[C@@](C)([H])O1)[C@@](C)([H])[C@@]([H])(O[C@@]2([H])O[C@@](C)([H])C[C@@]([H])(N(C)C)[C@@]2(O)[H])[C@@](C)(O)C[C@@](C)([H])CN(C)[C@@](C)([H])[C@@](O)([H])[C@@]3(C)O,0.0
CC[C@@]3([H])OC(=O)[C@@](C)([H])[C@@]([H])(O[C@@]1([H])C[C@@](C)(OC)[C@@](O)([H])[C@@](C)([H])O1)[C@@](C)([H])[C@@]([H])(O[C@@]2([H])O[C@@](C)([H])C[C@@]([H])(N(C)C)[C@@]2(O)[H])[C@@](C)(O)C[C@@](C)([H])C(=O)[C@@](C)([H])[C@@](O)([H])[C@@]3(C)O,0.0
CC[C@@]3([H])OC(=O)[C@@](C)([H])[C@@]([H])(O[C@@]1([H])C[C@@](C)(OC)[C@@](O)([H])[C@@](C)([H])O1)[C@@](C)([H])[C@@]([H])(O[C@@]2([H])O[C@@](C)([H])C[C@@]([H])(N(C)C)[C@@]2(O)[H])[C@@](C)(O)C[C@@](C)([H])C(=O)[C@@](C)([H])[C@@](O)([H])[C@@]3(C)[H],0.0
CC[C@@]3([H])OC(=O)[C@@](C)([H])[C@@]([H])(O[C@@]1([H])C[C@@](C)(OC)[C@@](O)([H])[C@@](C)([H])O1)[C@@](C)([H])[C@@]([H])(O[C@@]2([H])O[C@@](C)([H])C[C@@]([H])(N(C)C)[C@@]2(O)[H])[C@@](C)(O)C[C@@](C)([F])C(=O)[C@@](C)([H])[C@@](O)([H])[C@@]3(C)O,0.0
CC[C@@]3([H])OC(=O)[C@@](C)([H])[C@@]([H])(O[C@@]1([H])C[C@@](C)(OC)[C@@](O)([H])[C@@](C)([H])O1)[C@@](C)([H])[C@@]([H])(O[C@@]2([H])O[C@@](C)([H])C[C@@]([H])(N(C)C)[C@@]2(O)[H])[C@@](C)(C[C@@](C)([H])C(=O)[C@@](C)([H])[C@@](O)([H])[C@@]3(C)O)OC,0.0
CC[C@@]5([H])NC(=O)[C@@]([H])(NC(=O)C1=NC=C/C=C1/O)[C@@](C)([H])OC(=O)[C@@]([H])(NC(=O)[C@@]2([H])CC(=O)CCN2C(=O)[C@@]([H])(C/C3=C/C=CC=C3)N(C)C(=O)[C@@]4([H])CCCN4C5=O)C6=CC=CC=C6,0.0
CC[C@@]3([H])CN2CCC1=CC(OC)=C(OC)C=C1[C@@]2([H])C[C@@]3([H])C[C@@]4([H])NCCC5=CC(OC)=C(OC)C=C45,1.0
CC[C@@]1(OC[C@@]([H])(O1)[C@@]2([H])CCCCN2)C3=CC=CC=C3,1.0
CC[C@@]3([H])OC(=O)[C@@](C)([H])[C@@]([H])(O[C@@]1([H])C[C@@](C)(OC)[C@@](O)([H])[C@@](C)([H])O1)[C@@](C)([H])[C@@]([H])(O[C@@]2([H])O[C@@](C)([H])C[C@@]([H])(N(C)C)[C@@]2([H])OC(=O)CC)[C@@](C)(O)C[C@@](C)([H])C(=O)[C@@](C)([H])[C@@](O)([H])[C@@]3(C)O,0.0
CC[C@@](O)(C=C[Cl])C#C,0.0
CC[C@@]1([H])CN(C)CC[C@@]1(OC(=O)CC)C2=CC=CC=C2,1.0
CC[C@@](C)(O)C#C,1.0
CC[C@@]7(O)C[C@@]([H])(O[C@@]3([H])C[C@@]([H])(N(C)C)[C@@]([H])(O[C@@]2([H])C[C@@](O)([H])[C@@]([H])(O[C@@]1([H])CCC(=O)[C@@](C)([H])O1)[C@@](C)([H])O2)[C@@](C)([H])O3)C6=C(O)C=5C(=O)C4=C(O)C=CC=C4C(=O)C=5C=C6[C@@]7([H])C(=O)OC,1.0
CC[C@@]5([H])NC(=O)[C@@]([H])(NC(=O)C1=NC=C/C=C1/O)[C@@](C)([H])OC(=O)[C@@]([H])(NC(=O)[C@@]2([H])CC(=O)CCN2C(=O)[C@@]([H])(C/C3=C/C=C(C=C3)N(C)C)N(C)C(=O)[C@@]4([H])CCCN4C5=O)C6=CC=CC=C6,0.0
CC[C@@](O)([H])C(C[C@@](C)([H])N(C)C)(C1=CC=CC=C1)C2=CC=CC=C2,1.0
CC[C@@](C)([H])C(=O)O[C@@]1([H])C[C@@](O)([H])C=C2C=C[C@@](C)([H])[C@@]([H])(CC[C@@](O)([H])C[C@@](O)([H])CC(O)=O)[C@@]12[H],0.0
CC[C@@](C)([H])C(=O)O[C@@]2([H])CCC=C3C=C[C@@](C)([H])[C@@]([H])(CC[C@@]1([H])C[C@@](O)([H])CC(=O)O1)[C@@]23[H],0.0
CC[C@@]([H])(O/C1=C/C=CC=C1)C(=O)N[C@@]2([H])C(=O)N3[C@@]2([H])[S]C(C)(C)[C@@]3([H])C(O)=O,0.0
CC[C@@]([H])(NC(=O)C2=C1C=CC=CC1=N/C(=C2/OCCCN(C)C)C3=CC=CC=C3)C4=CC=CC=C4,0.0
CC[C@@]([H])(NC(=O)C2=C1C=CC=CC1=N/C(=C2/OCCCC(O)=O)C3=CC=CC=C3)C4=CC=CC=C4,0.0
CC[C@@]([H])(NC(=O)C2=C1C=CC=CC1=N/C(=C2/OCC(O)=O)C3=CC=CC=C3)C4=CC=CC=C4,0.0
CC[C@@]5([H])NC(=O)[C@@]1([H])CCCN1C(=O)[C@@]([H])(C/C2=C/C=CC=C2)NC(=O)[C@@]([H])(CC(C)(C)[H])NC(=O)[C@@]([H])(CCCN)NC(=O)[C@@]([H])(NC(=O)[C@@]3([H])CCCN3C(=O)[C@@]([H])(C/C4=C/C=CC=C4)NC(=O)[C@@]([H])(CC(C)(C)[H])NC(=O)[C@@]([H])(CCCN)NC5=O)C(C)(C)[H],0.0
CC[C@@]([H])(N(CC)C(=O)C=CC)C(=O)N(C)C,1.0
CC[C@@]([H])(CO)NCCN[C@@]([H])(CC)CO,1.0
CC/C2=C(/C)NC=3C[C@@]1([H])CCN(C)C[C@@]1([H])C(=O)C2=3,1.0
CC[C@@]([H])(NC(=O)C=1C(O)=C(N=C2C=CC=CC=12)C3=CC=CC=C3)C4=CC=CC=C4,0.0
CC[C@@]([H])(NC(=O)C2=C1C=CC=CC1=N/C(=C2/CN3C=NC=C3)C4=CC=CC=C4)C5=CC=CC=C5,0.0
CC/C=C(/C)C1(CC)C(=O)NC(=O)NC1=O,0.0
CC1OC(CC(O)C1O)OC2C(O)CC(OC2C)OC8C(O)CC(OC7CCC3(C)C(CCC4C3CC(O)C5(C)C(CCC45O)C6=CC(=O)OC6)C7)OC8C,1.0
CC(Oc1cccc2ccccc12)C(N)=NO,1.0
CC(Oc1ccccc1)C(=O)NC3C2SC(C)(C)C(N2C3=O)C(O)=O,0.0
CC/C(=C(/C1=C/C=CC=C1)C2=C/C=C(/OCCN(C)C)C=C2)C3=CC=CC=C3,1.0
CC/C=C(/C(=O)N[C@@]1([H])C(=O)N2C(=C(C[S][C@@]12[H])COC(N)=O)C(O)=O)C3=C[S]C(N)=N3,0.0
CC(OC(N)=O)C(C)C(C)OC(N)=O,1.0
CC(O)Cn1cnc2n(C)c(=O)n(C)c(=O)c12,
CC(O)CC1(CC=C)C(=O)NC(=O)NC1=O,0.0
CC(O)C2C1SC(=C(N1C2=O)C(O)=O)F,0.0
CC(O)C2C1CC(=C(N1C2=O)C(O)=O)SCCNC=N,0.0
CC(O)C2C1SC(=C(N1C2=O)C(O)=O)C3CCCO3,1.0
CC(NNC(=O)c1ccccc1)c2ccccc2,1.0
CC(O)C1C2SC(=C(N2C1=O)C(O)=O)COC(N)=O,1.0
CC(NN)c1ccccc1,1.0
CC(O)C2C1C(C)C(=C(N1C2=O)C(O)=O)SC3CNC(C3)C(=O)N(C)C,0.0
CC[C@@]([H])(NC(=O)C=2C1=CC=CC=C1N=C(C=2OCCNC(=O)CC=3C=CC=CC=3C(=O)O)C4=CC=CC=C4)C5=CC=CC=C5,0.0
CC(N)COc1c(C)cccc1C,1.0
CC(NC(C)(C)C)C(=O)c1cccc(Cl)c1,1.0
CC(N)Cc1ccccc1,1.0
CC(N)Cc1ccc(O)cc1,0.0
CC(NCCn1cnc2n(C)c(=O)n(C)c(=O)c12)C(O)c3ccccc3,
CC(N)Cc1ccc(cc1C)N(C)C,1.0
CC(N)C(O)c1cccc(O)c1,1.0
CC(N)C(=O)c1ccccc1,1.0
CC(N)C(=O)OC(C)(C)Cc1ccc(Cl)cc1,1.0
CC(OC(C)=O)C(=O)C3(O)CCC4C2CCC1=CC(=O)C=CC1(C)C2(F)C(O)CC34C,0.0
CC(N(Cc1cnc(C)nc1N)C=O)=C2CCOC(=O)S2,1.0
CC(N(Cc1cnc(C)nc1N)C=O)=C(CCOP(O)(O)=O)SC(=O)c2ccccc2,0.0
CC(N(Cc1cnc(C)nc1N)C=O)=C(CCO)SSCC2CCCO2,1.0
CC(N(C)C)C(=O)c1ccccc1,1.0
CC(COc1ccccc1)NN,1.0
CC(N(C/C1=C/N=C(/C)N=C1N)C=O)=C(CCO)[S][S]C[C@@]2([H])CCCO2,1.0
CC[C@@]1([H])NC(=O)[C@@]([H])(N(C)C(=O)[C@@]([H])(N(C)C(=O)[C@@]([H])(CC(C)(C)[H])N(C)C(=O)[C@@]([H])(CC(C)(C)[H])N(C)C(=O)[C@@](C)([H])NC(=O)[C@@](C)([H])NC(=O)[C@@]([H])(CC(C)(C)[H])N(C)C(=O)[C@@]([H])(NC(=O)[C@@]([H])(CC(C)(C)[H])N(C)C(=O)CN(C)C1=O)C(C)(C)[H])C(C)(C)[H])[C@@](O)([H])[C@@](C)([H])C/C=C/C,0.0
CC(N(Cc1cnc(C)nc1N)C=O)=C(CCOC(=O)c2ccccc2)SC(=O)c3ccccc3,0.0
CC(CN2c1ccccc1Sc3ccccc23)N(C)C,1.0
CC(CN2C(=O)c1cccnc1Nc3ccccc23)N(C)C,1.0
CC(CN2c1ccccc1Sc3ccc(cc23)C(C)=O)N(C)C,1.0
CC(N)C(=O)OC(C(=O)NC2C1SCC(=C(N1C2=O)C(=O)OCc3oc(=O)oc3C)CSc4nnc(C)s4)c5ccccc5,
CC(CN1CC(=O)NC(=O)C1)N2CC(=O)NC(=O)C2,1.0
CC(CN(C)C)OC(C)(c1ccccc1)c2ccc(Cl)cc2,1.0
CC(CN(C)C)CN2c1ccccc1Sc3ccccc23,1.0
CC(CN(C)C)CN2c1ccccc1Sc3ccc(cc23)C(F)(F)F,0.0
CC(Cl)(Cl)Cl,
CC(CN(C)C)CN2c1ccccc1CCc3ccccc23,1.0
CC(CN(C)C)CN2c1ccccc1S(=O)(=O)c3ccccc23,1.0
CC(CCC)C,1.0
CC(Cc1ccccc1)NN,1.0
CC(Cc1ccccc1)NCCn2cnc3n(C)c(=O)n(C)c(=O)c23,
CC(CCN1CCN(CC1)c2ccc(F)cc2)NC(=O)c3cccnc3,1.0
CC(CC2c1ccccc1CCc3ccccc23)CN(C)C,1.0
CC(CN1CCOCC1)C(C(=O)N2CCCC2)(c3ccccc3)c4ccccc4,1.0
CC(Cc1ccccc1)N(C)Cc2ccco2,1.0
CC(Cc1ccccc1)N(C)CC#C,1.0
CC[C@@]([H])(NC(=O)[C@@]1([H])CCCN1C(=O)[C@@]([H])(C/C2=C/C=CC=C2)NC(=O)[C@@]([H])(CC(C)(C)[H])NC(=O)[C@@]([H])(CCCN)NC(=O)[C@@]([H])(CC)NC(=O)[C@@]3([H])CCCN3C(=O)[C@@]([H])(C/C4=C/C=CC=C4)NC(=O)[C@@](N)([H])CC(C)(C)[H])C(=O)N[C@@]([H])(CCCN)C=O,1.0
CC(Cc1ccccc1)N(C)Cc1ccccc1,1.0
CC(CC(C)(C)O)OC(O)C(Cl)(Cl)Cl,0.0
CC(Cc1ccccc1)N(C)(=O)Cc2ccccc2,
CC(Cc1ccc(O)c(O)c1)(NN)C(O)=O,0.0
CC(Cc1ccccc1)(NC(=O)CN)c2ccccc2,1.0
CC(c1ccccc1)n2ccnc2C,1.0
CC(Cc1ccccc1)NCCC3c2ccccc2Sc4ccccc34,1.0
CC(C)O,
CC(c1noc2ccc(Cl)cc12)n3ccnc3,1.0
CC(C)NNC(=O)COc1ccc(Cl)cc1,1.0
CC(C)OCC(COC(C)C)OCn1cnc2cnc(N)nc12,1.0
CC(C)NS(=O)(=O)CCN2C(=O)c1ccccc1C2=O,1.0
CC(C)NNC(=O)c1ccncc1,1.0
CC(C)NCC(O)COc1cccc2ccccc12,1.0
CC(C)NCC(O)COc1ccc(CC(N)=O)cc1,1.0
CC(C)NCC(O)COc1cccc2[nH]ccc12,1.0
CC(C)NCC(O)c1ccc(NS(C)(=O)=O)cc1,1.0
CC(C1CCC(C(O1)OC2C(CC(C(C2O)OC3C(C(C(CO3)(C)O)NC)O)N)N)N)NC,0.0
CC(C)NC2C1CCC(CC1)C2(O)c3ccc(Cl)c(Cl)c3,1.0
CC(C)NC(=O)OC2CCN(CCCC(=O)c1ccc(F)cc1)CC2,1.0
CC(C)Oc1ccccc1N2CCN(CC2)Cc3cccc(c3)C(=O)N4CCCCC4,1.0
CC(C)N1CCOC(C1)c2cccc(c2)C(F)(F)F,0.0
CC(N(Cc1cnc(C)nc1N)C=O)=C(CCOC(=O)c2ccccc2)SSC(CCOC(=O)c3ccccc3)=C(C)N(Cc4cnc(C)nc4N)C=O,1.0
CC(C)Nc1cccnc1N2CCN(CC2)C(=O)c4cc3cc(NS(C)(=O)=O)ccc3[nH]4,0.0
CC(CNC(=O)c1ccccc1)C(=O)OCC(=O)C25OC(C)(C)OC2CC6C4CCC3=CC(=O)C=CC3(C)C4(F)C(O)CC56C,0.0
CC(C)n2c(C=CC(O)CC(O)CC(O)=O)c(c1ccc(F)cc1)c3ccccc23,0.0
CC(C)n2c(=O)c1c(ncn1c3ccccc23)c4noc(n4)C5CC5,
CC(C)N(CCNC(=O)CN1CCCC1=O)C(C)C,1.0
CC(C)CCOC(CN1CCCC1)c2ccccc2,1.0
CC(C)CCNCC2COc1ccccc1O2,1.0
CC(C)COCC(CN(Cc1ccccc1)c2ccccc2)N3CCCC3,1.0
CC(C)n3cc4CC1C(CC(CN1C)C(=O)NC2CCCCC2)c5cccc3c45,1.0
CC(C)CCCC(C)CCCC(C)CCCC2(C)CCc1c(C)c(O)c(C)c(C)c1O2,1.0
CC(C)N=c4cc3n(c1ccc(Cl)cc1)c2ccccc2nc3cc4Nc5ccc(Cl)cc5,
CC(C)CC1NC(=S)N(CC=C)C1=O,1.0
CC(C)Cc1ccc(cc1)C(C)C(O)=O,1.0
CC(C)CC1(CC=C)C(=O)NC(=O)NC1=O,1.0
CC(C)CCC(=O)CC1N(C(=O)c2ccccc12)c4ccc3ccc(Cl)nc3n4,0.0
CC(C)CC(N(C)C)C1(CCC1)c2ccc(Cl)cc2,1.0
CC(C)CC(CN)CC(O)=O,1.0
CC(C)CC(OC(=O)c1ccco1)C(=O)NC3C2SC(C)(C)C(N2C3=O)C(O)=O,0.0
CC(C)CCCC(C)C3CCC4C2CC(Br)C1(Br)CC(CCC1(C)C2CCC34C)OC(C)=O,0.0
CC(C)CCCC(C)C1CCC2C1(CCC3C2CC(C4(C3(CCC(C4)OC(=O)C)C)Br)Br)C,0.0
CC(C)CC(=O)OC2OC=C(COC(C)=O)C3=CC(OC(=O)CC(C)C)C1(CO1)C23,1.0
CC(C)CC(=O)OCC1=COC(OC(=O)CC(C)C)C2C1CC(OC(C)=O)C23CO3,1.0
CC(C)CC(N)C(=O)NC(CCCN)C(=O)NC(C(C)C)C(=O)NC(CCCN)C(=O)N1CCCC1C(=O)NC(Cc1ccccc1)C=O,1.0
CC(C)c3nnc(COc2ccc1c(C)c(C)c(=O)oc1c2)s3,
CC(C)CC(=O)OC2C=C1C(C(OC=C1COC(C)=O)OC(=O)CC(C)(C)OC(C)=O)C23CO3,1.0
CC(C)CC(=O)OC1C2C(=CC(C23CO3)OC(=O)CC(C)(C)OC(=O)C)C(=CO1)COC(=O)C,1.0
CC(C)c1ccccc1OCC2=NCCN2,1.0
CC(C)c1cccc(C(C)C)c1O,1.0
CC(C)c1ccc(C)cc1OCC2=NCCN2,1.0
CC(C)C1(OCC(CO)O1)C(C)C,1.0
CC(C)C3(O)CCN2CC4c1ccccc1CCc5cccc(C2C3)c45,1.0
CC(C)C1OC(=O)C2=CCCN2C(=O)c2coc(n2)CC(=O)CC(O)C=C(C)C=CCNC(=O)C=CC1C,0.0
CC(C)C(O)C1CCCCC1,1.0
CC(C)C1(CC=C)C(=O)NC(=O)NC1=O,1.0
CC(C)C(N)C(=O)OCCOCn1cnc2c(=O)[nH]c(N)nc12,
CC(C)C(N)C(=O)OCC(CO)OCn1cnc2c(=O)[nH]c(N)nc12,
CC(C)C(CCCCCC(O)=O)NCc1ccc(F)cc1,1.0
CC(C)C(CN1CCCC1)N(C)C(=O)Cc2ccc(Cl)c(Cl)c2,1.0
CC(C)C(Br)C(=O)NC(N)=O,1.0
CC(C)C(=O)OCc1cccc(c1)OC(=O)C1N2C(SC1(C)C)C(NC(=O)Cc1ccccc1)C2=O,0.0
CC(C)CC7N5C(=O)C(NC(=O)C2CN(C)C1Cc3c(Br)[nH]c4cccc(C1=C2)c34)(OC5(O)C6CCCN6C7=O)C(C)C,1.0
CC(C)=O,
CC(C)=CCN3CC[C@@]12C=4C=5O[C@@]1([H])C(=O)CC[C@@]2(O)[C@@]3([H])CC=4C=CC=5O,1.0
CC(C)C1NC(=O)C(C)OC(=O)C(NC(=O)C(C)COC(=O)C(NC(=O)C(C)OC(=O)C(NC(=O)C(OC(=O)C(NC(=O)C(C)OC(=O)C(NC(=O)C(C)COC1=O)C(C)C)C(C)C)C(C)C)C(C)C)C(C)C)C(C)C,1.0
CC(C)C(=O)OC3(C(C)CC4C2CCC1=CC(=O)C=CC1(C)C2(F)C(O)CC34C)C(=O)COC(C)=O,0.0
CC(C)C(NC(=O)N(C)Cc1csc(n1)C(C)C)C(=O)NC(CC(O)C(Cc2ccccc2)NC(=O)OCc3cncs3)Cc4ccccc4,0.0
CC(C)(O)C(F)(F)F,1.0
CC(C)(O)C(Cl)(Cl)Cl,1.0
CC(C)(O)CC(C)(O)c1ccc(Cl)cc1,1.0
CC(C)(O)C(C)(O)c1cccc(Cl)c1,1.0
CC(C)(O)C([F])([F])[F],1.0
CC(C)(O)C(C)(O)c1ccc(Cl)cc1,0.0
CC(C)(CO)C(O)C(=O)NCCCC(O)=O,1.0
CC(C)(C)NCC(O)c1ccccc1F,1.0
CC(C)(C)NCC(O)COc1cccc2CC(O)C(O)Cc12,1.0
CC(C)(C)NCC(O)c1ccc(O)c(NC(N)=O)c1,1.0
CC(C)(C)NCC(O)c1ccc(O)c(CO)c1,1.0
CC(C)C(=O)OCC(=O)C14OC(OC1CC5C3CCC2=CC(=O)C=CC2(C)C3C(O)CC45C)C6CCCCC6,0.0
CC(C)(C)NC[C@@](O)([H])CO/C1=C/C=CC=2C[C@@](O)([H])[C@@](O)([H])CC1=2,1.0
CC(C)(C)OC(=O)c1ncn3c1C2CCCN2C(=O)c4cc(Br)ccc34,0.0
CC(C)=CCN1CCC24C3Oc5c(O)ccc(CC1C2(O)CCC3=O)c45,1.0
CC(C)(C)N1CCC(CC1)(c2ccccc2)c3ccccc3,1.0
CC(C)(C)CC1(CC=C)C(=O)NC(=O)NC1=O,0.0
CC[C@@]8(O)C[C@@]([H])(O[C@@]4([H])C[C@@]([H])(N(C)C)[C@@]([H])(O[C@@]3([H])C[C@@]2([H])O[C@@]1([H])CC(=O)[C@@](C)([H])O[C@@]1([H])O[C@@]2([H])[C@@](C)([H])O3)[C@@](C)([H])O4)C7=C(O)C=6C(=O)C5=C(O)C=CC=C5C(=O)C=6C(O)=C7[C@@]8([H])O[C@@]9([H])C[C@@]([H])(N(C)C)[C@@](O)([H])[C@@](C)([H])O9,1.0
CC(C)(C)NC(=O)C2CC1CCCCC1CN2CC(O)C(Cc3ccccc3)NC(=O)C(CC(N)=O)NC(=O)c5ccc4ccccc4n5,0.0
CC(C)(C)NC(=O)[C@@]2([H])C[C@@]1([H])CCCC[C@@]1([H])CN2C[C@@](O)([H])[C@@]([H])(C/C3=C/C=CC=C3)NC(=O)[C@@]([H])(CC(N)=O)NC(=O)C5=CC=C4C=CC=CC4=N5,0.0
CC(C)(C)CC(=O)OCC(=O)C3(O)CCC4C2CCC1=CC(=O)C=CC1(C)C2C(O)CC34C,0.0
CC(C)(C)NC(=O)C1CN(CCN1CC(O)CC(Cc2ccccc2)C(=O)NC3C(O)Cc4ccccc34)Cc5cccnc5,0.0
CC(C)(C)NC(=O)[C@@]1([H])CN(CCN1C[C@@](O)([H])C[C@@]([H])(C/C2=C/C=CC=C2)C(=O)N[C@@]4([H])C3=CC=CC=C3C[C@@]4(O)[H])C/C5=C/C=CN=C5,0.0
CC(C)(C)CC(=O)OCC(=O)[C@@]3(O)CC[C@@]4([H])[C@@]2([H])CCC1=CC(=O)C=C[C@@]1(C)[C@@]2([H])[C@@](O)([H])C[C@@]34C,0.0
CC(C)(C)c4ccc(CN1CCN(CC1)C(c2ccccc2)c3ccc(Cl)cc3)cc4,1.0
CC(C)(C)C(O)C=Cc2ccc1OCOc1c2,1.0
CC(C)(C)C3(O)CCN2CC4c1ccccc1CCc5cccc(C2C3)c45,1.0
CC(C)(C)CC(=O)OCC(=O)C14OC(C)(C)OC1CC5C3CC2=CC(=O)C=CC2(C)C3(F)C(O)CC45C,0.0
CC(C)(C)c1ccc(cc1)C(O)CCCN2CCC(CC2)C(O)(c3ccccc3)c4ccccc4,0.0
CC(C)(C)C(=O)OCOC(=O)C1N3C(SC1(C)C)C(NC(=O)C(N)c2ccccc2)C3=O,0.0
CC(C)(C)CC(=O)OCC(=O)[C@@]14OC(C)(C)O[C@@]1([H])C[C@@]5([H])[C@@]3([H])CC2=CC(=O)C=C[C@@]2(C)[C@@]3([F])[C@@](O)([H])C[C@@]45C,0.0
CC(C)(C)C(=O)OCOC(=O)C1N3C(SC1(C)C)C(N=CN2CCCCCC2)C3=O,0.0
CC(C)(C)c1ccc(cc1)C(=O)CCCN2CCC(CC2)OC(c3ccccc3)c4ccccc4,1.0
CC(C)(C)C(=O)NCCCC(O)=O,1.0
CC(C)(C)C(=O)OCOC(=O)[C@@]3([H])N2C(=O)[C@@]([H])(NC(=O)[C@@](N)([H])C1=CC=CC=C1)[C@@]2([H])[S]C3(C)C,0.0
CC(C)(C)C(=O)SCC(=O)C3(O)CCC4C2CCC1=CC(=O)CCC1(C)C2C(O)CC34C,0.0
CC(C)(C)C(=O)OC3N=C(c1ccccc1)c2cc(Cl)ccc2NC3=O,0.0
CC(C)(C)[C@@](O)([H])C=C/C2=C/C=C1OCOC1=C2,1.0
CC(C)(C)C(=O)OCOC(=O)[C@@]3([H])N2C(=O)[C@@]([H])(N=CN1CCCCCC1)[C@@]2([H])[S]C3(C)C,0.0
CC(C)([H])N[C@@]2([H])C1([H])CCC([H])(CC1)[C@@]2(O)C3=C/C=C(/[Cl])C([Cl])=C3,1.0
CC(C)CC5NC(=O)C(CCCN)NC(=O)C(NC(=O)C1CCCN1C(=O)C(Cc2ccccc2)NC(=O)C(CC(C)C)NC(=O)C(CCCN)NC(=O)C(NC(=O)C3CCCN3C(=O)C(Cc4ccccc4)NC5=O)C(C)C)C(C)C,1.0
CC(C)([H])CC(=O)O[C@@]2([H])O/C=C(/COC(C)=O)C3=C[C@@]([H])(OC(=O)CC(C)(C)[H])[C@@]1(CO1)[C@@]23[H],1.0
CC(C)(C)C(=O)[S]CC(=O)[C@@]3(O)CC[C@@]4([H])[C@@]2([H])CCC1=CC(=O)CC[C@@]1(C)[C@@]2([H])[C@@](O)([H])C[C@@]34C,0.0
CC(C)([H])N2C=C3C[C@@]1([H])N(C)C[C@@]([H])(C[C@@]1([H])C4=CC=CC2=C34)C(=O)N[C@@]5([H])CCCCC5,1.0
CC(C)(C(O)=O)c1ccc(cc1)C(O)CCCN2CCC(CC2)C(O)(c3ccccc3)c4ccccc4,0.0
CC(C)(C(O)=O)c1ccc(cc1)C(=O)CCCN2CCC(CC2)OC(c3ccccc3)c4ccccc4,1.0
CC(C)([H])C[C@@]([H])(OC(=O)C1=CC=CO1)C(=O)N[C@@]2([H])C(=O)N3[C@@]2([H])[S]C(C)(C)[C@@]3([H])C(O)=O,0.0
CC(C)([H])C[C@@](N)([H])C(=O)N[C@@]([H])(CCCN)C(=O)N[C@@]([H])(C(=O)N[C@@]([H])(CCCN)C(=O)N1CCC[C@@]1([H])C(=O)N[C@@]([H])(C/C2=C/C=CC=C2)C=O)C(C)(C)[H],1.0
CC(C)([H])C(=O)OC/C1=C/C=CC(=C1)OC(=O)[C@@]4([H])N3C(=O)[C@@]([H])(NC(=O)C/C2=C/C=CC=C2)[C@@]3([H])[S]C4(C)C,0.0
CC(C)([H])[C@@](N)([H])C(=O)OC[C@@]([H])(CO)OCN1C=NC=2C(=O)NC(N)=NC1=2,0.0
CC(C)([H])[C@@]5(O)CCN4C[C@@]2([H])C1=CC=CC=C1CCC3=CC=CC(=C23)[C@@]4([H])C5,1.0
CC(C)([H])[C@@]3([H])OC(=O)C1=CCCN1C(=O)C2=COC(=N2)CC(=O)C[C@@](O)([H])C=C(C)C=CCNC(=O)C=C[C@@]3(C)[H],0.0
CC(C)([H])[C@@]([H])(CN1CCCC1)N(C)C(=O)C/C2=C/C=C(/[Cl])C([Cl])=C2,1.0
CC(C)([H])C(=O)O[C@@]3(C(=O)COC(C)=O)[C@@](C)([H])C[C@@]4([H])[C@@]2([H])CCC1=CC(=O)C=C[C@@]1(C)[C@@]2([F])[C@@](O)([H])C[C@@]34C,0.0
CC(C(O)=O)c1cccc(c1)C(=O)c2ccccc2,0.0
CC(=O)SCC(Cc1ccccc1)C(=O)NCC(=O)OCc1ccccc1,1.0
CC(=O)OCOC(=O)C1N3C(SC1(C)C)C(NC(=O)Cc2ccccc2)C3=O,0.0
CC(=O)OCCC(SC(C)=O)=C(C)N(Cc1cnc(C)nc1N)C=O,1.0
CC(=O)OCOC(=O)[C@@]3([H])N2C(=O)[C@@]([H])(NC(=O)C/C1=C/C=CC=C1)[C@@]2([H])[S]C3(C)C,0.0
CC(=O)OCC1=C(N3C(SC1)C(NC(=O)Cc2cccs2)C3=O)C(O)=O,0.0
CC(=O)OCC1=C(N3C(SC1)C(NC(=O)CSc2ccncc2)C3=O)C(O)=O,1.0
CC(=O)OCC1=C(N4C(SC1)C(NC(=O)c2c(C)onc2c3ccccc3Cl)C4=O)C(O)=O,1.0
CC(=O)OCC1=C(N3C(SC1)C(NC(=O)Cc2ccccc2)C3=O)C(O)=O,0.0
CC(C)([H])C(=O)OCC(=O)[C@@]14O[C@@]([H])(O[C@@]1([H])C[C@@]5([H])[C@@]3([H])CCC2=CC(=O)C=C[C@@]2(C)[C@@]3([H])[C@@](O)([H])C[C@@]45C)[C@@]6([H])CCCCC6,0.0
CC(=O)OCC1=C(N3C(SC1)C(NC(=O)C(N)c2ccccc2)C3=O)C(O)=O,0.0
CC(C)([H])C[C@@]7([H])N5C(=O)[C@@](NC(=O)[C@@]2([H])CN(C)[C@@]1([H])C/C3=C(/[Br])NC4=CC=CC(C1=C2)=C34)(O[C@@]5(O)[C@@]6([H])CCCN6C7=O)C(C)(C)[H],1.0
CC(=O)OCC1=C(N2C(SC1)C(NC(=O)CC#N)C2=O)C(O)=O,0.0
CC(=O)OCC=1C[S][C@@]2([H])N(C=1C(O)=O)C(=O)[C@@]2([H])NC(=O)CC#N,0.0
CC(=O)OCC=1C[S][C@@]2([H])N(C=1C(O)=O)C(=O)[C@@]2([H])NC(=O)C/C3=C/C=CC=C3,0.0
CC(=O)OCC=1C[S][C@@]2([H])N(C=1C(O)=O)C(=O)[C@@]2([H])NC(=O)C/C3=C/C=C[S]3,0.0
CC(=O)OCC(CCn1cnc2cnc(N)nc12)COC(C)=O,1.0
CC(=O)OCC=1C[S][C@@]2([H])N(C=1C(O)=O)C(=O)[C@@]2([H])NC(=O)[C@@](N)([H])C3=CC=CC=C3,0.0
CC(=O)OCC=1C[S][C@@]2([H])N(C=1C(O)=O)C(=O)[C@@]2([H])NC(=O)C3=C(C)O/N=C3/C4=C/C=C/C=C4/[Cl],1.0
CC(=O)OCC(=O)OCCC(SC(=O)c1ccco1)=C(C)N(Cc2cnc(C)nc2N)C=O,0.0
CC(=O)OCC(=O)OCCC([S]C(=O)C1=CC=CO1)=C(C)N(C/C2=C/N=C(/C)N=C2N)C=O,0.0
CC(C)([H])[C@@]([H])(NC(=O)N(C)C/C1=C/[S]C(=N1)C(C)(C)[H])C(=O)N[C@@]([H])(C[C@@](O)([H])[C@@]([H])(C/C2=C/C=CC=C2)NC(=O)OC/C3=C/N=C[S]3)C/C4=C/C=CC=C4,0.0
CC(=O)OCC(=O)C3(O)CCC4C2CCC1=CC(=O)CCC1(C)C2C(O)CC34C,0.0
CC(=O)OCC(=O)C3(O)CCC4C2CCC1=CC(=O)CCC1(C)C2C(=O)CC34C,0.0
CC(=O)OCC(=O)C3(O)CCC4C2CCC1=CC(=O)C=CC1(C)C2C(O)CC34C,0.0
CC(=O)OCC(=O)C3(O)CCC4C2CCC1=CC(=O)CCC1(C)C2(F)C(O)CC34C,0.0
CC(=O)OCC(=O)C3(O)CCC4C2CCC1=CC(=O)C=CC1(C)C2(F)C(O)CC34C,0.0
CC(=O)OCC(=O)C3(O)CCC4C2CC(Cl)C1=CC(=O)C=CC1(C)C2C(=O)CC34C,0.0
CC(=O)OCC(=O)C3(O)C(CC4C2CCC1=CC(=O)C=CC1(C)C2(F)C(O)CC34C)OC(C)=O,0.0
CC(=O)OCC(=O)C3(CCC4C2CC(F)C1=CC(=O)C(=CC1(C)C2(F)C(O)CC34C)Br)OC(C)=O,0.0
CC(=O)OCC(=O)C14OC(C)(C)OC1CC5C3CC(F)C2=CC(=O)C=CC2(C)C3C(O)CC45C,0.0
CC(=O)OCC(=O)C14OC(C)(C)OC1CC5C3CC(F)C2=CC(=O)C=CC2(C)C3(F)C(O)CC45C,0.0
CC(=O)OCC(=O)C14N=C(C)OC1CC5C3CCC2=CC(=O)C=CC2(C)C3C(O)CC45C,0.0
CC(=O)OCC(=O)C14OC(C)(C)OC1CC5C3CC(=C2C=C(CCC2(C)C3(F)C(O)CC45C)OCCCl)C=O,0.0
CC(=O)OCC(=O)C25OC1(CCCC1)OC2CC6C4CCC3=CC(=O)C=CC3(C)C4(F)C(O)CC56C,0.0
CC(=O)OCC(=O)[C@@]3(O)CC[C@@]4([H])[C@@]2([H])CCC1=CC(=O)CC[C@@]1(C)[C@@]2([H])C(=O)C[C@@]34C,0.0
CC(=O)OCC(=O)C14N=C(C)OC1CC5C3CCC2=CC(=O)C=CC2(C)C3(F)C(O)CC45C,0.0
CC(=O)OCC(=O)[C@@]3(O)CC[C@@]4([H])[C@@]2([H])CCC1=CC(=O)CC[C@@]1(C)[C@@]2([H])[C@@](O)([H])C[C@@]34C,0.0
CC(=O)OCC(=O)[C@@]3(O)CC[C@@]4([H])[C@@]2([H])CCC1=CC(=O)CC[C@@]1(C)[C@@]2([F])[C@@](O)([H])C[C@@]34C,0.0
CC(=O)OCC(=O)[C@@]3(O)CC[C@@]4([H])[C@@]2([H])CCC1=CC(=O)C=C[C@@]1(C)[C@@]2([H])[C@@](O)([H])C[C@@]34C,0.0
CC(=O)OCC(=O)[C@@]3(O)CC[C@@]4([H])[C@@]2([H])CCC1=CC(=O)C=C[C@@]1(C)[C@@]2([F])[C@@](O)([H])C[C@@]34C,0.0
CC(=O)OCC(=O)[C@@]3(O)[C@@]([H])(C[C@@]4([H])[C@@]2([H])CCC1=CC(=O)C=C[C@@]1(C)[C@@]2([F])[C@@](O)([H])C[C@@]34C)OC(C)=O,0.0
CC(=O)OCC(=O)[C@@]3(CC[C@@]4([H])[C@@]2([H])C[C@@]([F])([H])C1=CC(=O)C([Br])=C[C@@]1(C)[C@@]2([F])[C@@](O)([H])C[C@@]34C)OC(C)=O,0.0
CC(=O)OCC(=O)[C@@]14OC(C)(C)O[C@@]1([H])C[C@@]5([H])[C@@]3([H])C[C@@]([F])([H])C2=CC(=O)C=C[C@@]2(C)[C@@]3([H])[C@@](O)([H])C[C@@]45C,0.0
CC(C)([H])C[C@@]5([H])NC(=O)[C@@]([H])(CCCN)NC(=O)[C@@]([H])(NC(=O)[C@@]1([H])CCCN1C(=O)[C@@]([H])(C/C2=C/C=CC=C2)NC(=O)[C@@]([H])(CC(C)(C)[H])NC(=O)[C@@]([H])(CCCN)NC(=O)[C@@]([H])(NC(=O)[C@@]3([H])CCCN3C(=O)[C@@]([H])(C/C4=C/C=CC=C4)NC5=O)C(C)(C)[H])C(C)(C)[H],1.0
CC(=O)OCC(=O)[C@@]14/N=C(/C)O[C@@]1([H])C[C@@]5([H])[C@@]3([H])CCC2=CC(=O)C=C[C@@]2(C)[C@@]3([H])[C@@](O)([H])C[C@@]45C,0.0
CC(=O)Oc1ccccc1C(O)=O,1.0
CC(=O)OCC(=O)[C@@]14OC(C)(C)O[C@@]1([H])C[C@@]5([H])[C@@]3([H])C[C@@]([F])([H])C2=CC(=O)C=C[C@@]2(C)[C@@]3([F])[C@@](O)([H])C[C@@]45C,0.0
CC(=O)OCC(=O)[C@@]25O[C@@]1(CCCC1)O[C@@]2([H])C[C@@]6([H])[C@@]4([H])CCC3=CC(=O)C=C[C@@]3(C)[C@@]4([F])[C@@](O)([H])C[C@@]56C,0.0
CC(=O)OC(C1CCCCN1)c2ccccc2,1.0
CC(=O)OCC(=O)[C@@]14OC(C)(C)O[C@@]1([H])C[C@@]5([H])[C@@]3([H])CC(C=O)=C2C=C(CC[C@@]2(C)[C@@]3([F])[C@@](O)([H])C[C@@]45C)OCC[Cl],0.0
CC(=O)OCC(=O)[C@@]14/N=C(/C)O[C@@]1([H])C[C@@]5([H])[C@@]3([H])CCC2=CC(=O)C=C[C@@]2(C)[C@@]3([F])[C@@](O)([H])C[C@@]45C,0.0
CC(=O)NCCn1c(C)cc(C=O)c1C,0.0
CC(=O)NNC(=O)CC(O)(c1ccccc1)c2ccccc2,1.0
CC(=O)NCCCC(NC(C)=O)C(O)=O,1.0
CC(=O)NCCCN1CCN(CC1)c2cc(Cl)ccc2Cl,0.0
CC(=O)Nc2ccc(OC(=O)c1ccccc1OC(C)=O)cc2,1.0
CC(=O)NCC2(CCN(CCCC(=O)c1ccc(F)cc1)CC2)c3ccccc3,1.0
CC(=O)Nc2ccc(OC(=O)c1ccccc1O)cc2,0.0
CC(=O)Nc1nnc(s1)S(N)(=O)=O,1.0
CC(=O)OC1C=CC2C3Cc4ccc(c5c4C2(CCN3CC=C)C1O5)OC(C)=O,1.0
CC(=O)Nc2ccc(OC(=O)C1CCC(=O)N1)cc2,1.0
CC(=O)Nc1cccc(O)c1,1.0
CC(=O)Nc1ccc(O)cc1,0.0
CC(=O)Nc1ccc(OC(C)(C)C)cc1,1.0
CC(=O)NC(CCC(N)=O)C(O)=O,1.0
CC(=O)O[C@@]1([H])C=C[C@@]2([H])[C@@]3([H])CC4=C/C=C(/OC(C)=O)C=5O[C@@]1([H])[C@@]2(CCN3CC=C)C4=5,1.0
CC(=O)N3CCN(C(=O)C/C1=C/C=CC=C1)[C@@]([H])(CN2CC[C@@](O)([H])C2)C3,1.0
CC(=O)N[C@@]([H])(CCC(N)=O)C(O)=O,1.0
CC(=O)N2CCN(C(CN1CCC(O)C1)C2)C(=O)Cc3ccccc3,1.0
CC(=O)N2CCN(C(CN1CCC(O)C1)C2)C(=O)Cc3ccc(Cl)c(Cl)c3,1.0
CC(=O)CC(=O)C3(O)CCC4C2CCC1=CC(=O)C=CC1(C)C2(Cl)C(Cl)CC34C,0.0
CC(=O)CC(=O)[C@@]3(O)CC[C@@]4([H])[C@@]2([H])CCC1=CC(=O)C=C[C@@]1(C)[C@@]2([Cl])[C@@]([Cl])([H])C[C@@]34C,0.0
CC(=O)N1CCN(CC1)c5ccc(OCC3COC(Cn2ccnc2)(O3)c4ccc(Cl)cc4Cl)cc5,1.0
CC(=O)CC(=O)C14OC(C)(C)OC1CC5C3CC(=C2C=C(CCC2(C)C3(F)C(O)CC45C)OCCCl)C#N,0.0
CC(=O)C5(N)CC(OC1CC(O)C(O)CO1)c4c(O)c3C(=O)c2ccccc2C(=O)c3c(O)c4C5,0.0
CC(=O)C4CCC5C3CC(O)C12CC1CCC2(C)C3CCC45C,0.0
CC(=O)c4ccc3Sc1ccccc1N(CCCN2CCN(CCO)CC2)c3c4,1.0
CC(=O)OC12COC1CC(O)C5(C)C2C(OC(=O)c3ccccc3)C6(O)CC(OC(=O)C(O)C(NC(=O)OC(C)(C)C)c4ccccc4)C(=C(C(O)C5=O)C6(C)C)C,0.0
CC(=O)O[C@@]13CO[C@@]1([H])C[C@@](O)([H])[C@@]4(C)C(=O)[C@@](O)([H])C5=C(C)[C@@]([H])(C[C@@](O)([C@@]([H])(OC(=O)C2=CC=CC=C2)[C@@]34[H])C5(C)C)OC(=O)[C@@](O)([H])[C@@]([H])(NC(=O)OC(C)(C)C)C6=CC=CC=C6,0.0
CC(=O)c4ccc3Sc1ccccc1N(CCCN2CCC(CCO)CC2)c3c4,1.0
CC(=O)CC(=O)[C@@]14OC(C)(C)O[C@@]1([H])C[C@@]5([H])[C@@]3([H])CC(C#N)=C2C=C(CC[C@@]2(C)[C@@]3([F])[C@@](O)([H])C[C@@]45C)OCC[Cl],0.0
CC(=O)C3CCC4C2CCC1CC(O)CCC1(C)C2CCC34C,0.0
CC(=O)C4=C(O)C(N)C3Cc2c(C)c1ccc(C)c(O)c1c(O)c2C(=O)C3(O)C4=O,0.0
CC(=O)C3CCC4C2CCC1CC(O)CCC1(C)C2C(=O)CC34C,0.0
CC(=O)C3CCC4C2CCC1CC(C)(O)CCC1(C)C2CCC34C,0.0
CC(=O)C4=C(O)[C@@](N)([H])[C@@]3([H])C/C2=C(/C)C1=C/C=C(/C)C(O)=C1C(O)=C2C(=O)[C@@]3(O)C4=O,0.0
CC(=O)C3CCC4C2CCC1=CC(=O)CCC1(C)C2CCC34C,0.0
CC(=O)c1ccc(cc1)C(O)C(CO)NC(=O)C(Cl)Cl,1.0
CC(=O)C3(O)CCC4C2CCC1=CC(=O)C=CC1(C)C2C(O)CC34C,0.0
CC(=O)C3CCC4C2CC=C1CC(CCC1(C)C2CCC34C)OC(=O)CCC(O)=O,0.0
CC(=O)C1CCC2C1(CCC3C2CCC4C3(CCC(C4)(C)O)C)C,0.0
CC(=O)C3(O)C(O)CC4C2CCC1=CC(=O)CCC1(C)C2CCC34C,0.0
CC(=O)C1=CC=C(C=C1)[C@@](O)([H])[C@@]([H])(CO)NC(=O)C([Cl])([Cl])[H],1.0
CC(=O)C1CCC2C1(CCC3C2CC(C45C3(CCC4C5)C)O)C,0.0
CC(=O)C14OC(C)(C)OC1CC5C3CCC2=CC(=O)CCC2(C)C3CCC45C,0.0
CC(=O)[C@@]3(O)CC[C@@]4([H])[C@@]2([H])CCC1=CC(=O)C=C[C@@]1(C)[C@@]2([H])[C@@](O)([H])C[C@@]34C,0.0
CC(=O)[C@@]3(O)[C@@](O)([H])C[C@@]4([H])[C@@]2([H])CCC1=CC(=O)CC[C@@]1(C)[C@@]2([H])CC[C@@]34C,0.0
CC(=O)[C@@]3([H])CC[C@@]4([H])[C@@]2([H])CC=C1C[C@@]([H])(CC[C@@]1(C)[C@@]2([H])CC[C@@]34C)OC(=O)CCC(O)=O,0.0
CC(=O)C14OC(C)(C)OC1CC5C3CCC2=CC(=O)C=CC2(C)C3(F)C(O)CC45C,0.0
CC(=O)[C@@]5(N)C[C@@]([H])(O[C@@]1([H])C[C@@](O)([H])[C@@](O)([H])CO1)C4=C(O)C=3C(=O)C2=CC=CC=C2C(=O)C=3C(O)=C4C5,0.0
CC(=O)[C@@]3([H])CC[C@@]4([H])[C@@]2([H])CC[C@@]1([H])C[C@@](O)([H])CC[C@@]1(C)[C@@]2([H])CC[C@@]34C,0.0
CC(=O)[C@@]3([H])CC[C@@]4([H])[C@@]2([H])CC[C@@]1([H])C[C@@](O)([H])CC[C@@]1(C)[C@@]2([H])C(=O)C[C@@]34C,0.0
CC(=CCCN1CCC2(CC1)N(CNC2=O)c3ccccc3)c4ccc(F)cc4,0.0
C5CC(CN1CCC(C1)c2ccccc2)c4ccc3OCOc3c4C5,0.0
CC(=O)[C@@]14OC(C)(C)O[C@@]1([H])C[C@@]5([H])[C@@]3([H])CCC2=CC(=O)CC[C@@]2(C)[C@@]3([H])CC[C@@]45C,0.0
C4Oc3ccc(CN1CCN(CC1)c2ncccn2)cc3O4,1.0
C3CNCc2cc1ccccc1n2C3,1.0
C4CC2=NC1=CC=CCC1=C2C(Cc3ccccc3)N4,1.0
C3CN2CCc1ccccc1C2CN3,1.0
CC(=O)[C@@]14OC(C)(C)O[C@@]1([H])C[C@@]5([H])[C@@]3([H])CCC2=CC(=O)C=C[C@@]2(C)[C@@]3([F])[C@@](O)([H])C[C@@]45C,0.0
C3CN=C(CC2=Cc1ccccc1CC2)N3,1.0
C2CN1CC(N=C1S2)c3ccccc3,1.0
CC#CC3(O)CCC4C2CCC1=CC(=O)CCC1=C2C(CC34C)c5ccc(cc5)N(C)C,0.0
C2CN1C(CN=C1N2)c3ccccc3,1.0
c2ccc1oc(cc1c2)c3ccncc3,1.0
CC#C[C@@]3(O)CC[C@@]4([H])[C@@]2([H])CCC1=CC(=O)CCC1=C2[C@@]([H])(C[C@@]34C)C5=CC=C(C=C5)N(C)C,0.0
C1NCCN(C1)c1ccc(c(n1)Cl)C(F)(F)F,0.0
C1COC(CN1)COc2cccc3C=CCc23,1.0
c1nc(C2CCN(CC2)C(NC2CCCCC2)=S)c[nH]1,1.0
C1COC(CN1)COc2ccccc2Cc3cccs3,1.0
c1cn(CCO)c(CC)c(O)c1=O,
C1N(CCN(C1)c1cc(ccn1)C(F)(F)F)CCCCN1C(CCC1)=O,0.0
c1cn(CCCO)c(C)c(O)c1=O,
C3CCN2CC4c1ccccc1CCc5cccc(C2C3)c45,1.0
c1cn(CCCCO)c(CC)c(O)c1=O,
c1cn(CCCCCC)c(C)c(O)c1=O,
C1CN(CCN1)c2cccc3OCCOc23,1.0
c1cn(CCCCC)c(C)c(O)c1=O,
c1cn(CCCC)c(C)c(O)c1=O,
C1CN2CCC1C(C2)N4c3ccccc3CCc5ccccc45,1.0
C1CN(CCC1)Cc1cccc(c1)OCCCO,1.0
C1CN(CCN1)c3cc2ccccc2c(n3)c4ccccc4,1.0
C1CN2CCC1C(C2)CN4c3ccccc3Sc5ccccc45,1.0
C1CN(CCC1)Cc1cccc(c1)OCCCNc1nccs1,1.0
c1cn(CC)c(CC)c(c1=O)O,
C1CN(CCC1)Cc1cccc(c1)OCCCNc1ncccc1,1.0
c1cn(c(c(c1=O)O)C)C,
c1cn(CC)c(c(c1=O)O)C,
C1CN(CCC1)Cc1cccc(c1)OCCCNC(=O)C,1.0
c1ccccc1,1.0
C1CCn2nnnc2CC1,1.0
C1CCCCC1,1.0
C1CN(CCC1)Cc1cccc(c1)OCCCNC(=O)c1ccccc1,1.0
C1CCN(CC1)C2(CCCCC2)c3ccccc3,1.0
C1CN(CCC1)Cc1cccc(c1)OCCCNc1nc2c(o1)cccc2,1.0
c1ccc2Oc3c(cc(cc3)Cl)C3C(c2c1)CNCC3,1.0
c1ccc2Oc3c(cc(cc3)Cl)C3C(c2c1)CN(CC3)C,1.0
C1CCN(CC1)Cc4cccc(OCCCNc3nc2ccccc2s3)c4,1.0
c1ccc2nc(c(c(C(NC(CC)c3ccccc3)=O)c2c1)O)c1ccccc1,0.0
c1ccc(c(c1)C(CC=C)N)c1c2c(on1)cccc2,0.0
c1ccc2N(C(CN3CCCC3)C)c3c(ccc(C(=O)NCCC)c3)Sc2c1,1.0
c1ccc(C(CN2CCC(C2)O)N(C(Cc2ccccc2N)=O)C)cc1,1.0
C1CCC(NC1)C2COC(O2)(c3ccccc3)c4ccccc4,1.0
c1cc2c(C(NC(CC)c3ccccc3)=O)c(c(nc2cc1)c1ccccc1)OCCCN(C)C,0.0
c1cc2c(C(NC(CC)c3ccccc3)=O)c(c(nc2cc1)c1ccccc1)OCC(O)=O,0.0
C1CC1,1.0
c1cc2c(C(NC(CC)c3ccccc3)=O)c(c(c3ccccc3)nc2cc1)OCCCC(O)=O,0.0
c1cc(ncc1)CSCCNc1c(cc[nH]1)N(=O)=O,1.0
c1cc(CCNC)ncc1,1.0
CC(=O)OC6C(=O)C2(C)C(O)CC1OCC1(OC(C)=O)C2C(OC(=O)c3ccccc3)C7(O)CC(OC(=O)C(O)C(NC(=O)c4ccccc4)c5ccccc5)C(=C6C7(C)C)C,0.0
C1CC(CCN1)OCc3ccc2ccccc2c3,1.0
c1cc(CCN(C)C)ncc1,1.0
C1CC(CCN1)CCc2c[nH]c3ccccc23,1.0
c1cc(c2nc(sc2)CCN)ccc1,1.0
c1cc(ccc1CCCC(OC(C)(C)C)=O)N(CCCl)CCCl,1.0
c1ccc2c(c(C(NC(CC)c3ccccc3)=O)c(OCCNC(Cc3c(cccc3)C(=O)O)=O)c(c3ccccc3)n2)c1,0.0
C1CC(CCN1)CCc2cc(nc3ccccc23)c4ccccc4,0.0
c1cc2c(C(NC(CC)c3ccccc3)=O)c(c(nc2cc1)c1ccccc1)Cn1cncc1,0.0
c1c2CCOc2c(cc1OC)CNC1CCCNC1c1ccccc1,1.0
c1c2c(cc(c1)Cl)C1C(c3ccccc3O2)CNC1,1.0
c1cc2c(c(OCCNC(Cc3ncccc3)=O)c(c3ccccc3)nc2cc1)C(NC(CC)c1ccccc1)=O,0.0
c1c2c(ccc1)C1(C(c3cccc(c3O2)C)CNCC1)O,1.0
c1c(oc(c1)CN(C)C)CSCCNc1nc(c(c[nH]1)Cc1cc2c(cc1)cccc2)=O,
c1c(Cl)nc(N2CCN(CCCCN3C(CCC3)=O)CC2)cc1C(F)(F)F,0.0
c1c(c(ncc1)CSCCNC(=[NH]C#N)NCC)Br,1.0
c12C3C(c4c(cccc4)N(c1cccc2)C(N)=O)O3,1.0
c12C3(C(N(C)CC3)N(c1ccc(c2)OC(Nc1ccccc1)=O)C)C,1.0
c12c(nc(c(c1C(NC(CC)c1ccccc1)=O)C)c1ccccc1)cccc2,0.0
c12c(C(N(Cc3n1cnc3c1noc(n1)C(O)(C)C)C)=O)c(ccc2)Cl,1.0
c12c(C(N(Cc3n1cnc3c1noc(n1)C(C)C)C)=O)c(ccc2)Cl,1.0
c1cc2c(c(c(c3ccccc3)nc2cc1)OCCNC(C1CCCN1)=O)C(=O)NC(CC)c1ccccc1,0.0
c12c(C(N(Cc3n1cnc3c1noc(n1)C(CO)(CO)C)C)=O)c(ccc2)Cl,0.0
c1(S(Nc2c(c(C)no2)C)(=O)=O)ccc(N)cc1,1.0
c1(nccc(c1)c1nc([nH]n1)N)N(C)C,1.0
c12c(c(ccc1)Cl)C(N(Cc1n2cnc1c1nc(on1)C(CO)(C)O)C)=O,1.0
c12c(C(c3c(cccc3)F)=NC(c3n1c(nc3)C)O)cc(Cl)cc2,0.0
c1(NCCSCc2oc(cc2)CN(C)C)[nH]cc(c1N(=O)=O)Cc1ccccc1,1.0
c12c([C@H]([C@H]3[N@@]4C[C@H](C=C)[C@H](C3)CC4)O)ccnc1ccc(c2)OC,0.0
c12c([C@@H]([C@@H]3[N@@]4C[C@H](C=C)[C@H](C3)CC4)O)ccnc1ccc(c2)OC,0.0
c1(ccc(cc1)C(F)(F)F)CC(N1C(CCCC1)CN1CCCC1)=O,0.0
c1(ccc(cc1)SC)CC(N1C(CN(CC1)C(=O)C)CN1CCC(C1)O)=O,1.0
c1(ccc(c(c1)Cl)Cl)CC(N1C(CN2CCCC2)CC(CC1)(C)C)=O,1.0
c1(ccc(c(c1)Cl)Cl)CC(N1C(CN2CCCC2)c2n(CC1)ncn2)=O,1.0
c1(ccc(c(c1)Cl)Cl)CC(N1C(CN2CC(CC2)O)CN(CC1)CCO)=O,0.0
c1(ccc(c(c1)Cl)Cl)CC(N1C(CN2CCCC2)c2n(CC1)ccn2)=O,1.0
c1(ccc(c(c1)Cl)Cl)CC(N1C(CN(CC1)C(=O)OCC)CN1CCCC1)=O,1.0
c1(ccc(c(c1)Cl)Cl)CC(N1C(CN2CC(CC2)O)c2n(CC1)ccn2)=O,0.0
c1(ccc(c(c1)Cl)Cl)CC(N1C(CN(CC1)C(=O)OC)CN1CCCC1)=O,1.0
c1(ccc(c(c1)Cl)Cl)CC(N1C(CN2CC(CC2)O)c2c(CC1)[nH]cn2)=O,1.0
c1(ccc(c(c1)Cl)Cl)CC(N1C(c2c(CC1)scc2)CN1CCCC1)=O,1.0
c1(ccc(c(c1)Cl)Cl)CC(N1C(CC2(CC1)C(NC(N2)=O)=O)CN1CCCC1)=O,0.0
c1(ccc(c(c1)Cl)Cl)CC(=O)N1C(CN(C)CC1)CN1CCCC1,1.0
c1(ccc(c(c1)Cl)Cl)CC(N1C(c2c(CC1)occ2)CN1CCCC1)=O,1.0
c1(ccc(c(c1)Cl)Cl)CC(N1C(c2c(CC1)occ2)CN1CC(CC1)O)=O,1.0
c1(ccc(c(c1)Cl)Cl)CC(N1C(c2c(CC1)ccs2)CN1CCCC1)=O,1.0
c1(ccc(c(c1)Cl)Cl)CC(N1C(c2c(CC1)[nH]cn2)CN1CCCC1)=O,1.0
c1(cc(NC(=[NH]c2cccc(c2)CC)C)ccc1)CC,1.0
c1(cc(nc(c1C)C)C(SC(CNc1c(cc[nH]1)N(=O)=O)(C)C)(C)C)C,0.0
c1(CC(N2C(CN(CC2)C(=O)OCCC)CN2CCCC2)=O)cc(c(cc1)Cl)Cl,1.0
c1(CC(N2C(CN(CC2)C(=O)C)CN2CCC(O)C2)=O)ccc(S(=O)C)cc1,1.0
c1(CC(N2C(CN(CC2)C(=O)C)CN2CCC(O)C2)=O)ccc(N(=O)=O)cc1,1.0
c1(CC(N2C(CN(CC2)C(=O)C)CN2CCC(O)C2)=O)cc(ccc1)N(=O)=O,1.0
c1(CC(N2C(CN(CC2)C(=O)C)CN2CCC(O)C2)=O)ccc(S(=O)(=O)C)cc1,1.0
c1(CC(N2C(CN(CC2)C(=O)C)CN2CCC(C2)O)=O)ccc(OC)cc1,1.0
c1(CC(N2C(CN(CC2)C(=O)C)CN2CCC(C2)O)=O)ccc(C(F)(F)F)cc1,0.0
c1(c(c(c(OCC(O)=O)cc1)Cl)Cl)C(C(CC)=C)=O,1.0
C=COC=C,1.0
c1(cc(c(cc1)Cl)Cl)CC(N1CCCCC1CN1CCCC1)=O,1.0
C=CCC1(CC=C)C(=O)NC(=O)NC1=O,1.0
c1(CC(N2C(CN(CC2)C(=O)C)CN2CCC(C2)O)=O)cc(cc(c1)F)F,1.0
C=C,
C=CCC2(C1CCCC=C1)C(=O)NC(=S)NC2=O,0.0
c1(cc(c(cc1)Cl)Cl)CC(N1C(CN2CCCC2)CN(CC1)C(=O)C)=O,1.0
C=CC[C@@](N)([H])C1=CC=C/C=C1/C2=N/OC=3C=CC=CC2=3,0.0
C[S](=O)(=O)C1=CC=C(C=C1)[C@@](O)([H])[C@@]([H])(CO)NC(=O)C([Cl])([Cl])[H],1.0
c1(c2c(cc(F)cc2)on1)C1CCN(CCc2c(n3c(C(CCC3)O)nc2C)=O)CC1,
c1(cc(c(cc1)Cl)Cl)CC(N1C(c2c(CC1)cccc2)CN1CCCC1)=O,1.0
C[CH](Cc1ccccc1)N(C)C,1.0
C[S](=O)(=O)C1=CC=C(C=C1)[C@@](O)([H])[C@@]([H])(C[F])NC(=O)C([Cl])([Cl])[H],0.0
C[C@H]1[C@@H](c2ccccc2)OCCN1,1.0
C[S]/C1=C/C=C(C=C1)CC(=O)N2CCN(C[C@@]2([H])CN3CC[C@@](O)([H])C3)C(=O)C,1.0
C[C@H]1[C@@](N2CCCCC2)(c2sccc2)CCCC1,1.0
C[C@H]([C@@H]1[C@@H]2N(C1=O)C(=C(S2)S[C@H]3CC[S@@](=O)C3)C(=O)O)O,1.0
C[S]C(=O)[C@@]3(O)[C@@](C)([H])C[C@@]4([H])[C@@]2([H])CCC1=CC(=O)C=C[C@@]1(C)[C@@]2([F])[C@@](O)([H])C[C@@]34C,0.0
C[S]C(=O)[C@@]3(OC(C)=O)[C@@](C)([H])C[C@@]4([H])[C@@]2([H])CCC1=CC(=O)C=C[C@@]1(C)[C@@]2([F])[C@@](O)([H])C[C@@]34C,0.0
C[C@@]4([H])CC(=C)C[C@@]25CCN(C[C@@]1([H])CCC1)[C@@]([H])(CC3=C/C=C(/O)C=C23)[C@@]45[H],0.0
C[C@@]4([H])C[C@@]3([H])[C@@]2([H])CCC1=CC(=O)C=C[C@@]1(C)[C@@]2([H])C(=O)C[C@@]3(C)[C@@]4(O)C(=O)CO,0.0
C[C@@]4([H])C[C@@]3([H])[C@@]2([H])CCC1=CC(=O)C=C[C@@]1(C)[C@@]2([F])C(=O)C[C@@]3(C)[C@@]4(O)C(=O)C[Cl],0.0
C[C@@]4([H])C[C@@]3([H])[C@@]2([H])CCC1=CC(=O)C=C[C@@]1(C)[C@@]2([F])[C@@](O)([H])C[C@@]3(C)[C@@]4(O)C(C)=O,0.0
C[C@@]4([H])C[C@@]3([H])[C@@]2([H])CCC1=CC(=O)C=C[C@@]1(C)[C@@]2([F])[C@@](O)([H])C[C@@]3(C)[C@@]4(O)C(=O)C[Cl],0.0
C[C@@]4([H])C[C@@]3([H])[C@@]2([H])CCC1=CC(=O)C=C[C@@]1(C)[C@@]2([F])[C@@](O)([H])C[C@@]3(C)[C@@]4(OC(=O)C5=CC=CO5)C(=O)COC(C)=O,0.0
C[C@@]4([H])C[C@@]3([H])[C@@]2([H])CCC1=CC(=O)C=C[C@@]1(C)[C@@]2([F])[C@@](O)([H])C[C@@]3(C)[C@@]4(O)C(=O)COC(C)=O,0.0
C[C@@]4([H])C[C@@]3([H])[C@@]2([H])CCC1=CC(=O)C=C[C@@]1(C)[C@@]2([F])[C@@](O)([H])C[C@@]3(C)[C@@]4(C)C(=O)CO,0.0
C[C@@]4([H])C[C@@]3([H])[C@@]2([H])CCC1=CC(=O)C=C[C@@]1(C)[C@@]2([F])[C@@](O)([H])C[C@@]3(C)[C@@]4(OC(=O)C5=CC=CC=C5)C(=O)CO,0.0
C[C@@]5(O[C@@]4([H])C[C@@]3([H])[C@@]2([H])CCC1=CC(=O)C=C[C@@]1(C)[C@@]2([F])[C@@](O)([H])C[C@@]3(C)[C@@]4(O5)C(=O)CO)C6=CC=CC=C6,0.0
C[C@@]4([H])C[C@@]3([H])[C@@]2([H])CCC1=CC(=O)C=C[C@@]1(C)[C@@]2([F])[C@@](O)([H])C[C@@]3(C)[C@@]4([H])C(=O)CO,0.0
C[C@@]4([H])C[C@@]3([H])[C@@]2([H])C[C@@]([F])([H])C1=CC(=O)C=C[C@@]1(C)[C@@]2([H])[C@@](O)([H])C[C@@]3(C)[C@@]4(O)C(=O)CO,0.0
C[C@@]4([H])C[C@@]3([H])[C@@]2([H])CC([F])([F])C1=CC(=O)C=C[C@@]1(C)[C@@]2([F])[C@@](O)([H])C[C@@]3(C)[C@@]4(O)C(=O)COC(C)=O,0.0
C[C@@]4([H])C[C@@]3([H])[C@@]2([H])C[C@@]([F])([H])C1=CC(=O)C=C[C@@]1(C)[C@@]2([H])[C@@](O)([H])C[C@@]3(C)[C@@]4(O)C(=O)COC(C)=O,0.0
C[C@@]4([H])C[C@@]3([H])[C@@]2([H])C[C@@]([F])([H])C1=CC(=O)C=C[C@@]1(C)[C@@]2([H])[C@@](O)([H])C[C@@]3(C)[C@@]4([H])C(=O)CO,0.0
C[C@@]4([H])C[C@@]3([H])[C@@]2([H])CCC1=CC(=O)C=C[C@@]1(C)[C@@]2([Cl])[C@@](O)([H])C[C@@]3(C)[C@@]4(OC(=O)C5=CC=CO5)C(=O)C[Cl],0.0
C[C@@]4([H])C[C@@]3([H])[C@@]2([H])C[C@@]([F])([H])C1=CC(=O)C=C[C@@]1(C)[C@@]2([F])[C@@](O)([H])C[C@@]3(C)[C@@]4(O)C(=O)CO,0.0
C[C@@]4([H])C[C@@]3([H])[C@@]2([H])C[C@@]([F])([H])C1=CC(=O)C=C[C@@]1(C)[C@@]2([F])[C@@](O)([H])C[C@@]3(C)[C@@]4(O)C(=O)C[Cl],0.0
C[C@@]4([H])C[C@@]3([H])[C@@]2([H])C=C(C)C1=CC5=C(C[C@@]1(C)[C@@]2([H])[C@@](O)([H])C[C@@]3(C)[C@@]4(O)C(=O)COC(C)=O)C=NN5/C6=C/C=CC=C6,0.0
C[C@@]4([H])C[C@@]3([H])[C@@]2([H])C[C@@]([F])([H])C1=CC(=O)C=C[C@@]1(C)[C@@]2([F])[C@@](O)([H])C[C@@]3(C)[C@@]4(OC(C)=O)C(=O)COC(C)=O,0.0
C[C@@]4([H])C[C@@]3([H])[C@@]2([H])C[C@@]([F])([H])C1=CC(=O)C=C[C@@]1(C)[C@@]2([F])[C@@](O)([H])C[C@@]3(C)[C@@]4(O)C(=O)COC(=O)C(C)(C)C,0.0
C[C@@]4([H])C[C@@]3([H])[C@@]2([H])C[C@@]([F])([H])C1=CC(=O)C=C[C@@]1(C)[C@@]2([F])[C@@](O)([H])C[C@@]3(C)[C@@]4([H])C(=O)COC(=O)C(C)(C)C,0.0
C[C@@]4([H])C[C@@]3([H])[C@@]2([H])C[C@@]([F])([H])C1=CC(=O)C=C[C@@]1(C)[C@@]2([F])[C@@](O)([H])C[C@@]3(C)[C@@]4([H])C(=O)CO,0.0
C[C@@]4([H])C[C@@]3([H])[C@@]2([H])C[C@@]([F])([H])C1=CC(=O)C=C[C@@]1(C)[C@@]2([Cl])[C@@](O)([H])C[C@@]3(C)[C@@]4([H])C(=O)COC(C)=O,0.0
C[C@@]4([H])C[C@@]3([H])[C@@]2([H])C[C@@]([F])([H])C1=CC(=O)C=C[C@@]1(C)[C@@]2([Cl])[C@@](O)([H])C[C@@]3(C)[C@@]4([H])C(=O)CO,0.0
C[C@@]4([H])C[C@@]3([H])[C@@]2([H])C[C@@]([F])([H])C1=CC(=O)C=C[C@@]1(C)[C@@]2([Cl])[C@@](O)([H])C[C@@]3(C)[C@@]4([H])C(=O)COC(C)=O,0.0
C[C@@]4([H])C[C@@]3([H])[C@@]2([H])C[C@@]([F])([H])C1=CC(=O)C=C[C@@]1(C)[C@@]2([Cl])[C@@]([F])([H])C[C@@]3(C)[C@@]4([H])C(=O)CO,0.0
C[C@@]4([H])C[C@@]3([H])[C@@]2([H])C[C@@]([F])([H])C1=CC(=O)C=C[C@@]1(C)[C@@]2([Cl])[C@@](O)([H])C[C@@]3(C)[C@@]4([H])C(=O)COC(=O)C(C)(C)C,0.0
CC(C)C1NC(=O)C(NC(=O)c2ccc(c3c2N=C2C(=C(C)C(=O)C(=C2C(=O)NC2C(C)OC(=O)C(C(C)C)N(C)C(=O)CN(C)C(=O)C4CCCN4C(=O)C(NC2=O)C(C)C)N)O3)C)C(C)OC(=O)C(C(C)C)N(C)C(=O)CN(C)C(=O)C2CCCN2C1=O,0.0
C[C@@]34CC[C@@]2([H])C1=C/C=C(/O)C=C1CC[C@@]2([H])[C@@]3([H])CC[C@@]4(O)[H],0.0
C[C@@]34CC[C@@]1([H])[C@@]([H])(CCC2=CC(=O)CC[C@@]12C)[C@@]3([H])CC[C@@]4(O)[H],0.0
C[C@@]4([H])C[C@@]3([H])[C@@]2([H])[C@@]([Cl])([H])CC1=CC(=O)C=C[C@@]1(C)[C@@]2([H])[C@@](O)([H])C[C@@]3(C)[C@@]4(O)C(=O)CO,0.0
C[C@@]4([H])C[C@@]3([H])[C@@]2([H])C[C@@]([F])([H])C1=CC(=O)C([Cl])=C[C@@]1(C)[C@@]2([F])[C@@](O)([H])C[C@@]3(C)[C@@]4(O)C(=O)CO,0.0
C[C@@]34C[C@@](O)([H])[C@@]1([H])[C@@]([H])(CCC2=CC(=O)CC[C@@]12C)[C@@]3([H])CC[C@@]4([H])C(=O)CO,0.0
C[C@@]34C[C@@](O)([H])[C@@]1([F])[C@@]([H])(CCC2=CC(=O)CC[C@@]12C)[C@@]3([H])CC[C@@]4(O)C(=O)CO,0.0
C[C@@]34C[C@@](O)([H])[C@@]1([F])[C@@]([H])(CCC2=CC(=O)C=C[C@@]12C)[C@@]3([H])CC[C@@]4(O)C(=O)CO,0.0
C[C@@]34C[C@@](O)([H])[C@@]1([H])[C@@]([H])(CCC2=CC(=O)C=C[C@@]12C)[C@@]3([H])CC[C@@]4(O)C(=O)COC(=O)CCC(O)=O,0.0
C[C@@]34CC=2C=NN(/C1=C/C=C(/[F])C=C1)C=2C=C3CC[C@@]5([H])[C@@]4([H])CC[C@@]6(C)[C@@]5([H])CC[C@@]6(O)C#C,0.0
C[C@@]4([H])C[C@@]3([H])[C@@]2([H])C=C(C)C1=CC6=C(C[C@@]1(C)[C@@]2([H])[C@@](O)([H])C[C@@]3(C)[C@@]4(O)C(=O)COC(=O)C5=CC=CC(=C5)[S](O)(=O)=O)C=NN6/C7=C/C=CC=C7,0.0
C[C@@]34C[C@@](O)([H])[C@@]1([F])[C@@]([H])(CCC2=CC(=O)C=C[C@@]12C)[C@@]3([H])CC(=C)[C@@]4(O)C(=O)CO,0.0
C[C@@]3(CN1C=CN=N1)[C@@]([H])(N2C(=O)C[C@@]2([H])[S]3(=O)=O)C(O)=O,1.0
C[C@@]34C[C@@](O)([H])[C@@]1([F])[C@@]([H])(CCC2=CC(=O)C=C[C@@]12C)[C@@]3([H])C[C@@](O)([H])[C@@]4(O)C(=O)CO,0.0
C[C@@]3([H])N=C(/C1=C/C=C/C=C1/[Cl])C2=CC(=CC=C2NC3=O)N(=O)=O,0.0
C[C@@]3([H])CC=1CC(=O)CCC=1[C@@]4([H])CC[C@@]2(C)[C@@]([H])(CC[C@@]2(O)C#C)[C@@]34[H],0.0
C[C@@]34C[C@@](O)([H])[C@@]1([F])[C@@]([H])(CCC2=CC(=O)C=C[C@@]12C)[C@@]3([H])C[C@@]5([H])O[C@@]([H])(O[C@@]45C(=O)CO)C=C,0.0
C[C@@]34C[C@@]([Cl])([H])[C@@]1([Cl])[C@@]([H])(CCC2=CC(=O)C=C[C@@]12C)[C@@]3([H])CC[C@@]4(O)C(=O)CO,0.0
C[C@@]34C[C@@](O)([H])[C@@]1([F])[C@@]([H])(C[C@@]([F])([H])C2=CC(=O)C=C[C@@]12C)[C@@]3([H])C[C@@](O)([H])[C@@]4(O)C(=O)CO,0.0
C[C@@]3([H])C[C@@]2([H])[C@@]1([H])CC[C@@](O)(C(C)=O)[C@@]1(C)C[C@@](O)([H])[C@@]2([F])[C@@]4(C)C=CC(=O)C=C34,0.0
C[C@@]3([H])C1=CC=CC(O)=C1C(=O)C4=C(O)[C@@]2(O)C(=O)C(=C(O)[C@@]([H])(N(C)C)[C@@]2([H])[C@@](O)([H])[C@@]34[H])C(N)=O,0.0
C[C@@]3([H])C[C@@]2([H])[C@@]1([H])CC[C@@](O)(C(=O)COC(C)=O)[C@@]1(C)C[C@@](O)([H])[C@@]2([H])[C@@]4(C)C=CC(=O)C=C34,0.0
C[C@@]3([H])C[C@@]2([H])[C@@]1([H])CC[C@@](OC(C)=O)(C(C)=O)[C@@]1(C)C[C@@](O)([H])[C@@]2([F])[C@@]4(C)C=CC(=O)C=C34,0.0
C[C@@]3([H])C[C@@]2([H])[C@@]1([H])CC[C@@]([H])(C(C)=O)[C@@]1(C)C[C@@](O)([H])[C@@]2([H])[C@@]4(C)C=CC(=O)C=C34,0.0
C[C@@]3([H])C[C@@]2([H])[C@@]1([H])CC[C@@]([H])(C(O)=O)[C@@]1(C)C[C@@](O)([H])[C@@]2([H])[C@@]4(C)CCC(=O)C=C34,0.0
C[C@@]2([H])[C@@]3([H])CC1=C/C=C(/O)C=C1[C@@]2(C)CCN3C/C=C(/C)C,1.0
C[C@@]3([H])C[C@@]2([H])[C@@]1([H])CC[C@@](O)(C(=O)CO)[C@@]1(C)C[C@@](O)([H])[C@@]2([H])[C@@]4(C)C=CC(=O)C=C34,0.0
C[C@@]13CCCCC[C@@]([H])(CC2=C/C=C(/O)C=C12)[C@@]3(N)[H],1.0
C[C@@]3([H])C[C@@]2([H])[C@@]1([H])CC[C@@](O)(C(=O)COC(=O)CCC(O)=O)[C@@]1(C)C[C@@](O)([H])[C@@]2([H])[C@@]4(C)C=CC(=O)C=C34,0.0
C[C@@]13CCC(=O)C=C1CC[C@@]4([H])[C@@]2([H])CC[C@@](O)(C(=O)CO)[C@@]2(C)CC(=O)[C@@]34[H],0.0
C[C@@]14CCC(=O)C=C1CC[C@@]5([H])[C@@]2([H])CC[C@@]([H])(C(=O)CO)[C@@]23C[C@@]([H])(O[C@@]3(O)[H])[C@@]45[H],0.0
C[C@@]13CCC(=O)C=C1CC[C@@]4([H])[C@@]2([H])CC[C@@](O)(C(=O)CO)[C@@]2(C)C[C@@](O)([H])[C@@]34[H],0.0
C[C@@]13CCC(=O)C=C1CC[C@@]4([H])[C@@]2([H])CC[C@@](O)(C(=O)COC(=O)CCC(O)=O)[C@@]2(C)C[C@@](O)([H])[C@@]34[H],0.0
C[C@@]13CCC(=O)C=C1CC[C@@]4([H])[C@@]2([H])CC[C@@](O)(C(=O)C[S])[C@@]2(C)C[C@@](O)([H])[C@@]34[H],0.0
C[C@@]13CCC(=O)C=C1C=C[C@@]4([H])[C@@]2([H])CC(=C)[C@@](O)(C(=O)CO)[C@@]2(C)C[C@@](O)([H])[C@@]34[H],0.0
C[C@@]14CCC(=O)C=C1CC[C@@]5([H])[C@@]3([H])CC[C@@](O)(C(=O)COC(=O)CC[C@@]2([H])CCCC2)[C@@]3(C)C[C@@](O)([H])[C@@]45[H],0.0
C[C@@]13CC[C@@](O)([H])C[C@@]1([H])CC[C@@]4([H])[C@@]2([H])CC[C@@]([H])(C(=O)CO)[C@@]2(C)CC(=O)[C@@]34[H],0.0
C[C@@]13C=CC(=O)C=C1CC[C@@]4([H])[C@@]2([H])CC[C@@](O)(C(=O)CO)[C@@]2(C)CC(=O)[C@@]34[H],0.0
C[C@@]13C=CC(=O)C=C1CC[C@@]4([H])[C@@]2([H])CC[C@@](O)(C(=O)CO)[C@@]2(C)C[C@@](O)([H])[C@@]34[H],0.0
C[C@@]13C=CC(=O)C=C1CC[C@@]4([H])[C@@]2([H])CC(=C)[C@@](O)(C(=O)CO)[C@@]2(C)C[C@@](O)([H])[C@@]34[H],0.0
C[C@@]13C=CC(=O)C=C1C([Cl])=C[C@@]4([H])[C@@]2([H])CC[C@@](O)(C(=O)CO)[C@@]2(C)C[C@@](O)([H])[C@@]34[H],0.0
C[C@@]12N[C@@H](c3c1cccc3)Cc1c2cccc1,0.0
C[C@@]13C=CC(=O)C=C1[C@@]([F])([H])C[C@@]4([H])[C@@]2([H])CC[C@@](O)(C(=O)CO)[C@@]2(C)C[C@@](O)([H])[C@@]34[H],0.0
C[C@@]13C=CC(=O)C=C1[C@@]([Cl])([H])C[C@@]4([H])[C@@]2([H])CC[C@@](O)(C(=O)CO)[C@@]2(C)CC(=O)[C@@]34[H],0.0
C[C@@]13C=CC(=O)[C@@]1([H])C(=O)CC[C@@]4([H])[C@@]2([H])CC[C@@](O)(C(=O)CO)[C@@]2(C)C[C@@](O)([H])[C@@]34[H],0.0
C[C@@]12CCC(=O)C=C1CC[C@@]3([H])[C@@]2([H])CC[C@@]4(C)[C@@]3([H])CC[C@@]4(O)C(=O)CO,0.0
C[C@@]1([H])CCCC[C@@]1(N2CCCCC2)C=3[S]C=CC=3,1.0
C[C@@]12C[C@@](N)([H])[C@@]1([H])CN(C2)C4=NC=3N(/C=C(/C(O)=O)C(=O)C=3/C=C4/[F])[C@@]5([H])CC5,0.0
C[C@@](O)([H])[C@@]1([H])C(=O)N2C(=C([S][C@@]12[H])COC(N)=O)C(O)=O,1.0
C[C@@](N)([H])C/C1=C/C=C(/C=C1/C)N(C)C,1.0
C[C@@](O)([H])[C@@]1([H])C(=O)N2C(=C([S][C@@]12[H])[C@@]3([H])CCCO3)C(O)=O,1.0
C[C@@](N)([H])C(=O)C1=CC=CC=C1,1.0
C[C@@](O)([H])[C@@]2([H])C(=O)N3/C(=C(/[S][C@@]1([H])CN[C@@]([H])(C1)C(=O)N(C)C)[C@@](C)([H])[C@@]23[H])C(O)=O,0.0
C[C@@]([H])(O/C1=C/C=CC=C1)C(=O)N[C@@]2([H])C(=O)N3[C@@]2([H])[S]C(C)(C)[C@@]3([H])C(O)=O,0.0
C[C@@]1([H])O[C@@]([H])(C[C@@](N)([H])[C@@]1(O)[H])O[C@@]4([H])C[C@@](O)(C/C5=C(/O)C=3C(=O)C2=CC=CC=C2C(=O)C=3C(O)=C45)C(C)=O,0.0
C[C@@]1([H])O[C@@]([H])(C[C@@](N)([H])[C@@]1(O)[H])O[C@@]4([H])C[C@@](O)(C/C5=C(/O)C=3C(=O)C2=CC=CC=C2C(=O)C=3C(O)=C45)C(=O)CO,0.0
C[C@@]([H])(CN(C)C)CN2C1=CC=CC=C1[S]C3=C/C=C(/C#N)C=C23,1.0
C[C@@]([H])(C/C1=C/C=CC=C1)N[C@@]([H])(C#N)C2=CC=CC=C2,1.0
C[C@@]([H])(C/C1=C/C=CC=C1)N(C)CC#C,1.0
C[C@@]([H])(CC#N)N(C)CC(=O)N(C)C1=C/C=C(/[Cl])C=C1C(=O)C2=CC=C/C=C2/[F],0.0
C/N=C(/NCC[S]C/C1=C/[S]C(/N=C(/N)N)=N1)NC#N,1.0
C[C@@]([H])(OC(C)=O)C(=O)[C@@]3(O)CC[C@@]4([H])[C@@]2([H])CCC1=CC(=O)C=C[C@@]1(C)[C@@]2([F])[C@@](O)([H])C[C@@]34C,0.0
C[C@@]1([H])[C@@](O)([H])CC[C@@]2(C)[C@@]1([H])CC[C@@]3(C)[C@@]2([H])[C@@](O)([H])C[C@@]4([H])C(=C(CC/C=C(/C)C)C(O)=O)[C@@]([H])(C[C@@]34C)OC(C)=O,0.0
C/C2=C/C=CC(O[C@@]1([H])CCNC[C@@]1(O)[H])=C2C,1.0
C[C@@]2([H])OC(=O)C[C@@](O)([H])C[C@@](O)([H])C[C@@](O)([H])CC[C@@](O)([H])[C@@](O)([H])C[C@@]3(O)C[C@@](O)([H])[C@@]([H])(C(O)=O)[C@@]([H])(C[C@@]([H])(O[C@@]1([H])O[C@@](C)([H])[C@@](O)([H])[C@@](N)([H])[C@@]1(O)[H])C=CC=CC=CC=CC=CC=CC=C[C@@](C)([H])[C@@](O)([H])[C@@]2(C)[H])O3,0.0
C/C4=N/N=C(/[S]CC=1C[S][C@@]2([H])N(C=1C(O)=O)C(=O)[C@@]2([H])NC(=O)CN3C=NN=N3)[S]4,1.0
C/C4=N/N=C(/[S]CC=1C[S][C@@]2([H])N(C=1C(O)=O)C(=O)[C@@]2([H])NC(=O)[C@@](O)([H])C3=CC=CC=C3)[S]4,1.0
C(NO)(N)=O,1.0
C/C4=N/N=C(/[S]CC=1C[S][C@@]2([H])N(C=1C(O)=O)C(=O)[C@@]2([H])NC(=O)[C@@](N)([H])C3=C/C=C(/O)C=C3)[S]4,1.0
C/C1=C/C=C/C=C1/N4C(/C=C/C2=C/C=CC=N2)=NC3=CC=CC=C3C4=O,1.0
C(N1c2c(Sc3c1cccc3)cccc2)[C@H]1CN(C)CCC1,1.0
C(N1c2c(Sc3c1cccc3)cccc2)[C@@]1(C)CN(C)CC1,1.0
C(N1c2c(Sc3c1cccc3)cccc2)[C@@H]1C2CCN(C1)CC2,1.0
C(CCl)(F)(F)F,0.0
C/C1=C(/O)C=C/C=C1/C(=O)N[C@@]([H])(C[S]/C2=C/C=CC=C2)[C@@](O)([H])CN4C[C@@]3([H])CCCC[C@@]3([H])C[C@@]4([H])C(=O)NC(C)(C)C,1.0
C(Cn1c2c(c3c1cccc3)cccc2)CN1C[C@@H](C)N[C@@H](C)C1,1.0
C(N1C[C@@H](c2ccccc2)CC1)[C@H]1c2c(c3OCOc3cc2)CCC1,0.0
C(Cc2cn(Cc1ccccc1)c3ccccc23)c4ccncc4,0.0
C(=C)(Cl)(Cl)Cl,
C(C)[C@@]1(c2ccccc2)O[C@H]([C@@H]2NCCCC2)CO1,1.0
C([C@H]1NCCc2[nH]c3c(c12)CC=CC3)c1ccccc1,1.0
C[C@@]([H])(CNC(=O)C1=CC=CC=C1)C(=O)OCC(=O)[C@@]25OC(C)(C)O[C@@]2([H])C[C@@]6([H])[C@@]4([H])CCC3=CC(=O)C=C[C@@]3(C)[C@@]4([F])[C@@](O)([H])C[C@@]56C,0.0
Brc1cccc(c1)C2CC(=O)NC2=O,1.0
C(c1ccncc1)C4(Cc2ccncc2)c3cccnc3c5ncccc45,1.0
Brc3ccc2NC(=O)CN=C(c1ccccn1)c2c3,0.0
C/C1=C/C(O)=C(C=N1)C(=O)N[C@@]([H])(C(=O)N[C@@]2([H])C(=O)N3C(=C(C[S][C@@]23[H])C[S]/C4=N/N=NN4C)C(O)=O)C5=C/C=C(/O)C=C5,0.0
Brc1ccc([C@@H](OCCN(C)C)c2ccccc2)cc1,1.0
Brc1ccc(/C(=C/CN(C)C)/c2cnccc2)cc1,1.0
Brc1cc([C@H]2C(=O)NC(=O)C2)ccc1,1.0
Brc1cc2C(c3c(Cl)cccc3)=NC[C@@H](COC)N(C)c2cc1,0.0
Brc1cc(C)c(CCCCNC2=NC(=O)C(Cc3cnc(C)cc3)=CN2)nc1,1.0
Brc1cc2[C@@]3(c4c(F)cccc4)OCC[N@]3CC(=O)Nc2cc1,0.0
C(/C1=C/C=NC=C1)C4(C/C2=C/C=NC=C2)C3=CC=CN=C3C5=NC=CC=C45,1.0
Brc1c(CSCCNCNCC)nccc1.N#CN,1.0
C/C=C/[C@@]1([H])O[C@@]34CC[C@@](O1)(C(=O)COC(=O)C2=CC=NC=C2)[C@@]3(C)C[C@@](O)([H])[C@@]5([H])[C@@]4([H])CCC6=CC(=O)CC[C@@]56C,0.0
Brc1cc([C@@H]2c3c(cc(Cl)c(O)c3)CCN(C)C2)c2OCCc2c1,0.0
Brc1c(OC)c(C(=O)NC[C@H]2N(CC)CCC2)c(OC)cc1,1.0
BrC(Br)Br,
BrC(C(F)(F)F)F,0.0
Br[C@H](F)CC(F)(F)F,0.0
Br[C@H](F)C(F)(F)OC,1.0
Br[C@H](F)C(F)(F)F,0.0
Br[C@](C(=O)N)(C(C)C)CC,1.0
BrC(=C)CC1(CC=C)C(=O)NC(=O)NC1=O,1.0
Br[C@@H](Cl)C(F)(F)F,0.0
Br[C@@H](C(=O)NC(=O)N)C(C)C,1.0
Brc1c2C(=O)N3[C@H](c4c(C(OC(C)(C)C)=O)ncn4-c2ccc1)CCC3,1.0
[N+H3][C-](Nc1scc(C)n1)N,1.0
[O-][N+]([C@H](Cc1ccccc1)C)(Cc1ccccc1)C,1.0
[N+H3][C-](NC[C@@H]1OC2(OC1)CCCCC2)N,1.0
[N+]([C@@H](CC(c1ccccc1)c1ccccc1)C)(CC)(C)[C-H2],0.0
[N@]12[C@H](c3c(cccc3)CC1)CNCC2,1.0
[H][C@@]2(CN1CC[S]C1=N2)C3=CC=CC=C3,1.0
[H][C@@]4(C/C1=C/C=CC=C1)NCCC3=NC2=CC=CCC2=C34,1.0
[N@]12[C@@H](c3c4[C@@H](c5c(cccc5)CCc4ccc3)C1)CCCC2,1.0
BrC=1C(=O)C=C2[C@@H](F)C[C@@H]3[C@](F)([C@H](O)C[C@]4(C)[C@@](OC(=O)C)(C(=O)COC(=O)C)CC[C@@H]34)[C@@]2(C)C=1,0.0
[H][C@@]1(CCCCN1)[C@@]2([H])COC(O2)(C3=CC=CC=C3)C4=CC=CC=C4,1.0
Br[C@@H]1[C@]2(Br)[C@@](C)([C@H]3[C@H]([C@H]4[C@](C)([C@H]([C@H](CCCC(C)C)C)CC4)CC3)C1)CC[C@H](OC(=O)C)C2,0.0
[F]C([F])([F])[C@@]1(OC(=O)NC2=C/C=C(/[Cl])C=C12)C#C[C@@]3([H])CC3,0.0
[F]C([F])([F])C1=CC=CC(=C1)N2CCN(CC2)CC/C3=N/N=C4N3C[C@@]5([H])CCC[C@@]45[H],0.0
[F]/C1=C/C=C(C=C1)[C@@]2([H])CCNC[C@@]2([H])CO/C4=C/C=C3OCOC3=C4,0.0
[Cl]C=1C=CC(=CC=1[Cl])CC(=O)N2CCN(C[C@@]2([H])CN3CCCC3)C(=O)C,1.0
[F]/C1=C/C=C(C=C1)[C@@]4([H])C[C@@]5([H])CN(CCN3C(=O)NC2=CC=CC=C2C3=O)C[C@@]45[H],0.0
[Cl]C=1C=C3C(=CC=1)OC2=CC=CC=C2[C@@]4([H])CNC[C@@]34[H],1.0
[F]/C2=C/C=1ON=C(C=1C=C2)[C@@]5([H])CCN(CCC=4C(=O)N3CCC[C@@](O)([H])C3=NC=4C)CC5,1.0
[Cl]/C4=C/C2=C(OC1=CC=CC=C1[C@@]3([H])CNCC[C@@]23[H])C=C4,1.0
[Cl]/C4=C/C2=C(OC1=CC=CC=C1[C@@]3([H])CN(C)CC[C@@]23[H])C=C4,1.0
[Cl]/C3=C/C=C2NC(=O)CN(=O)=C(/C1=C/C=CC=C1)C2=C3,1.0
[Cl]/C3=C/C=C2N(CC#C)C(=O)C/N=C(/C1=C/C=CC=C1)C2=C3,1.0
[Cl]/C1=C/C=C(N=N1)N2CCN(CC2)C/C=C/C3=C/C=CC=C3,1.0
[Cl]/C3=C/C=C2N=C(CN(=O)=C(/C1=C/C=CC=C1)C2=C3)NCC4([H])CC4,1.0
[Cl]/C1=C/C=C(C=C1)[C@@]23C[C@@]2([H])C(=O)NC3=O,0.0
[Cl]/C1=C/C=CC2=C1C(=O)N(C)CC=3N2C=NC=3C=4N=C(ON=4)[C@@](C)(O)CO,1.0
[Cl]/C1=C/C(=CC(=N1)N3CCN(CCCCN2CCCC2=O)CC3)C([F])([F])[F],0.0
[Cl]/C1=C/C=C(C=C1)[C@@]3([H])[C@@]2([H])CC[C@@]([H])(C2)[C@@]34CCC(=N4)N5CCOCC5,0.0
[Cl]/C1=C/C(=C/C=C1/[Cl])CC(=O)N3CCN2C=CN=C2[C@@]3([H])CN4C[C@@](O)([H])CC4,0.0
[Cl]/C1=C/C(=C/C=C1/[Cl])CC(=O)N3CCC=2NC=NC=2[C@@]3([H])CN4C[C@@](O)([H])CC4,1.0
[Cl]/C1=C/C(=C/C=C1/[Cl])CC(=O)N2CCN(C[C@@]2([H])CN3CCCC3)C(=O)OCC,1.0
[Cl]/C1=C/C(=C/C=C1/[Cl])CC(=O)N2CCN(C[C@@]2([H])CN3CCCC3)C(=O)OC,1.0
Brc1[nH]c2c3c(ccc2)C=2[C@H](N(C)C[C@H](C(=O)N[C@@]4(C(C)C)C(=O)N5[C@@H](CC(C)C)C(=O)N6[C@@H]([C@]5(O)O4)CCC6)C=2)Cc13,1.0
[Cl]/C1=C/C(=C/C=C1/[Cl])CC(=O)N2CCN(C[C@@]2([H])CN3C[C@@](O)([H])CC3)CCO,0.0
[Cl]/C(=C/N1C=NC=N1)C2=C/C=C(/[Cl])C=C2[Cl],1.0
[Cl]/C1=C/C(=C/C=C1/[Cl])CC(=O)N2CCN(C)C[C@@]2([H])CN3CCCC3,1.0
[C-]#[N+]C(=CC1=CC=C(C=C1)O)C(=CC2=CC=C(C=C2)O)[N+]#[C-],1.0
[C@H]1(c2ccccc2)N[C@@H]2SCC[N@@]2C1,1.0
[Cl]/C1=C/C(=C/C=C1/[Cl])CC(=O)N2CCC(C)(C)C[C@@]2([H])CN3CCCC3,1.0
[C@H](CCC)(CC)C,1.0
[C@H]1(c2ccccc2)[N@]2[C@@H](NC1)NCC2,1.0
[C@H](CCC)(Cc1ccccc1)N1CCCC1,1.0
[C@H](C)(n1c(C)ncc1)c1ccccc1,1.0
[Cl]/C1=C/C(=C/C=C1/[Cl])CC(=O)N2CC[C@@]4(C[C@@]2([H])CN3CCCC3)NC(=O)NC4=O,0.0
[C@H]1([C@@H]2NCCCC2)OC(c2ccccc2)(c2ccccc2)OC1,1.0
C(C1C(NC(Cc2c[nH]cn2)C(NC(C(NC(C(=O)NC(C(NC(C(NC(C(N1)=O)C(CC)C)=O)CCCN)=O)CCCCNC(C(NC(C(NC(C(NC(C1N=C(C(C(CC)C)N)SC1)=O)CC(C)C)=O)CCC(O)=O)=O)C(CC)C)=O)CC(N)=O)=O)CC(O)=O)=O)=O)c1ccccc1,1.0
C[C@@]1([H])O[C@@]([H])(C[C@@](O)([H])[C@@]1(O)[H])O[C@@]2([H])[C@@](O)([H])C[C@@]([H])(O[C@@]2(C)[H])O[C@@]8([H])[C@@](O)([H])C[C@@]([H])(O[C@@]7([H])CC[C@@]3(C)[C@@]([H])(CC[C@@]4([H])[C@@]3([H])C[C@@](O)([H])[C@@]5(C)[C@@]([H])(CC[C@@]45O)C6=CC(=O)OC6)C7)O[C@@]8(C)[H],1.0
